"ViajeId"	"MUESTRA"	"VALIDAR"	"GENERO"	"TIEMPO_PROFESION"	"HORAS_TRABAJO"	"NIVEL_EDUCATIVO"	"EDAD"	"DISTAlt1"	"TIEMPOAlt1"	"CONG_A1"	"DISTAlt2"	"TIEMPOAlt2"	"CONG_A2"	"DISTAlt3"	"TIEMPOAlt3"	"CONG_A3"	"DISTEC"	"TIEMPOEC"	"Semaf_A1"	"Semaf_A2"	"Semaf_A3"	"Semaf_EC"	"CamFD_A1"	"CamFD_A2"	"CamFD_A3"	"CamFD_EC"	"ZER_A1"	"ZER_A2"	"ZER_A3"	"ZER_EC"	"MtrP_A1"	"MtrP_A2"	"MtrP_A3"	"MtrP_EC"	"Acc_EC"	"Acc_A1"	"Acc_A2"	"Acc_A3"	"Paneles_EC"	"Paneles_A1"	"Paneles_A2"	"Paneles_A3"	"INFOTRAFICO"	"CLIMA"	"CONGESTION"	"PAVIMENTO"	"INCIDENTE"	"MERIDIANO"	"HPICOHVALLE"	"COSTO"	"CHOICE"	"Experiencia"	"PasoPeaton"	"UsoPito"	"CinSeg"	"FRbr"	"UsoDirec"	"EnfCond"	"AFrSem"	"CulFr"	"OmLmVel"	"IgPare"	"UsoCel"	"ComVrb"	"Ans"	"ComAfec"	"PrPer"	"AmbTr"	"StrC"	"ConCl"	"DispMob"	"Satisf_DispMob"	"JOVEN30"	"ADULTO40"	"ADULTO60"	"ADULTOMAYOR"	"EDUBASICA"	"EDUSUP"	"EDUNR"	"HPICO"	"HVALLE"	"CSECO"	"CLLUVIA"	"CONG_AB_A1"	"CONG_CD_A1"	"CONG_EF_A1"	"CONG_AB_A2"	"CONG_CD_A2"	"CONG_EF_A2"	"CONG_AB_A3"	"CONG_CD_A3"	"CONG_EF_A3"	"CONG_AB_EC"	"CONG_CD_EC"	"CONG_EF_EC"	"SININFOTRF"	"CONINFOTRF"	"USOCINTURON"	"NOUSOCINTURON"	"USODISPMOB"	"NOUSODISPMOB"	"NO_MTRP_A1"	"NO_MTRP_A2"	"NO_MTRP_A3"	"NO_MTRP_EC"	"SI_MTRP_A1"	"SI_MTRP_A2"	"SI_MTRP_A3"	"SI_MTRP_EC"	"NO_ZER_A1"	"NO_ZER_A2"	"NO_ZER_A3"	"NO_ZER_EC"	"SI_ZER_A1"	"SI_ZER_A2"	"SI_ZER_A3"	"SI_ZER_EC"	"HTRB_1"	"HTRB_2"	"HTRB_3"	"SEMF_A1_1"	"SEMF_A1_2"	"SEMF_A1_3"	"SEMF_A2_1"	"SEMF_A2_2"	"SEMF_A2_3"	"SEMF_A3_1"	"SEMF_A3_2"	"SEMF_A3_3"	"SEMF_EC_1"	"SEMF_EC_2"	"SEMF_EC_3"	"NO_CAMFD_A1"	"SI_CAMFD_A1"	"NO_CAMFD_A2"	"SI_CAMFD_A2"	"NO_CAMFD_A3"	"SI_CAMFD_A3"	"NO_CAMFD_EC"	"SI_CAMFD_EC"	"ACC_A1_0"	"ACC_A1_1"	"ACC_A1_2"	"ACC_A2_0"	"ACC_A2_1"	"ACC_A2_2"	"ACC_A3_0"	"ACC_A3_1"	"ACC_A3_2"	"ACC_EC_0"	"ACC_EC_1"	"ACC_EC_2"	"NO_PANEL_A1"	"SI_PANEL_A1"	"NO_PANEL_A2"	"SI_PANEL_A2"	"NO_PANEL_A3"	"SI_PANEL_A3"	"NO_PANEL_EC"	"SI_PANEL_EC"	"EXP_1"	"EXP_2"	"EXP_3"	"EXP_4"	"EXP_5"	"SEM_A1_km"	"SEM_A2_km"	"SEM_A3_km"	"SEM_EC_km"	"Panel_A1_km"	"Panel_A2_km"	"Panel_A3_km"	"Panel_EC_km"	"ZER_A1_km"	"ZER_A2_km"	"ZER_A3_km"	"ZER_EC_km"
"1"	"{00793F3F-F1CC-E811-914C-74867AD5B714}"	0	1	1	10	14	1	4	10.1	24	2	11.1	27	3	8.4	30	3	7.73476294124306	22.1199999968211	21	20	21	18	3	2	5	5	0	0	1	0	2	2	1	1	0	0	0	0	0	2	0	0	1	2	2	1	1	2	1	14800	3	4	5	2	1	2	4	2	2	2	2	2	4	1	3	2	2	2	3	1	3	2	0	0	0	1	1	0	0	1	0	0	1	0	1	0	0	0	1	0	0	1	1	0	0	1	0	0	1	1	0	0	0	0	0	1	1	1	1	1	1	0	1	0	0	1	0	0	0	1	0	0	1	0	0	1	0	0	1	0	0	1	0	1	0	1	0	1	0	1	1	0	0	1	0	0	1	0	0	1	0	0	0	1	1	0	1	0	1	0	0	0	0	1	0	2.07920792079208	1.8018018018018	2.5	2.32715600164305	0.198019801980198	0	0	0	0	0	0.119047619047619	0
"3"	"{01579974-02D2-E811-8FB7-74867AD5B714}"	0	1	1	10	12	4	2	5.8	18	3	5.4	20	3	6.7	25	3	4.6118611667335	19.8945500016212	14	17	12	12	2	0	2	1	0	0	1	1	2	2	2	0	0	0	0	1	0	0	0	2	1	1	2	1	1	1	2	9800	4	4	3	2	2	2	5	2	2	3	2	2	2	5	1	1	3	3	1	1	1	0	0	1	0	0	0	0	1	0	1	1	0	0	0	1	0	0	1	0	0	1	1	0	0	1	0	1	0	0	1	0	0	0	1	1	1	1	0	1	1	0	0	0	0	1	1	0	0	1	0	1	0	0	0	1	0	1	0	0	1	0	0	1	1	0	0	1	0	1	1	0	0	1	0	0	0	1	0	1	0	0	1	0	1	0	0	1	1	0	0	0	0	1	0	2.41379310344828	3.14814814814815	1.7910447761194	2.60198639251307	0	0	0.298507462686567	0	0	0	0.149253731343284	0.216832199376089
"12"	"{071F74A3-0FD2-E811-8FB7-74867AD5B714}"	0	1	1	7	12	1	3	3.4	10	3	4.2	12	2	3.9	14	3	2.76399721459216	7.22566666603088	11	13	13	11	2	3	2	2	3	6	6	0	1	2	1	1	1	0	0	0	0	0	1	1	1	1	1	1	1	1	2	7300	1	3	4	1	2	1	1	1	1	1	1	1	2	5	2	2	2	3	1	1	1	0	0	0	1	0	1	0	0	0	1	1	0	0	0	1	0	1	0	0	0	1	1	0	0	1	0	1	0	0	1	0	0	0	0	1	1	1	1	0	0	0	1	1	1	1	0	0	0	1	0	1	0	0	1	0	0	1	0	0	1	0	0	1	0	1	0	1	0	1	1	0	0	1	0	0	1	0	0	0	1	0	1	0	0	1	0	1	1	0	0	0	1	0	0	3.23529411764706	3.09523809523809	3.33333333333333	3.97974351852706	0	0.238095238095238	0.256410256410256	0	0.882352941176471	1.42857142857143	1.53846153846154	0
"14"	"{09CAC4F7-D8D2-E811-8FB7-74867AD5B714}"	0	1	1	18	12	4	3	2.4	8	2	2.4	8	1	2.6	9	2	2.46359452833276	8.91083333492279	5	5	5	5	1	1	1	0	0	0	0	0	0	0	0	0	0	0	0	0	0	0	0	0	1	1	1	1	1	1	2	6600	2	5	3	2	2	2	5	2	2	2	2	2	2	3	1	1	1	1	1	1	1	0	0	0	1	0	0	0	1	0	1	1	0	0	1	0	1	0	0	0	1	0	1	0	0	1	0	1	0	0	1	1	1	1	1	0	0	0	0	1	1	1	1	0	0	0	0	0	0	1	1	0	0	1	0	0	1	0	0	1	0	0	0	1	0	1	0	1	1	0	1	0	0	1	0	0	1	0	0	1	0	0	1	0	1	0	1	0	1	0	0	0	0	0	1	2.08333333333333	2.08333333333333	1.92307692307692	2.02955475931494	0	0	0	0	0	0	0	0
"16"	"{0B4811D4-93C6-E811-914C-74867AD5B714}"	0	1	1	10	16	2	2	7.3	19	3	8.1	20	3	6.8	20	3	6.60283796996291	20.5518833359083	18	27	21	22	4	1	5	4	0	0	0	0	2	2	2	2	0	0	0	0	0	1	1	1	1	1	4	1	1	2	2	12500	3	4	2	2	2	1	4	1	1	1	1	1	1	4	4	2	1	1	3	1	4	1	0	1	0	0	0	1	0	0	1	1	0	0	0	1	0	0	1	0	0	1	0	1	0	1	0	1	0	1	0	0	0	0	0	1	1	1	1	1	1	1	1	0	0	0	0	0	0	1	0	0	1	0	0	1	0	0	1	0	0	1	0	1	0	1	0	1	0	1	1	0	0	1	0	0	1	0	0	1	0	0	0	1	0	1	0	1	1	0	0	0	0	1	0	2.46575342465753	3.33333333333333	3.08823529411765	3.33190063122563	0.136986301369863	0.123456790123457	0.147058823529412	0	0	0	0	0
"17"	"{0C1D8C2A-12E2-E811-8FB7-74867AD5B714}"	0	1	1	20	15	1	3	5.7	23	3	5.4	30	3	5.7	34	3	5.18778293730232	70.8360499978066	13	13	12	12	1	4	3	3	3	2	1	0	1	2	2	2	1	1	0	0	1	0	1	1	2	2	6	2	1	2	2	21500	3	5	1	3	2	1	3	3	1	4	1	1	1	4	4	4	2	1	5	2	2	2	0	0	1	0	1	0	0	0	1	0	1	0	0	1	0	0	1	0	0	1	0	0	1	0	1	1	0	1	0	0	0	0	0	1	1	1	1	0	0	0	1	1	1	1	0	0	0	1	0	1	0	0	1	0	0	1	0	0	1	0	0	1	0	1	0	1	0	1	0	1	0	1	0	0	1	0	0	0	1	0	1	0	0	1	0	1	0	1	0	0	0	0	1	2.28070175438596	2.40740740740741	2.10526315789474	2.31312684918157	0	0.185185185185185	0.175438596491228	0.19276057076513	0.526315789473684	0.37037037037037	0.175438596491228	0
"34"	"{160BB759-80CD-E811-914C-74867AD5B714}"	0	1	1	20	15	2	3	5.1	13	2	5.4	14	2	5.3	16	3	3.80938883249998	11.7963333328565	6	8	8	7	1	3	2	1	1	1	0	1	0	0	0	0	0	0	0	0	2	2	0	0	1	1	2	1	1	2	1	8600	1	5	3	2	1	2	5	2	2	3	2	2	3	2	1	1	1	3	1	1	1	0	0	0	1	0	0	1	0	1	0	1	0	0	1	0	0	1	0	0	0	1	1	0	0	1	0	0	1	0	1	1	1	1	1	0	0	0	0	0	0	1	0	1	1	0	1	0	0	1	1	0	0	0	1	0	0	1	0	1	0	0	0	1	0	1	0	1	0	1	1	0	0	1	0	0	1	0	0	1	0	0	0	1	1	0	1	0	0	1	0	0	0	0	1	1.17647058823529	1.48148148148148	1.50943396226415	1.8375651076307	0.392156862745098	0	0	0.525018602180199	0.196078431372549	0.185185185185185	0	0.2625093010901
"42"	"{1B8E1A94-98C2-E811-914C-74867AD5B714}"	0	1	1	8	12	1	3	4.8	14	3	4.7	17	3	5.3	18	3	4.6130956407692	14.6347333351771	8	14	8	8	2	2	1	2	0	2	0	0	1	2	1	1	0	0	0	0	0	1	0	0	1	2	2	1	1	2	1	10000	1	3	4	2	2	4	5	4	4	4	2	2	4	3	3	2	2	2	3	1	1	6	0	0	1	0	1	0	0	1	0	0	1	0	0	1	0	0	1	0	0	1	1	0	0	1	0	1	0	0	1	0	0	0	0	1	1	1	1	1	0	1	1	0	1	0	0	0	0	1	0	1	0	0	1	0	0	1	0	0	1	0	0	1	0	1	0	1	0	1	1	0	0	1	0	0	1	0	0	1	0	0	0	1	1	0	1	0	1	0	0	0	1	0	0	1.66666666666667	2.97872340425532	1.50943396226415	1.73419339701053	0.208333333333333	0	0	0	0	0.425531914893617	0	0
"44"	"{1CEB8473-D4DE-E811-8FB7-74867AD5B714}"	0	1	1	14	14	2	3	6.3	22	3	6.6	25	3	7.6	26	3	6.33638655798182	26.6689500013987	19	19	20	17	4	3	3	4	2	0	1	0	1	1	1	1	0	0	0	0	0	1	1	1	1	1	1	1	1	2	1	13000	1	5	4	1	2	1	4	1	1	1	1	1	2	5	2	1	1	1	1	1	1	4	0	0	1	0	0	1	0	1	0	1	0	0	0	1	0	0	1	0	0	1	1	0	0	1	0	1	0	0	1	0	0	0	0	1	1	1	1	0	1	0	1	1	0	1	0	0	0	1	0	0	1	0	0	1	0	0	1	0	0	1	0	1	0	1	0	1	0	1	1	0	0	1	0	0	1	0	0	1	0	0	0	1	0	1	0	1	1	0	0	0	0	0	1	3.01587301587302	2.87878787878788	2.63157894736842	2.68291712389066	0.158730158730159	0.151515151515152	0.131578947368421	0	0.317460317460317	0	0.131578947368421	0
"45"	"{1CF86FD7-96E2-E811-8FB7-74867AD5B714}"	0	1	1	12	15	1	3	6.7	17	2	6.9	20	3	7.3	21	3	7.08514356867066	20.6709999998411	10	10	14	9	2	2	3	3	0	0	4	0	1	2	1	2	0	0	0	0	2	2	2	0	1	1	4	1	1	1	1	12500	4	4	1	1	2	1	4	1	1	4	1	1	2	4	1	1	3	1	1	1	4	3	0	0	1	0	1	0	0	1	0	1	0	0	1	0	0	0	1	0	0	1	0	1	0	1	0	1	0	1	0	0	0	0	0	1	1	1	1	1	1	0	1	0	0	1	0	0	0	1	0	1	0	0	1	0	0	1	0	0	1	0	0	1	0	1	0	1	0	1	1	0	0	1	0	0	1	0	0	1	0	0	0	1	0	1	1	0	0	1	0	0	0	1	0	1.49253731343284	1.44927536231884	1.91780821917808	1.2702636033794	0.298507462686567	0.289855072463768	0	0.282280800750979	0	0	0.547945205479452	0
"62"	"{2BA6331C-A0C6-E811-914C-74867AD5B714}"	0	1	1	1	12	1	1	7.1	20	3	8.5	22	3	7.3	25	3	7.46795409376879	23.3891666650772	12	11	19	21	3	2	4	3	0	0	0	0	1	1	2	2	0	0	0	0	0	1	0	0	2	1	2	2	1	2	1	13000	3	1	2	5	2	2	3	2	2	2	2	3	2	5	2	2	2	1	2	3	1	4	1	0	0	0	1	0	0	1	0	1	0	0	0	1	0	0	1	0	0	1	1	0	0	0	1	1	0	0	1	0	0	0	0	1	1	1	1	1	1	1	1	0	0	0	0	0	0	1	0	1	0	0	1	0	0	0	1	0	0	1	0	1	0	1	0	1	0	1	1	0	0	1	0	0	1	0	0	1	0	0	0	1	1	0	1	0	1	0	1	0	0	0	0	1.69014084507042	1.29411764705882	2.6027397260274	2.8120151431464	0.140845070422535	0	0	0	0	0	0	0
"65"	"{2C98D15C-8366-E811-95E4-74867AD5B714}"	0	1	1	25	10	0	4	6	17	3	4.5	20	3	4.9	22	3	5.42730943222081	12.7379999995232	9	16	17	9	1	3	2	0	1	2	3	0	1	2	2	1	0	0	0	0	0	0	0	0	1	1	5	1	1	1	1	9900	1	5	1	1	2	1	3	1	1	1	4	1	2	3	4	4	5	5	3	5	1	0	0	0	0	1	1	0	0	1	0	1	0	0	0	1	0	0	1	0	0	1	0	0	1	1	0	1	0	0	1	0	0	0	0	1	1	1	1	0	0	0	1	1	1	1	0	0	1	0	0	1	0	0	0	0	0	0	1	0	1	0	0	1	0	1	0	1	1	0	1	0	0	1	0	0	1	0	0	1	0	0	1	0	1	0	1	0	1	0	0	0	0	0	1	1.5	3.55555555555556	3.46938775510204	1.65828024224469	0	0	0	0	0.166666666666667	0.444444444444444	0.612244897959184	0
"66"	"{2CA75D4B-DBC5-E811-914C-74867AD5B714}"	0	1	1	3	12	1	3	5.1	15	2	7.3	16	2	6.7	18	2	4.73736064190911	17.7182666699092	13	11	11	13	4	4	4	4	1	1	1	1	2	2	2	2	0	0	0	0	0	0	0	0	1	1	1	1	1	2	1	9500	1	2	4	1	2	1	4	1	1	1	1	1	2	5	2	1	1	1	1	1	1	0	0	0	1	0	1	0	0	1	0	1	0	0	1	0	0	1	0	0	1	0	1	0	0	1	0	1	0	0	1	0	0	0	0	1	1	1	1	0	0	0	0	1	1	1	1	0	0	1	0	1	0	0	1	0	0	1	0	0	1	0	0	1	0	1	0	1	0	1	1	0	0	1	0	0	1	0	0	1	0	0	1	0	1	0	1	0	1	0	0	1	0	0	0	2.54901960784314	1.50684931506849	1.64179104477612	2.7441440461584	0	0	0	0	0.196078431372549	0.136986301369863	0.149253731343284	0.211088003550646
"68"	"{2D736D0E-A2DC-E811-8FB7-74867AD5B714}"	0	1	1	28	15	1	3	6.6	23	3	6.7	27	3	6.5	26	3	5.91130071093373	33.6188999970754	8	19	17	16	2	3	2	2	2	0	2	1	1	1	1	1	0	0	0	0	0	1	0	0	1	2	3	1	1	2	1	14000	3	5	3	3	2	1	4	3	1	1	1	1	3	4	1	1	3	2	1	1	1	6	0	0	1	0	1	0	0	1	0	0	1	0	0	1	0	0	1	0	0	1	0	1	0	1	0	1	0	0	1	0	0	0	0	1	1	1	1	0	1	0	0	1	0	1	1	0	0	1	0	1	0	0	0	1	0	0	1	0	0	0	0	1	0	1	0	1	0	1	1	0	0	1	0	0	1	0	0	1	0	0	0	1	1	0	1	0	1	0	0	0	0	0	1	1.21212121212121	2.83582089552239	2.61538461538462	2.70668010010147	0.151515151515152	0	0	0	0.303030303030303	0	0.307692307692308	0.169167506256342
"75"	"{33DEF5A1-5DE8-E811-8FB7-74867AD5B714}"	0	1	1	25	15	1	3	6.4	29	3	6.3	30	3	6.7	30	3	6.00751792225942	39.7268333355586	11	8	6	16	1	1	2	2	0	0	0	3	2	2	2	2	0	0	0	0	1	1	1	0	2	2	6	1	1	2	2	14400	4	5	5	2	2	4	5	2	2	5	2	2	4	3	1	1	1	1	1	1	1	0	0	0	1	0	1	0	0	0	1	0	1	0	0	1	0	0	1	0	0	1	0	0	1	0	1	1	0	0	1	0	0	0	0	1	1	1	1	1	1	1	0	0	0	0	1	0	0	1	0	1	0	0	1	0	1	0	0	0	0	0	0	1	0	1	0	1	0	1	1	0	0	1	0	0	1	0	0	1	0	0	0	1	0	1	1	0	0	1	0	0	0	0	1	1.71875	1.26984126984127	0.895522388059702	2.66332954924959	0.15625	0.158730158730159	0	0.166458096828099	0	0	0	0.499374290484298
"96"	"{47212798-FAEB-E811-8FB7-74867AD5B714}"	0	1	1	35	12	1	3	5.2	16	2	7.5	21	3	5.2	16	0	7.9856613284706	18.8832833329837	13	13	13	15	2	3	999	2	1	1	1	1	2	2	999	2	0	1	0	999	0	0	0	1	1	2	4	1	1	1	2	10400	1	5	4	2	2	1	4	2	1	2	1	1	2	2	1	1	1	1	1	1	1	0	0	0	1	0	1	0	0	0	1	0	1	0	1	0	0	0	1	0	1	0	0	1	0	1	0	1	0	0	1	0	0	0	0	1	1	1	1	0	0	0	0	1	1	1	1	0	0	1	0	1	0	0	1	0	0	0	1	0	1	0	0	1	0	1	0	1	0	1	0	1	0	1	0	0	0	0	1	1	0	0	1	0	1	0	0	1	1	0	0	0	0	0	1	2.5	1.73333333333333	2.5	1.87836666031926	0	0	0.192307692307692	0	0.192307692307692	0.133333333333333	0.192307692307692	0.125224444021284
"109"	"{4FBD7528-FBE8-E811-8FB7-74867AD5B714}"	0	1	1	8	14	1	2	5.5	17	3	6.1	21	3	7.2	26	3	4.62833208804925	15.8730666677157	8	14	9	11	2	0	2	2	0	0	0	0	2	2	1	1	0	0	0	0	1	1	1	1	1	1	2	1	1	2	1	9200	1	3	5	2	1	2	5	2	2	3	2	2	3	2	1	1	3	3	1	1	1	0	0	1	0	0	1	0	0	1	0	1	0	0	0	1	0	0	1	0	0	1	1	0	0	1	0	0	1	0	1	0	0	0	0	1	1	1	1	1	1	1	1	0	0	0	0	0	0	1	0	1	0	0	1	0	0	1	0	0	1	0	0	1	1	0	0	1	0	1	1	0	0	1	0	0	1	0	0	1	0	0	0	1	0	1	0	1	0	1	0	0	1	0	0	1.45454545454545	2.29508196721312	1.25	2.37666610578851	0.181818181818182	0.163934426229508	0.138888888888889	0.216060555071682	0	0	0	0
"115"	"{514E2B7D-02D6-E811-8FB7-74867AD5B714}"	0	1	1	20	14	1	3	4.8	14	2	5.3	17	2	6.5	18	2	4.56210227379283	15.5092333316803	14	13	15	14	3	2	3	3	0	0	0	0	2	2	1	2	0	0	0	1	0	0	0	0	1	1	1	1	1	1	1	9300	1	5	4	1	2	1	2	1	1	1	1	1	2	5	3	1	3	3	1	1	1	0	0	0	1	0	1	0	0	1	0	1	0	0	1	0	0	1	0	0	1	0	1	0	0	1	0	1	0	0	1	0	0	0	0	1	1	1	1	1	1	1	1	0	0	0	0	0	0	1	0	1	0	0	1	0	0	1	0	0	1	0	0	1	0	1	0	1	0	1	1	0	0	1	0	0	0	1	0	1	0	0	1	0	1	0	1	0	1	0	0	0	0	0	1	2.91666666666667	2.45283018867925	2.30769230769231	3.06876066335109	0	0	0	0	0	0	0	0
"119"	"{536715D9-2DC7-E811-914C-74867AD5B714}"	0	1	1	5	12	1	2	4.7	12	2	5.3	13	2	6.4	17	3	4.23554152460858	17.95643333594	11	8	18	8	3	3	6	3	0	0	0	0	0	0	0	0	0	0	0	0	0	1	0	0	1	1	3	1	1	2	1	9300	4	2	5	3	2	2	5	2	2	2	2	2	2	4	1	1	3	3	2	1	3	2	0	1	0	0	1	0	0	1	0	1	0	0	1	0	0	1	0	0	0	1	0	1	0	1	0	1	0	1	0	1	1	1	1	0	0	0	0	1	1	1	1	0	0	0	0	0	0	1	0	1	0	0	1	0	0	0	1	0	1	0	0	1	0	1	0	1	0	1	1	0	0	1	0	0	1	0	0	1	0	0	0	1	1	0	1	0	1	0	0	1	0	0	0	2.34042553191489	1.50943396226415	2.8125	1.88877855488368	0.212765957446809	0	0	0	0	0	0	0
"122"	"{54F72912-A0D4-E811-8FB7-74867AD5B714}"	0	1	2	1	12	2	3	11.6	24	2	8.2	27	3	9.8	26	3	7.70884999009309	30.1344000021617	21	21	16	21	7	4	6	4	1	0	0	0	2	1	1	1	0	2	1	1	1	1	0	1	1	2	2	1	1	2	1	15300	2	1	4	1	2	2	4	1	1	1	1	1	1	4	2	1	1	1	4	1	1	0	0	0	1	0	0	1	0	1	0	0	1	0	1	0	0	0	1	0	0	1	1	0	0	1	0	1	0	0	1	0	0	0	0	1	1	1	1	0	1	1	1	1	0	0	0	0	0	1	0	0	1	0	0	1	0	0	0	0	0	1	0	1	0	1	0	1	0	1	0	0	1	0	1	0	0	1	0	1	0	0	0	1	1	0	0	1	0	1	1	0	0	0	0	1.81034482758621	2.5609756097561	1.63265306122449	2.72414173670364	0.0862068965517241	0	0.102040816326531	0.129721035081126	0.0862068965517241	0	0	0
"127"	"{57646952-ACCC-E811-914C-74867AD5B714}"	0	1	1	4	13	2	2	2.4	8	2	2.6	10	2	3.4	10	2	2.79338084021125	9.60693333148956	4	5	4	4	1	1	1	1	0	0	0	0	0	0	0	0	0	0	0	0	0	0	0	0	1	1	1	1	1	1	1	7000	1	2	5	2	2	2	5	2	2	2	2	2	4	5	1	1	2	4	1	2	5	2	0	1	0	0	0	1	0	1	0	1	0	0	1	0	0	1	0	0	1	0	1	0	0	1	0	1	0	1	0	1	1	1	1	0	0	0	0	1	1	1	1	0	0	0	0	0	0	1	1	0	0	1	0	0	1	0	0	1	0	0	0	1	0	1	0	1	0	1	1	0	0	1	0	0	1	0	0	1	0	0	1	0	1	0	1	0	1	0	0	1	0	0	0	1.66666666666667	1.92307692307692	1.17647058823529	1.43195655329887	0	0	0	0	0	0	0	0
"133"	"{60D70C69-4FCB-E811-914C-74867AD5B714}"	0	1	1	9	16	1	3	5.6	18	3	4.7	19	3	4.9	20	3	4.60026668614235	18.2788333336512	21	20	17	10	3	2	2	3	2	6	0	0	2	2	2	1	0	0	0	0	0	0	1	0	2	2	2	1	1	2	2	10000	2	4	2	5	2	4	4	5	4	4	4	2	5	1	5	5	4	4	5	5	1	0	0	0	1	0	1	0	0	0	1	0	1	0	0	1	0	0	1	0	0	1	1	0	0	0	1	1	0	0	1	0	0	0	0	1	1	1	1	0	0	1	1	1	1	0	0	0	0	1	0	0	1	0	0	1	0	0	1	0	1	0	0	1	0	1	0	1	0	1	1	0	0	1	0	0	1	0	0	1	0	0	1	0	0	1	1	0	1	0	0	0	0	1	0	3.75	4.25531914893617	3.46938775510204	2.17378701763608	0	0.212765957446809	0	0	0.357142857142857	1.27659574468085	0	0
"134"	"{6113CA0C-0CD2-E811-8FB7-74867AD5B714}"	0	1	1	10	8	3	4	5.3	13	2	5.4	14	2	5.3	13	0	4.98484594165401	17.2079499999682	9	14	9	12	2	2	999	2	0	0	0	0	1	2	999	1	0	1	0	999	0	0	0	1	1	1	3	1	1	1	2	10000	4	4	5	2	2	2	5	2	2	2	2	2	2	5	1	1	1	1	1	1	1	0	0	0	0	1	0	1	0	0	1	1	0	0	1	0	0	1	0	0	1	0	0	1	0	1	0	1	0	0	1	0	0	0	0	1	1	1	1	1	1	0	1	0	0	1	0	0	1	0	0	1	0	0	1	0	0	0	1	0	1	0	0	1	0	1	0	1	0	1	0	1	0	1	0	0	0	0	1	1	0	0	1	0	1	0	0	1	1	0	0	0	0	1	0	1.69811320754717	2.59259259259259	1.69811320754717	2.40729606099287	0	0	0.188679245283019	0	0	0	0	0
"136"	"{6272E1C4-E3C8-E811-914C-74867AD5B714}"	0	1	1	9	14	1	2	3.9	13	3	4.3	15	3	4.4	17	3	4.11416604935264	17.2242166678111	10	12	8	9	0	2	1	0	0	0	0	0	2	2	0	2	0	0	0	0	0	0	0	0	1	1	1	1	1	2	1	8600	1	4	4	1	2	1	4	1	1	1	1	1	2	3	1	1	2	1	1	2	1	0	0	1	0	0	1	0	0	1	0	1	0	0	0	1	0	0	1	0	0	1	1	0	0	1	0	1	0	0	1	0	0	1	0	1	1	0	1	1	1	1	1	0	0	0	0	0	0	1	0	1	0	0	1	0	0	1	0	0	1	0	1	0	0	1	0	1	1	0	1	0	0	1	0	0	1	0	0	1	0	0	1	0	1	0	1	0	1	0	0	0	0	1	0	2.56410256410256	2.7906976744186	1.81818181818182	2.18756362578417	0	0	0	0	0	0	0	0
"137"	"{64557BBA-09D6-E811-8FB7-74867AD5B714}"	0	1	1	7	10	1	3	3.7	9	2	3.7	9	0	3.7	9	0	3.68057878393072	10.0606666684151	14	14	14	14	2	999	999	2	0	0	0	0	1	999	999	1	0	0	999	999	0	0	1	1	1	1	1	1	1	1	1	8900	1	3	4	2	2	4	5	4	4	2	2	2	4	4	3	1	2	1	2	1	1	0	0	0	1	0	1	0	0	1	0	1	0	0	1	0	0	1	0	0	1	0	1	0	0	1	0	1	0	0	1	0	0	0	0	1	1	1	1	1	0	0	1	0	1	1	0	0	1	0	0	1	0	0	0	1	0	0	1	0	1	0	0	1	0	1	0	1	0	1	1	0	0	0	0	1	0	0	1	1	0	0	1	0	0	1	0	1	1	0	0	0	1	0	0	3.78378378378378	3.78378378378378	3.78378378378378	3.80374957903999	0	0.27027027027027	0.27027027027027	0	0	0	0	0
"139"	"{653E753C-29DE-E811-8FB7-74867AD5B714}"	0	1	1	1	12	0	1	3.5	9	2	3.6	10	1	4.4	11	2	3.52759194362303	8.06611666679382	3	7	6	3	2	0	3	2	1	1	2	2	1	1	2	1	0	0	0	0	1	1	0	1	1	1	4	1	1	2	2	8200	1	1	2	1	2	1	4	1	1	2	1	1	2	4	1	1	3	1	1	1	1	0	1	0	0	0	1	0	0	0	1	1	0	0	1	0	1	0	0	0	1	0	0	1	0	1	0	1	0	0	1	0	0	0	0	1	1	1	1	0	0	0	0	1	1	1	1	0	0	1	1	0	0	1	0	0	1	0	0	1	0	0	0	1	1	0	0	1	0	1	1	0	0	1	0	0	1	0	0	1	0	0	0	1	1	0	0	1	0	1	1	0	0	0	0	0.857142857142857	1.94444444444444	1.36363636363636	0.85043849967489	0.285714285714286	0	0.227272727272727	0.28347949989163	0.285714285714286	0.277777777777778	0.454545454545455	0.56695899978326
"151"	"{707EA9A3-FEEB-E811-8FB7-74867AD5B714}"	0	1	1	1	12	4	3	5.9	20	3	7.1	19	3	5.9	20	3	6.86103242350522	20.5562333345413	19	12	18	14	3	2	2	4	3	2	1	3	2	2	0	2	0	0	0	0	0	0	0	1	1	2	2	1	2	1	2	10800	4	1	4	1	2	1	4	1	1	2	1	1	2	2	1	1	1	2	1	1	1	0	0	0	1	0	0	0	1	0	1	0	1	0	0	1	0	0	1	0	0	1	1	0	0	1	0	1	0	0	1	0	0	1	0	1	1	0	1	0	0	0	0	1	1	1	1	0	0	1	0	0	1	0	1	0	0	0	1	0	1	0	0	1	0	1	0	1	0	1	1	0	0	1	0	0	1	0	0	1	0	0	1	0	1	0	0	1	1	0	1	0	0	0	0	3.22033898305085	1.69014084507042	3.05084745762712	2.0405092318231	0	0	0.169491525423729	0	0.508474576271186	0.28169014084507	0.169491525423729	0.437251978247807
"159"	"{7DC817C9-35E4-E811-8FB7-74867AD5B714}"	0	1	1	0.5	16	0	1	7.4	18	2	7.3	17	2	8	20	3	6.53910558443523	26.0719999988874	15	13	14	15	4	2	2	2	0	0	1	0	0	0	0	2	0	0	0	0	0	0	0	1	1	1	3	1	1	1	1	12400	2	1	3	2	2	2	5	2	2	3	2	2	3	4	1	1	1	1	1	1	1	0	1	0	0	0	1	0	0	1	0	1	0	0	1	0	0	1	0	0	0	1	0	1	0	1	0	1	0	0	1	1	1	1	0	0	0	0	1	1	1	0	1	0	0	1	0	0	0	1	0	1	0	0	1	0	0	1	0	0	1	0	0	1	0	1	0	1	0	1	1	0	0	1	0	0	1	0	0	1	0	0	1	0	1	0	0	1	1	0	1	0	0	0	0	2.02702702702703	1.78082191780822	1.75	2.29389169609127	0	0	0.125	0	0	0	0.125	0
"164"	"{80300F0C-90E2-E811-8FB7-74867AD5B714}"	0	1	1	10	12	4	3	6.9	17	2	6.8	17	2	6.8	18	2	7.11844985127695	18.8272833347321	15	12	18	18	4	3	4	4	4	4	0	2	0	0	2	2	0	0	0	0	0	0	0	0	1	1	6	1	1	1	2	12800	3	4	2	2	2	1	4	1	1	2	1	1	2	2	1	1	1	1	1	1	1	0	0	0	1	0	0	0	1	0	1	1	0	0	1	0	0	1	0	0	1	0	0	0	1	1	0	1	0	0	1	1	1	0	0	0	0	1	1	0	0	1	0	1	1	0	1	0	0	1	0	1	0	0	1	0	0	0	1	0	0	1	0	1	0	1	0	1	0	1	1	0	0	1	0	0	1	0	0	1	0	0	1	0	1	0	1	0	1	0	0	0	0	1	0	2.17391304347826	1.76470588235294	2.64705882352941	2.52864041695413	0	0	0	0	0.579710144927536	0.588235294117647	0	0.280960046328236
"167"	"{8116154C-40CB-E811-914C-74867AD5B714}"	0	1	1	4	6	1	2	4.2	14	3	4	15	3	4.8	21	3	3.70190928827676	12.9816666682561	9	13	12	13	2	3	3	3	0	0	0	0	0	0	0	0	0	0	0	0	0	0	0	0	1	2	2	1	1	2	1	8000	2	2	5	2	2	2	5	2	2	2	2	2	2	5	2	1	2	2	1	1	1	0	0	1	0	0	1	0	0	1	0	0	1	0	0	1	0	0	1	0	0	1	1	0	0	1	0	1	0	0	1	1	1	1	1	0	0	0	0	1	1	1	1	0	0	0	0	1	0	0	0	1	0	0	1	0	0	1	0	0	1	0	0	1	0	1	0	1	0	1	1	0	0	1	0	0	1	0	0	1	0	0	1	0	1	0	1	0	1	0	0	1	0	0	0	2.14285714285714	3.25	2.5	3.51170139181112	0	0	0	0	0	0	0	0
"174"	"{83E52D59-AAD8-E811-8FB7-74867AD5B714}"	0	1	1	30	14	0	3	7.1	24	3	6.2	29	3	7.1	32	3	5.65713060662664	33.6253333330154	12	8	12	11	2	2	5	1	0	4	1	2	0	0	0	0	0	0	0	0	0	1	0	0	1	1	6	1	2	2	2	12500	4	5	2	2	2	1	4	2	1	4	1	1	1	2	1	2	3	3	1	1	1	0	0	0	1	0	1	0	0	0	1	1	0	0	0	1	0	0	1	0	0	1	0	0	1	1	0	1	0	0	1	1	1	1	1	0	0	0	0	1	0	0	0	0	1	1	1	0	0	1	0	1	0	0	1	0	0	1	0	0	1	0	0	1	0	1	0	1	0	1	1	0	0	1	0	0	1	0	0	1	0	0	0	1	1	0	1	0	1	0	0	0	0	0	1	1.69014084507042	1.29032258064516	1.69014084507042	1.94444865513885	0.140845070422535	0	0	0	0	0.645161290322581	0.140845070422535	0.353536119116155
"178"	"{85E8BE6A-06DD-E811-8FB7-74867AD5B714}"	0	1	1	5	12	4	4	5.2	15	3	5.9	16	3	5.3	15	3	4.63080525204337	16.5272833307584	6	6	9	6	2	2	1	2	0	0	1	0	0	0	0	0	0	0	0	0	0	0	1	0	1	1	4	1	1	1	2	9800	1	2	3	2	2	2	5	2	2	3	2	2	3	3	1	2	3	3	1	1	5	1	0	0	0	1	0	0	1	0	1	1	0	0	0	1	0	0	1	0	0	1	0	1	0	1	0	1	0	1	0	1	1	1	1	0	0	0	0	1	1	0	1	0	0	1	0	0	0	1	1	0	0	1	0	0	0	1	0	1	0	0	0	1	0	1	0	1	0	1	1	0	0	1	0	0	1	0	0	1	0	0	1	0	0	1	1	0	1	0	0	1	0	0	0	1.15384615384615	1.01694915254237	1.69811320754717	1.29567098451235	0	0.169491525423729	0	0	0	0	0.188679245283019	0
"179"	"{8693C4FD-66D4-E811-8FB7-74867AD5B714}"	0	1	1	17	12	1	2	6.2	17	2	7.2	19	2	7.1	19	1	5.80596658606115	16.2860500017802	23	26	20	23	4	4	3	4	0	0	0	0	1	1	1	1	0	0	0	0	1	1	0	0	1	1	1	1	1	1	2	12800	1	5	4	4	2	4	2	4	2	4	2	2	4	1	4	2	2	1	4	1	3	2	0	1	0	0	1	0	0	0	1	1	0	0	1	0	0	1	0	1	0	0	1	0	0	1	0	1	0	1	0	0	0	0	0	1	1	1	1	1	1	1	1	0	0	0	0	0	0	1	0	0	1	0	0	1	0	0	1	0	0	1	0	1	0	1	0	1	0	1	1	0	0	1	0	0	1	0	0	1	0	0	0	1	1	0	1	0	0	1	0	0	0	0	1	3.70967741935484	3.61111111111111	2.8169014084507	3.96144201987279	0.161290322580645	0	0	0.172236609559686	0	0	0	0
"182"	"{880C34B5-7F66-E811-95E4-74867AD5B714}"	0	1	1	0.5	12	2	1	4	19	3	5.4	19	3	4.8	24	3	4.59410471068975	19.1248333334923	22	12	24	23	4	1	1	3	1	0	0	0	2	2	2	2	0	0	0	0	0	0	1	1	0	1	4	1	1	1	1	9400	1	1	1	1	2	1	4	1	1	4	3	1	1	2	2	1	1	2	1	1	2	2	1	0	0	0	0	1	0	1	0	1	0	0	0	1	0	0	1	0	0	1	0	1	0	0	0	1	0	1	0	0	0	0	0	1	1	1	1	0	1	1	1	1	0	0	0	0	0	1	0	0	1	0	1	0	0	0	1	0	0	1	0	1	0	1	0	1	0	1	1	0	0	1	0	0	1	0	0	1	0	0	1	0	0	1	0	1	1	0	1	0	0	0	0	5.5	2.22222222222222	5	5.00641614599743	0	0.185185185185185	0.208333333333333	0	0.25	0	0	0
"184"	"{89405035-CC53-E811-884F-74867AD5B714}"	0	1	1	18	12	1	3	6.9	19	3	6	20	3	5.3	22	3	4.80135417056955	19.633266667525	20	15	14	14	1	3	2	1	3	0	0	5	0	0	0	0	0	1	0	1	0	0	0	0	1	2	5	2	1	2	1	12500	4	5	2	1	1	1	2	1	1	2	2	1	2	1	2	3	3	5	1	2	4	3	0	0	1	0	1	0	0	1	0	0	1	0	0	1	0	0	1	0	0	1	0	0	1	1	0	0	1	1	0	1	1	1	1	0	0	0	0	0	1	1	0	1	0	0	1	0	0	1	0	0	1	0	1	0	0	1	0	0	1	0	0	1	0	1	0	1	0	1	0	1	0	1	0	0	0	1	0	1	0	0	1	0	1	0	1	0	1	0	0	0	0	0	1	2.89855072463768	2.5	2.64150943396226	2.91584405204153	0	0	0	0	0.434782608695652	0	0	1.04137287572912
"196"	"{93260574-3CCE-E811-914C-74867AD5B714}"	0	1	1	8	12	1	1	3.6	11	3	4	12	3	4.6	13	3	3.69848809924649	12.3528833349546	7	5	9	7	0	0	0	0	0	0	0	0	1	1	1	1	0	0	0	0	1	1	0	0	2	1	1	1	1	1	1	8300	1	3	4	1	2	3	4	1	3	3	1	1	2	3	1	1	3	3	1	1	1	0	1	0	0	0	1	0	0	1	0	1	0	0	0	1	0	0	1	0	0	1	1	0	0	0	1	1	0	0	1	0	0	0	0	1	1	1	1	1	1	1	1	0	0	0	0	0	0	1	1	0	0	1	0	0	0	1	0	1	0	0	1	0	1	0	1	0	1	0	1	0	0	1	0	0	1	0	0	1	0	0	0	1	1	0	1	0	0	1	0	0	1	0	0	1.94444444444444	1.25	1.95652173913044	1.8926652762317	0.277777777777778	0	0	0.270380753747385	0	0	0	0
"199"	"{96293207-17D7-E811-8FB7-74867AD5B714}"	0	1	1	10	13	1	2	7.2	23	3	8.4	32	3	9	33	3	6.67491892426702	19.2669499993324	10	10	19	10	3	2	2	2	0	0	0	0	2	2	0	0	0	0	0	0	0	0	0	2	2	1	2	2	1	2	2	13000	1	4	1	4	2	2	2	1	2	2	1	1	2	4	2	2	2	2	3	2	1	4	0	1	0	0	1	0	0	0	1	1	0	0	0	1	0	0	1	0	0	1	1	0	0	0	1	1	0	0	1	0	0	1	1	1	1	0	0	1	1	1	1	0	0	0	0	0	0	1	0	1	0	0	1	0	0	0	1	0	1	0	0	1	0	1	0	1	0	1	1	0	0	1	0	0	1	0	0	1	0	0	1	0	1	0	0	1	1	0	0	0	0	1	0	1.38888888888889	1.19047619047619	2.11111111111111	1.49814553756518	0	0	0.222222222222222	0	0	0	0	0
"205"	"{97B6A3B9-E3E2-E811-8FB7-74867AD5B714}"	0	1	1	20	12	1	4	3.3	11	2	4.5	15	3	4.4	14	3	3.99237313908985	19.442733335495	7	11	9	8	1	3	1	2	0	1	1	2	0	2	2	1	1	0	0	0	1	1	1	0	1	1	2	1	1	2	2	9000	4	5	2	5	1	2	1	2	2	2	2	2	3	5	2	2	3	3	4	2	1	0	0	0	0	1	1	0	0	0	1	1	0	0	1	0	0	0	1	0	0	1	1	0	0	1	0	0	1	0	1	1	0	0	0	0	1	1	1	1	0	0	0	0	1	1	1	0	0	1	1	0	0	0	1	0	0	1	0	0	1	0	0	1	0	1	0	1	0	1	1	0	0	1	0	0	1	0	0	0	1	0	0	1	0	1	1	0	0	1	0	0	0	0	1	2.12121212121212	2.44444444444444	2.04545454545455	2.00382071547144	0.303030303030303	0.222222222222222	0	0.250477589433931	0	0.222222222222222	0.227272727272727	0.500955178867861
"213"	"{9DE61FDB-58D1-E811-8FB7-74867AD5B714}"	0	1	1	20	14	4	2	9	18	2	9.1	20	2	9.2	20	2	9.12147634141476	23.7089499990145	7	12	9	12	3	4	3	3	0	0	0	0	1	1	1	1	0	1	0	1	1	1	1	1	1	1	3	1	1	1	1	15400	4	5	2	2	2	3	5	2	3	5	2	2	2	2	3	2	1	1	3	1	1	0	0	1	0	0	0	0	1	1	0	1	0	0	1	0	0	1	0	0	1	0	0	1	0	1	0	1	0	0	1	0	0	0	0	1	1	1	1	1	1	1	1	0	0	0	0	0	0	1	1	0	0	0	1	0	0	1	0	0	1	0	0	1	0	1	0	1	0	1	0	1	0	1	0	0	0	1	0	1	0	0	0	1	0	1	0	1	0	1	0	0	0	0	1	0.777777777777778	1.31868131868132	0.978260869565218	1.3155765087627	0.111111111111111	0.10989010989011	0.108695652173913	0.109631375730225	0	0	0	0
"215"	"{9E88E04A-45E7-E811-8FB7-74867AD5B714}"	0	1	1	18	15	0	2	6.9	15	2	7	19	3	7.1	19	3	6.64791897101758	16.3150000015895	12	26	21	14	5	4	4	3	7	1	1	0	1	2	2	1	1	1	1	1	0	1	1	1	1	1	4	1	1	1	2	12300	4	5	4	2	2	2	5	2	2	4	2	2	2	5	1	1	1	1	1	1	3	1	0	1	0	0	1	0	0	0	1	1	0	0	1	0	0	0	1	0	0	1	0	1	0	1	0	1	0	1	0	0	0	0	0	1	1	1	1	0	0	0	1	1	1	1	0	0	0	1	0	1	0	0	0	1	0	0	1	0	1	0	0	1	0	1	0	1	0	1	0	1	0	0	1	0	0	1	0	0	1	0	0	1	0	1	0	1	1	0	0	0	0	0	1	1.73913043478261	3.71428571428571	2.95774647887324	2.10592217820866	0.144927536231884	0.142857142857143	0.140845070422535	0	1.01449275362319	0.142857142857143	0.140845070422535	0
"216"	"{9F160EA4-7A7F-E811-B124-74867AD5B714}"	0	1	1	5	10	0	3	6.6	20	2	7.9	19	2	7.4	22	2	5.03966567506179	18.5812333345413	10	10	17	13	1	1	3	1	1	1	0	0	2	0	2	2	0	0	0	0	1	2	0	0	2	1	3	1	1	1	1	12500	1	2	3	3	2	4	3	4	4	4	3	3	5	1	5	5	5	5	5	5	1	0	0	0	1	0	1	0	0	1	0	1	0	0	1	0	0	1	0	0	1	0	0	1	0	0	1	1	0	0	1	0	1	0	0	1	0	1	1	0	0	1	1	1	1	0	0	0	1	0	0	1	0	0	1	0	0	0	1	0	1	0	0	1	0	1	0	1	0	1	1	0	0	1	0	0	1	0	0	1	0	0	0	1	1	0	1	0	0	1	0	1	0	0	0	1.51515151515152	1.26582278481013	2.2972972972973	2.57953619112653	0.303030303030303	0	0	0.198425860855887	0.151515151515152	0.126582278481013	0	0
"228"	"{A5FCB53E-EEDE-E811-8FB7-74867AD5B714}"	0	1	1	10	14	1	3	8.3	23	3	7.8	38	3	8.3	23	0	7.67473188046829	30.5377166668574	9	7	9	8	0	0	999	8	0	0	0	1	2	1	999	2	0	0	0	999	0	1	1	1	1	2	2	1	1	2	2	14200	4	4	1	1	2	1	4	1	1	4	1	1	3	4	1	1	1	1	1	1	1	0	0	0	1	0	1	0	0	0	1	0	1	0	0	1	0	0	1	0	1	0	1	0	0	1	0	1	0	0	1	0	0	0	0	1	1	1	1	1	1	0	0	0	0	1	1	0	0	1	0	1	0	1	0	0	0	0	1	0	1	0	1	0	1	0	0	1	0	1	1	0	0	1	0	0	0	0	1	1	0	0	0	1	0	1	0	1	1	0	0	0	0	1	0	1.08433734939759	0.897435897435897	1.08433734939759	1.04238169158189	0.120481927710843	0.128205128205128	0.120481927710843	0	0	0	0	0.130297711447736
"232"	"{A83D77D6-44DC-E811-8FB7-74867AD5B714}"	0	1	1	25	12	1	3	2.4	6	2	2.4	6	0	2.4	6	0	2.55816780271752	7.74599999984105	7	7	7	7	1	999	999	1	0	0	0	0	2	999	999	2	0	0	999	999	0	0	1	1	1	1	1	1	1	1	2	6800	1	5	3	2	2	2	5	2	2	3	2	2	3	3	1	1	1	1	1	1	1	0	0	0	1	0	1	0	0	0	1	1	0	0	1	0	0	1	0	0	1	0	1	0	0	1	0	1	0	0	1	0	0	0	0	1	1	1	1	1	0	0	1	0	1	1	0	0	0	1	1	0	0	0	0	1	0	0	1	1	0	0	0	1	0	1	0	1	0	1	1	0	0	0	0	1	0	0	1	1	0	0	1	0	0	1	0	1	1	0	0	0	0	0	1	2.91666666666667	2.91666666666667	2.91666666666667	2.73633339946033	0	0.416666666666667	0.416666666666667	0	0	0	0	0
"236"	"{AA6A7427-7FDC-E811-8FB7-74867AD5B714}"	0	1	1	20	13	1	3	7	22	3	7.2	24	3	7.6	24	3	5.11087051002903	19.6557166655858	13	15	13	13	3	5	3	3	3	4	3	0	2	2	2	1	0	0	0	1	0	0	1	1	1	2	3	2	1	2	1	12200	3	5	4	2	2	4	4	4	4	4	4	4	2	1	4	3	3	2	3	5	1	0	0	0	1	0	1	0	0	1	0	0	1	0	0	1	0	0	1	0	0	1	0	1	0	1	0	1	0	0	1	0	0	0	0	1	1	1	1	0	0	0	1	1	1	1	0	0	0	1	0	1	0	0	1	0	0	1	0	0	1	0	0	1	0	1	0	1	0	1	1	0	0	1	0	0	0	1	0	1	0	0	1	0	0	1	0	1	1	0	0	0	0	0	1	1.85714285714286	2.08333333333333	1.71052631578947	2.54359799851907	0	0.138888888888889	0.131578947368421	0	0.428571428571429	0.555555555555556	0.394736842105263	0
"237"	"{AB4A427D-EBC8-E811-914C-74867AD5B714}"	0	1	1	3	15	1	1	5.9	17	2	5.3	18	3	6.2	19	2	5.08489743239253	21.2827333331108	16	15	13	14	2	0	0	0	0	0	0	0	0	0	0	0	0	0	0	0	0	0	0	0	1	1	1	1	1	2	2	10400	2	2	4	2	2	2	5	2	2	4	2	2	2	4	1	1	3	3	1	1	4	1	1	0	0	0	1	0	0	0	1	1	0	0	1	0	0	0	1	0	1	0	1	0	0	1	0	1	0	1	0	1	1	1	1	0	0	0	0	1	1	1	1	0	0	0	0	0	0	1	0	0	0	0	1	0	0	1	0	0	1	0	0	1	1	0	1	0	1	0	1	0	0	1	0	0	1	0	0	1	0	0	1	0	1	0	1	0	1	0	0	1	0	0	0	2.71186440677966	2.83018867924528	2.09677419354839	2.75325120833613	0	0	0	0	0	0	0	0
"250"	"{B2AEB536-36C0-E811-914C-74867AD5B714}"	0	1	1	45	17	1	3	4.3	14	3	5.6	15	2	4.5	16	3	3.49942863757503	8.85538333257039	10	16	14	13	2	4	4	5	0	0	0	0	1	2	2	2	0	0	0	0	1	0	1	0	2	1	1	1	1	2	1	9500	4	5	2	2	1	5	1	2	5	5	2	3	2	3	4	2	2	2	5	2	1	6	0	0	1	0	1	0	0	1	0	1	0	0	0	1	0	1	0	0	0	1	1	0	0	0	1	0	1	0	1	0	0	0	0	1	1	1	1	1	1	1	1	0	0	0	0	0	0	1	0	1	0	0	0	0	0	1	0	0	1	0	0	1	0	1	0	1	0	1	1	0	0	1	0	0	1	0	0	1	0	0	1	0	0	1	1	0	0	1	0	0	0	0	1	2.32558139534884	2.85714285714286	3.11111111111111	3.71489215708325	0	0.178571428571429	0	0.28576093516025	0	0	0	0
"257"	"{B759BE4B-F8EB-E811-8FB7-74867AD5B714}"	0	1	1	18	12	1	3	5.6	15	2	6.1	19	3	6	20	3	5.88810177281286	13.9858333349228	13	17	14	10	1	3	2	2	0	0	0	0	2	2	0	0	0	0	0	0	0	0	0	0	2	2	4	1	1	1	2	10400	4	5	2	1	1	1	2	1	1	2	1	1	1	3	1	1	1	1	1	1	3	2	0	0	1	0	1	0	0	0	1	0	1	0	1	0	0	0	1	0	0	1	0	1	0	0	1	0	1	1	0	0	0	1	1	1	1	0	0	1	1	1	1	0	0	0	0	0	0	1	0	1	0	0	0	1	0	1	0	0	1	0	0	1	0	1	0	1	0	1	1	0	0	1	0	0	1	0	0	1	0	0	1	0	1	0	1	0	1	0	0	0	0	0	1	2.32142857142857	2.78688524590164	2.33333333333333	1.69834020977236	0	0	0	0	0	0	0	0
"258"	"{B780DF7F-0DD7-E811-8FB7-74867AD5B714}"	0	1	1	10	12	4	3	5.3	20	3	5.2	19	3	6.1	23	3	6.08561309108838	40.9663833340009	13	12	13	13	2	1	2	2	0	0	0	0	2	2	2	2	0	1	0	0	0	1	0	0	1	2	6	1	2	2	2	14700	3	4	2	2	2	1	4	2	1	2	1	1	2	1	1	3	1	1	1	1	1	0	0	0	1	0	0	0	1	0	1	0	1	0	0	1	0	0	1	0	0	1	0	0	1	1	0	1	0	0	1	0	0	0	0	1	1	1	1	1	1	1	1	0	0	0	0	0	0	1	0	1	0	0	1	0	0	1	0	0	1	0	0	1	0	1	0	1	0	1	0	1	0	1	0	0	1	0	0	1	0	0	0	1	1	0	1	0	1	0	0	0	0	1	0	2.45283018867925	2.30769230769231	2.13114754098361	2.13618575571899	0.188679245283019	0	0	0	0	0	0	0
"261"	"{BB9B2829-A0E9-E811-8FB7-74867AD5B714}"	0	1	1	15	14	1	3	5.3	15	2	6.2	15	2	5.6	17	3	5.41640033387919	15.598766664664	15	12	17	17	2	4	4	2	0	0	2	0	1	1	2	1	0	0	0	0	0	0	0	1	1	1	4	1	1	1	2	10500	1	5	5	2	2	2	5	2	2	4	2	2	4	4	1	1	1	1	1	1	1	0	0	0	1	0	1	0	0	0	1	1	0	0	1	0	0	1	0	0	0	1	0	1	0	1	0	1	0	0	1	0	0	0	0	1	1	1	1	1	1	0	1	0	0	1	0	0	0	1	0	1	0	0	1	0	0	0	1	0	0	1	0	1	0	1	0	1	0	1	1	0	0	1	0	0	1	0	0	1	0	0	1	0	1	0	0	1	1	0	0	0	0	0	1	2.83018867924528	1.93548387096774	3.03571428571429	3.13861586147284	0	0	0.178571428571429	0	0	0	0.357142857142857	0
"262"	"{BD29DDF5-27DA-E811-8FB7-74867AD5B714}"	0	1	1	20	15	2	3	2.8	8	3	3	7	2	3.7	10	3	3.01967999181809	8.68023333549499	5	3	8	6	0	0	2	0	0	0	0	0	2	0	1	2	0	0	0	0	0	0	0	0	1	1	4	1	1	2	1	7000	4	5	4	2	2	2	5	2	2	4	2	2	2	2	1	1	1	1	1	1	5	2	0	0	1	0	0	1	0	1	0	1	0	0	0	1	0	1	0	0	0	1	0	1	0	1	0	1	0	1	0	0	1	0	0	1	0	1	1	1	1	1	1	0	0	0	0	0	0	1	1	0	0	1	0	0	0	1	0	1	0	0	1	0	1	0	0	1	1	0	1	0	0	1	0	0	1	0	0	1	0	0	1	0	1	0	1	0	1	0	0	0	0	0	1	1.78571428571429	1	2.16216216216216	1.98696551166255	0	0	0	0	0	0	0	0
"269"	"{C301E37A-15CC-E811-914C-74867AD5B714}"	0	1	1	3	16	1	3	8.8	33	3	9	37	3	9.3	36	3	7.38606559844173	42.3804499983788	22	19	17	19	6	5	3	4	1	0	2	0	1	1	1	1	0	1	1	0	0	1	0	0	2	2	3	1	2	2	2	16400	2	2	1	1	1	1	4	2	2	1	2	1	2	5	1	1	2	1	2	2	6	1	0	0	1	0	1	0	0	0	1	0	1	0	0	1	0	0	1	0	0	1	0	1	0	0	1	0	1	1	0	0	0	0	0	1	1	1	1	0	1	0	1	1	0	1	0	0	0	1	0	0	1	0	0	1	0	0	1	0	0	1	0	1	0	1	0	1	0	1	0	1	0	0	1	0	1	0	0	1	0	0	0	1	1	0	1	0	1	0	0	1	0	0	0	2.5	2.11111111111111	1.82795698924731	2.57241148846668	0.113636363636364	0	0	0	0.113636363636364	0	0.21505376344086	0
"284"	"{D69D89B8-F2DE-E811-8FB7-74867AD5B714}"	0	1	1	3	12	1	1	4.6	19	3	5.7	23	3	6	24	3	3.86194467872151	23.1580000003179	10	10	12	8	0	0	1	0	0	0	0	0	1	2	1	1	0	0	0	0	0	0	0	0	1	2	2	1	1	2	2	10000	4	2	2	4	1	2	4	4	2	5	2	2	4	2	1	1	2	1	1	1	1	0	1	0	0	0	1	0	0	0	1	0	1	0	0	1	0	0	1	0	0	1	1	0	0	1	0	0	1	0	1	0	0	0	0	1	1	1	1	1	1	1	1	0	0	0	0	0	0	1	0	1	0	0	1	0	0	1	0	0	1	0	1	0	1	0	0	1	1	0	1	0	0	1	0	0	1	0	0	1	0	0	1	0	1	0	1	0	1	0	0	1	0	0	0	2.17391304347826	1.75438596491228	2	2.07149523505044	0	0	0	0	0	0	0	0
"285"	"{D6EAAAB4-15CC-E811-914C-74867AD5B714}"	0	1	1	8	14	1	2	5.5	19	3	4.3	20	3	5.8	31	3	5.04052394632007	30.0437833309174	16	19	22	15	2	2	3	2	2	4	2	3	2	1	2	1	0	0	0	0	0	0	0	0	1	2	2	1	1	2	2	10200	2	3	2	1	2	1	4	1	2	2	1	1	4	5	1	1	1	1	1	1	1	0	0	1	0	0	1	0	0	0	1	0	1	0	0	1	0	0	1	0	0	1	1	0	0	1	0	1	0	0	1	0	0	0	0	1	1	1	1	0	0	0	0	1	1	1	1	0	0	1	0	0	0	0	0	1	0	0	1	0	1	0	0	1	0	1	0	1	0	1	1	0	0	1	0	0	1	0	0	1	0	0	1	0	1	0	1	0	1	0	0	0	1	0	0	2.90909090909091	4.41860465116279	3.79310344827586	2.97588111072283	0	0	0	0	0.363636363636364	0.930232558139535	0.344827586206897	0.595176222144566
"291"	"{D9F97132-22DE-E811-8FB7-74867AD5B714}"	0	1	1	6	12	1	3	4.2	16	3	6	18	2	5.1	20	3	4.93732047897073	16.8468333323797	10	11	12	7	1	1	0	1	0	0	0	0	1	1	2	1	0	0	0	0	0	0	0	0	1	1	3	1	2	2	1	10000	4	3	4	2	2	4	5	2	2	4	2	2	4	5	1	1	1	1	1	1	1	0	0	0	1	0	1	0	0	1	0	1	0	0	0	1	0	1	0	0	0	1	0	1	0	1	0	1	0	0	1	0	0	0	0	1	1	1	1	1	1	1	1	0	0	0	0	0	0	1	0	1	0	0	1	0	0	1	0	1	0	0	0	1	0	1	1	0	0	1	1	0	0	1	0	0	1	0	0	1	0	0	1	0	1	0	1	0	1	0	0	0	1	0	0	2.38095238095238	1.83333333333333	2.35294117647059	1.41777306735804	0	0	0	0	0	0	0	0
"302"	"{E67B3B86-A1E3-E811-8FB7-74867AD5B714}"	0	1	1	3	15	1	4	7.9	18	2	7.8	20	3	8.5	29	3	9.08545834301329	19.9940500020981	15	11	12	15	5	2	2	5	0	0	1	0	0	0	0	0	0	0	0	0	1	1	0	1	1	1	2	1	1	2	1	13800	1	2	2	2	2	1	4	2	1	2	1	1	4	4	1	1	2	2	1	1	1	0	0	0	0	1	1	0	0	1	0	1	0	0	1	0	0	0	1	0	0	1	1	0	0	1	0	1	0	0	1	1	1	1	1	0	0	0	0	1	1	0	1	0	0	1	0	0	0	1	0	1	0	0	1	0	0	1	0	0	1	0	0	1	0	1	0	1	0	1	1	0	0	1	0	0	1	0	0	1	0	0	0	1	1	0	0	1	0	1	0	1	0	0	0	1.89873417721519	1.41025641025641	1.41176470588235	1.65098990427214	0.126582278481013	0	0.117647058823529	0.110065993618142	0	0	0.117647058823529	0
"307"	"{EB47DF38-AECC-E811-914C-74867AD5B714}"	0	1	1	15	12	4	3	5.1	12	2	4.9	13	2	4.6	14	2	4.7309125729437	11.8762666662534	7	16	17	15	4	3	2	2	1	1	1	1	1	1	1	1	0	0	0	0	2	1	1	1	1	1	1	1	1	2	1	9500	2	5	2	5	1	3	3	3	3	2	2	2	3	5	4	3	4	3	3	2	1	0	0	0	1	0	0	0	1	1	0	1	0	0	1	0	0	1	0	0	1	0	1	0	0	1	0	0	1	0	1	0	0	0	0	1	1	1	1	0	0	0	0	1	1	1	1	0	0	1	1	0	0	0	0	0	0	0	1	0	1	0	0	1	0	1	0	1	0	1	1	0	0	1	0	0	1	0	0	1	0	0	0	1	0	1	0	1	0	1	0	0	0	0	1	1.37254901960784	3.26530612244898	3.69565217391304	3.17063563714656	0.196078431372549	0.204081632653061	0.217391304347826	0.422751418286207	0.196078431372549	0.204081632653061	0.217391304347826	0.211375709143104
"310"	"{ED0B3C26-9CD3-E811-8FB7-74867AD5B714}"	0	1	1	1	14	1	2	3.3	10	2	3.9	9	1	5.5	12	2	3.40458586628116	13.5252166668574	4	4	3	4	0	0	2	0	0	0	0	0	0	0	0	0	0	0	0	0	0	0	0	1	1	1	1	1	1	1	2	7800	1	1	3	2	2	3	1	3	3	2	2	2	4	5	2	1	1	2	2	2	3	3	0	1	0	0	1	0	0	0	1	1	0	0	1	0	1	0	0	0	1	0	1	0	0	1	0	1	0	1	0	1	1	1	1	0	0	0	0	1	1	1	1	0	0	0	0	0	0	1	1	0	0	1	0	0	1	0	0	1	0	0	1	0	1	0	0	1	1	0	1	0	0	1	0	0	1	0	0	1	0	0	1	0	1	0	0	1	1	0	1	0	0	0	0	1.21212121212121	1.02564102564103	0.545454545454545	1.17488592066829	0	0	0.181818181818182	0	0	0	0	0
"312"	"{ED8107AB-D1D2-E811-8FB7-74867AD5B714}"	0	1	1	8	12	1	2	7.4	18	2	5.9	20	3	6.1	20	3	5.93585378835139	22.2861666639646	14	24	24	18	2	2	3	1	0	1	1	2	2	2	2	2	0	0	1	1	0	0	0	0	1	1	2	1	1	1	2	11200	4	3	2	2	1	5	2	4	4	4	5	5	4	2	4	3	2	2	3	2	1	0	0	1	0	0	1	0	0	0	1	1	0	0	1	0	0	0	1	0	0	1	1	0	0	1	0	0	1	0	1	0	0	0	0	1	1	1	1	1	0	0	0	0	1	1	1	0	0	1	0	1	0	0	0	1	0	0	1	0	0	1	0	1	0	1	0	1	0	1	1	0	0	0	1	0	0	1	0	1	0	0	1	0	1	0	1	0	1	0	0	0	1	0	0	1.89189189189189	4.06779661016949	3.9344262295082	3.03241970604523	0	0	0	0	0	0.169491525423729	0.163934426229508	0.336935522893915
"316"	"{EEAE2D90-E2C7-E811-914C-74867AD5B714}"	0	1	1	1	10	1	2	6.3	15	2	6	17	2	6.8	18	3	6.53285073898882	16.7752333323161	12	10	10	13	3	1	1	3	0	0	0	0	0	2	0	0	0	0	0	0	0	0	1	1	2	1	1	1	1	1	1	12000	1	1	1	4	1	1	2	1	1	1	1	1	2	5	3	2	2	3	3	1	1	0	0	1	0	0	1	0	0	1	0	1	0	0	1	0	0	1	0	0	0	1	1	0	0	0	1	0	1	0	1	1	0	1	1	0	1	0	0	1	1	1	1	0	0	0	0	0	1	0	0	1	0	0	1	0	0	1	0	0	1	0	0	1	0	1	0	1	0	1	1	0	0	1	0	0	1	0	0	1	0	0	1	0	0	1	0	1	1	0	1	0	0	0	0	1.9047619047619	1.66666666666667	1.47058823529412	1.98994290844799	0	0.166666666666667	0.147058823529412	0	0	0	0	0
"322"	"{F335C703-FBE4-E811-8FB7-74867AD5B714}"	0	1	1	18	14	1	3	3.6	9	2	4.1	14	3	3.6	17	3	3.27431848157703	8.22366666793823	10	13	13	10	1	1	1	1	0	0	2	0	2	1	1	2	0	0	0	0	0	0	0	1	1	1	1	1	1	1	1	7600	1	5	5	2	2	2	3	2	2	2	2	2	3	5	1	1	3	1	3	1	4	2	0	0	1	0	1	0	0	1	0	1	0	0	1	0	0	0	1	0	0	1	1	0	0	1	0	1	0	1	0	0	0	0	0	1	1	1	1	1	1	0	1	0	0	1	0	0	0	1	0	1	0	0	1	0	0	1	0	0	1	0	0	1	0	1	0	1	0	1	1	0	0	1	0	0	1	0	0	1	0	0	1	0	1	0	0	1	1	0	0	0	0	0	1	2.77777777777778	3.17073170731707	3.61111111111111	3.05407065814308	0	0	0.277777777777778	0	0	0	0.555555555555556	0
"332"	"{F8E3D04D-2ADD-E811-8FB7-74867AD5B714}"	0	1	1	2	9	1	4	2.8	8	2	3.1	10	3	2.8	8	0	2.08372605017075	5.13021666606267	5	4	5	5	1	1	999	1	0	0	0	0	2	0	999	2	0	0	0	999	0	0	0	1	1	1	1	1	1	1	1	6500	1	1	5	2	2	2	4	2	2	2	2	2	4	5	3	1	3	2	3	2	4	2	0	0	0	1	1	0	0	1	0	1	0	0	1	0	0	0	1	0	1	0	1	0	0	1	0	1	0	1	0	0	1	0	0	1	0	1	1	1	1	0	1	0	0	1	0	0	1	0	1	0	0	1	0	0	0	0	1	1	0	0	0	1	0	1	0	1	0	1	1	0	0	1	0	0	0	0	1	1	0	0	1	0	1	0	0	1	1	0	1	0	0	0	0	1.78571428571429	1.29032258064516	1.78571428571429	2.39954767546832	0	0	0.357142857142857	0	0	0	0	0
"333"	"{F911EA1B-13C1-E811-914C-74867AD5B714}"	0	1	1	26	15	2	3	5.3	17	2	7.4	19	3	6.9	21	3	4.35983905216001	16.182116663456	10	10	8	10	2	1	0	1	0	0	0	3	2	2	2	2	0	1	0	0	0	1	0	0	1	1	3	1	1	2	2	9800	4	5	4	1	2	1	4	1	1	1	1	1	1	4	3	1	3	3	2	1	3	3	0	0	1	0	0	1	0	0	1	1	0	0	1	0	0	0	1	0	0	1	0	1	0	1	0	1	0	1	0	0	0	0	0	1	1	1	1	1	1	1	0	0	0	0	1	0	0	1	0	1	0	0	1	0	0	1	0	0	1	0	0	1	0	1	1	0	0	1	0	1	0	1	0	0	1	0	0	1	0	0	0	1	1	0	1	0	1	0	0	0	0	0	1	1.88679245283019	1.35135135135135	1.15942028985507	2.29366265138748	0.188679245283019	0	0	0	0	0	0	0.688098795416244
"334"	"{F9F58B0B-427A-E811-B124-74867AD5B714}"	0	1	1	1	13	0	3	5.9	17	2	6.5	18	2	6.1	22	3	5.7454012249334	18.966733332475	18	15	17	15	1	2	3	2	0	0	2	0	2	2	1	2	0	0	0	0	0	0	0	1	2	1	3	2	1	2	1	11200	1	1	3	1	2	1	4	1	1	1	3	3	2	1	4	4	2	1	2	2	1	0	0	0	1	0	1	0	0	1	0	1	0	0	1	0	0	1	0	0	0	1	0	1	0	0	1	1	0	0	1	0	0	0	0	1	1	1	1	1	1	0	1	0	0	1	0	0	0	1	0	0	1	0	1	0	0	0	1	0	1	0	0	1	0	1	0	1	0	1	1	0	0	1	0	0	1	0	0	1	0	0	1	0	1	0	0	1	1	0	1	0	0	0	0	3.05084745762712	2.30769230769231	2.78688524590164	2.61078372297208	0	0	0.163934426229508	0	0	0	0.327868852459016	0
"343"	"{FF2FE1DC-5CD1-E811-8FB7-74867AD5B714}"	0	1	1	33	13	1	3	6	15	2	5.2	16	3	6.2	21	3	4.83019102108556	18.3995000004768	11	8	12	12	5	3	3	2	5	0	0	0	0	0	0	0	0	0	0	0	1	1	1	1	1	1	2	1	2	1	1	10400	3	5	2	2	2	1	4	2	1	2	1	1	1	3	1	1	1	1	1	1	1	0	0	0	1	0	1	0	0	1	0	1	0	0	1	0	0	0	1	0	0	1	1	0	0	1	0	1	0	0	1	1	1	1	1	0	0	0	0	0	1	1	1	1	0	0	0	0	0	1	0	1	0	0	1	0	0	1	0	0	1	0	0	1	0	1	0	1	0	1	1	0	0	1	0	0	1	0	0	1	0	0	0	1	0	1	0	1	0	1	0	0	0	0	1	1.83333333333333	1.53846153846154	1.93548387096774	2.48437379549082	0.166666666666667	0.192307692307692	0.161290322580645	0.207031149624235	0.833333333333333	0	0	0
