"ViajeId"	"MUESTRA"	"VALIDAR"	"GENERO"	"TIEMPO_PROFESION"	"HORAS_TRABAJO"	"NIVEL_EDUCATIVO"	"EDAD"	"DISTAlt1"	"TIEMPOAlt1"	"CONG_A1"	"DISTAlt2"	"TIEMPOAlt2"	"CONG_A2"	"DISTAlt3"	"TIEMPOAlt3"	"CONG_A3"	"DISTEC"	"TIEMPOEC"	"Semaf_A1"	"Semaf_A2"	"Semaf_A3"	"Semaf_EC"	"CamFD_A1"	"CamFD_A2"	"CamFD_A3"	"CamFD_EC"	"ZER_A1"	"ZER_A2"	"ZER_A3"	"ZER_EC"	"MtrP_A1"	"MtrP_A2"	"MtrP_A3"	"MtrP_EC"	"Acc_EC"	"Acc_A1"	"Acc_A2"	"Acc_A3"	"Paneles_EC"	"Paneles_A1"	"Paneles_A2"	"Paneles_A3"	"INFOTRAFICO"	"CLIMA"	"CONGESTION"	"PAVIMENTO"	"INCIDENTE"	"MERIDIANO"	"HPICOHVALLE"	"COSTO"	"CHOICE"	"Experiencia"	"PasoPeaton"	"UsoPito"	"CinSeg"	"FRbr"	"UsoDirec"	"EnfCond"	"AFrSem"	"CulFr"	"OmLmVel"	"IgPare"	"UsoCel"	"ComVrb"	"Ans"	"ComAfec"	"PrPer"	"AmbTr"	"StrC"	"ConCl"	"DispMob"
"1"	"{00793F3F-F1CC-E811-914C-74867AD5B714}"	0	1	1	10	14	1	4	10.1	24	"2"	11.1	27	"3"	8.4	30	"3"	7.73476294124306	22.1199999968211	21	20	21	18	3	2	5	5	0	0	1	0	2	2	1	1	0	0	0	0	0	2	0	0	1	"2"	"2"	"1"	"1"	"2"	"1"	14800	3	4	5	2	1	2	4	2	2	2	2	2	4	1	3	2	2	2	3	1	3
"2"	"{01023F7A-67C3-E811-914C-74867AD5B714}"	1	0	1	21	10	0	3	8	24	"3"	7.2	28	"3"	6.8	29	"3"	5.97650183766384	52.4813833316167	20	19	13	8	5	4	1	0	3	3	0	5	2	2	2	2	1	4	0	0	0	1	1	1	1	"1"	"6"	"1"	"2"	"2"	"2"	15900	3	5	4	4	2	2	5	2	2	4	2	2	5	3	4	2	2	4	3	2	1
"3"	"{01579974-02D2-E811-8FB7-74867AD5B714}"	0	1	1	10	12	4	2	5.8	18	"3"	5.4	20	"3"	6.7	25	"3"	4.6118611667335	19.8945500016212	14	17	12	12	2	0	2	1	0	0	1	1	2	2	2	0	0	0	0	1	0	0	0	2	1	"1"	"2"	"1"	"1"	"1"	"2"	9800	4	4	3	2	2	2	5	2	2	3	2	2	2	5	1	1	3	3	1	1	1
"4"	"{019DE0D5-31C0-E811-914C-74867AD5B714}"	1	0	1	12	12	1	2	9.8	17	"0"	8.7	18	"0"	8.4	26	"0"	7.25357902960908	21.357216668129	8	14	14	17	3	4	3	4	5	1	0	9	1	2	2	1	0	0	0	0	0	1	2	1	1	"1"	"2"	"1"	"1"	"2"	"1"	15200	4	4	1	2	2	1	2	1	2	2	1	1	1	1	1	2	1	1	1	1	1
"5"	"{0221C89B-CED2-E811-8FB7-74867AD5B714}"	1	0	1	10	8	2	3	6.3	18	"3"	7.4	21	"3"	7.6	23	"2"	6.25408258109686	18.2935499986013	17	14	21	17	2	3	2	2	1	3	4	1	2	2	1	2	0	0	0	0	0	0	1	0	1	"1"	"1"	"1"	"1"	"1"	"2"	11500	1	4	3	3	2	1	4	3	1	1	1	1	3	5	1	2	2	2	2	1	1
"6"	"{0275F221-8CC6-E811-914C-74867AD5B714}"	1	0	1	15	13	4	4	4.6	16	"2"	5.2	20	"3"	5.1	28	"3"	4.78786320352643	35.2122833331426	6	9	14	6	0	0	1	1	0	0	0	2	0	2	2	0	0	0	0	0	0	0	0	1	2	"1"	"6"	"1"	"2"	"2"	"1"	12000	4	5	4	4	2	4	5	4	2	4	2	2	2	1	4	2	1	1	3	3	1
"7"	"{03DF384B-A6D8-E811-8FB7-74867AD5B714}"	1	0	1	2	10	1	2	5.2	26	"3"	5.6	29	"3"	5.9	33	"3"	5.38568444871494	25.9026000022888	6	11	11	7	1	2	2	1	6	6	6	6	1	2	2	1	0	0	0	0	0	0	0	1	1	"1"	"5"	"1"	"1"	"2"	"2"	11600	1	1	2	2	2	1	4	1	1	2	1	1	1	5	1	1	1	1	1	1	5
"8"	"{04857B76-DDC0-E811-914C-74867AD5B714}"	1	0	1	6	10	1	2	7.8	17	"0"	6.7	18	"0"	7.1	19	"0"	5.5117573711736	14.9695000012716	12	13	16	12	2	4	3	3	3	2	7	0	1	0	2	2	0	1	0	0	1	1	0	1	2	"1"	"1"	"1"	"1"	"1"	"1"	11500	2	3	1	1	2	4	2	1	2	2	1	1	2	5	5	1	1	2	2	5	3
"9"	"{04B1F452-BDC5-E811-914C-74867AD5B714}"	1	0	1	15	12	4	2	5.1	11	"2"	5.4	16	"3"	5.3	17	"3"	4.34436271383387	24.1902833342552	5	7	8	8	1	3	2	2	0	1	1	0	0	0	0	0	0	1	0	0	0	2	0	0	1	"1"	"2"	"1"	"2"	"2"	"1"	9000	3	5	4	2	2	2	5	2	2	4	2	2	4	2	1	3	1	1	1	1	1
"10"	"{04C56E00-AAD3-E811-8FB7-74867AD5B714}"	1	0	1	25	12	1	3	6.1	17	"2"	5.8	17	"2"	5.7	19	"3"	5.36099042527625	17.3442666649818	10	10	10	10	1	3	1	3	8	2	1	2	1	2	2	0	0	0	0	0	1	0	1	1	2	"1"	"2"	"1"	"1"	"1"	"1"	10800	2	5	4	1	2	2	2	1	1	2	1	1	2	5	2	4	2	2	3	1	3
"11"	"{051C17B0-41DC-E811-8FB7-74867AD5B714}"	1	0	1	10	14	4	3	6.4	17	"2"	6.1	17	"3"	6.3	19	"3"	6.10252462287688	16.7100666681925	11	13	15	17	6	3	3	5	2	2	2	3	2	2	2	2	0	0	0	1	1	1	0	1	1	"1"	"5"	"1"	"1"	"1"	"2"	11000	4	4	3	3	2	1	4	3	1	3	1	1	3	1	1	1	1	1	1	3	1
"12"	"{071F74A3-0FD2-E811-8FB7-74867AD5B714}"	0	1	1	7	12	1	3	3.4	10	"3"	4.2	12	"2"	3.9	14	"3"	2.76399721459216	7.22566666603088	11	13	13	11	2	3	2	2	3	6	6	0	1	2	1	1	1	0	0	0	0	0	1	1	1	"1"	"1"	"1"	"1"	"1"	"2"	7300	1	3	4	1	2	1	1	1	1	1	1	1	2	5	2	2	2	3	1	1	1
"13"	"{08C503A7-58E8-E811-8FB7-74867AD5B714}"	1	0	1	22	16	1	3	4.9	18	"3"	0	0	"0"	0	0	"0"	4.37178317857192	19.6127166668574	11	999	999	9	2	999	999	2	0	999	999	0	2	999	999	1	0	0	999	999	0	0	999	999	2	"2"	"2"	"1"	"1"	"2"	"1"	9500	4	5	5	2	1	2	3	2	2	2	2	2	3	5	1	1	2	1	3	1	3
"14"	"{09CAC4F7-D8D2-E811-8FB7-74867AD5B714}"	0	1	1	18	12	4	3	2.4	8	"2"	2.4	8	"1"	2.6	9	"2"	2.46359452833276	8.91083333492279	5	5	5	5	1	1	1	0	0	0	0	0	0	0	0	0	0	0	0	0	0	0	0	0	1	"1"	"1"	"1"	"1"	"1"	"2"	6600	2	5	3	2	2	2	5	2	2	2	2	2	2	3	1	1	1	1	1	1	1
"15"	"{0AFFFCBB-0AD2-E811-8FB7-74867AD5B714}"	1	0	1	10	14	1	3	5.4	14	"2"	5.5	14	"2"	5.6	16	"2"	5.30979527223473	20.4150666673978	10	15	16	15	2	3	4	3	3	4	2	4	1	1	2	1	1	0	0	0	1	0	1	1	2	"1"	"2"	"1"	"1"	"1"	"2"	11500	4	4	4	1	2	1	4	1	1	1	1	1	3	5	2	2	2	2	2	1	1
"16"	"{0B4811D4-93C6-E811-914C-74867AD5B714}"	0	1	1	10	16	2	2	7.3	19	"3"	8.1	20	"3"	6.8	20	"3"	6.60283796996291	20.5518833359083	18	27	21	22	4	1	5	4	0	0	0	0	2	2	2	2	0	0	0	0	0	1	1	1	1	"1"	"4"	"1"	"1"	"2"	"2"	12500	3	4	2	2	2	1	4	1	1	1	1	1	1	4	4	2	1	1	3	1	4
"17"	"{0C1D8C2A-12E2-E811-8FB7-74867AD5B714}"	0	1	1	20	15	1	3	5.7	23	"3"	5.4	30	"3"	5.7	34	"3"	5.18778293730232	70.8360499978066	13	13	12	12	1	4	3	3	3	2	1	0	1	2	2	2	1	1	0	0	1	0	1	1	2	"2"	"6"	"2"	"1"	"2"	"2"	21500	3	5	1	3	2	1	3	3	1	4	1	1	1	4	4	4	2	1	5	2	2
"18"	"{0C1FF5E1-42CE-E811-914C-74867AD5B714}"	1	0	1	20	8	4	4	5.4	16	"3"	5.5	17	"3"	5.2	20	"3"	5.73121367198812	23.1963333328565	11	14	16	15	2	2	3	2	3	3	2	2	2	1	1	1	0	0	0	0	0	1	1	1	1	"1"	"6"	"1"	"1"	"2"	"1"	9500	4	5	3	3	2	3	4	3	3	3	1	1	3	2	4	2	3	3	3	2	1
"19"	"{0C97D2B2-DCD3-E811-8FB7-74867AD5B714}"	1	0	2	8	12	1	3	7.6	21	"3"	7	23	"3"	7.2	23	"3"	5.65309412435009	14.4128999988238	6	8	12	9	4	3	2	0	8	9	10	0	2	2	2	2	0	0	0	0	1	1	0	1	1	"1"	"1"	"1"	"1"	"2"	"1"	14000	4	3	4	1	2	1	1	1	1	1	1	1	3	5	3	1	1	1	3	1	3
"20"	"{0D4FE76E-4AE4-E811-8FB7-74867AD5B714}"	1	0	1	15	12	4	3	7.3	21	"3"	6.9	20	"3"	7.8	22	"3"	7.2701031829413	24.201166665554	14	17	15	20	3	2	1	3	0	0	0	0	1	1	1	2	0	0	0	0	0	1	1	1	1	"1"	"2"	"1"	"1"	"2"	"1"	10800	4	5	4	1	2	1	2	1	1	2	1	2	3	2	1	1	3	3	1	1	1
"21"	"{0D5CB44F-00E5-E811-8FB7-74867AD5B714}"	1	0	1	4	12	1	1	1.8	5	"4"	0	0	"0"	0	0	"0"	2.02278372741952	4.32483333349228	1	999	999	2	0	999	999	1	0	999	999	0	0	999	999	0	0	0	999	999	1	0	999	999	1	"1"	"1"	"1"	"1"	"1"	"1"	6300	4	2	5	2	1	2	3	2	2	2	2	2	4	5	1	2	2	1	1	1	3
"22"	"{0E557454-B5C1-E811-914C-74867AD5B714}"	1	0	1	6	12	1	1	11.2	25	"2"	11.3	26	"2"	10.9	27	"3"	10.1168377793121	21.5533333341281	12	16	13	11	5	5	6	5	10	10	10	10	1	1	1	1	0	0	0	0	1	2	0	1	1	"1"	"2"	"1"	"1"	"2"	"1"	17800	1	3	2	2	1	2	1	2	2	2	2	2	2	3	2	2	1	1	1	1	1
"23"	"{0E9A8C89-9CE9-E811-8FB7-74867AD5B714}"	1	0	1	25	15	4	4	6.6	20	"3"	6.7	20	"3"	8.1	23	"2"	6.24646435179677	21.4881000002225	7	9	14	10	1	1	3	0	0	0	0	0	1	1	0	2	0	0	0	0	1	1	2	1	1	"1"	"3"	"1"	"1"	"1"	"2"	11800	1	5	4	1	2	1	4	1	1	2	1	1	2	4	1	1	1	1	1	1	1
"24"	"{0F4A62A6-6EDF-E811-8FB7-74867AD5B714}"	1	0	1	18	11	1	2	3.6	10	"2"	0	0	"0"	0	0	"0"	3.15221163699731	5.86423333088557	5	999	999	5	0	999	999	1	5	999	999	0	0	999	999	0	0	0	999	999	0	0	999	999	1	"1"	"1"	"1"	"1"	"1"	"1"	7400	4	5	4	2	2	2	5	2	2	2	4	2	4	5	2	1	2	5	3	1	1
"25"	"{101A1466-CB5B-E811-95E4-74867AD5B714}"	1	0	1	20	10	1	3	6.6	22	"3"	8.8	27	"2"	0	0	"0"	6.22314724893921	25.3781666636467	17	25	999	13	2	7	999	1	0	1	999	0	1	2	999	1	0	0	1	999	1	1	0	999	1	"2"	"4"	"2"	"1"	"2"	"1"	11300	1	5	1	2	2	1	2	2	2	4	4	2	2	2	4	4	4	4	2	3	0
"26"	"{102924FF-74E3-E811-8FB7-74867AD5B714}"	1	0	1	12	10	1	3	4.2	14	"2"	5.1	18	"2"	6	16	"2"	3.54738638044935	14.0485500017802	11	9	12	9	1	0	0	0	0	0	0	0	1	0	2	1	0	0	0	0	0	0	0	0	1	"1"	"1"	"1"	"1"	"1"	"1"	10500	4	4	4	2	2	4	2	4	4	4	2	2	4	2	4	3	2	2	5	1	1
"27"	"{116C5EFA-C6C5-E811-914C-74867AD5B714}"	1	0	1	20	14	1	3	5	14	"3"	5.9	16	"3"	5.3	15	"3"	5.35162929150614	20.4066666682561	3	13	8	8	3	4	3	3	6	1	0	1	1	2	1	2	0	0	0	0	0	0	0	0	1	"1"	"3"	"1"	"1"	"2"	"2"	10800	3	5	3	1	2	1	4	1	1	3	1	1	2	4	1	1	1	5	1	1	1
"28"	"{11EF8DD3-11DD-E811-8FB7-74867AD5B714}"	1	0	1	3	8	4	2	5.7	19	"3"	5.9	19	"3"	5.9	22	"3"	6.36603958238424	23.9391666650772	17	17	19	18	4	2	5	3	1	1	0	1	2	2	2	1	0	0	0	0	0	0	0	0	1	"1"	"2"	"1"	"1"	"1"	"1"	12500	4	2	3	5	2	3	5	2	3	5	3	2	4	1	5	4	2	1	4	4	1
"29"	"{13ECA564-E8D7-E811-8FB7-74867AD5B714}"	1	0	1	12	14	2	3	3	9	"2"	3	14	"4"	4.6	17	"3"	2.54612260750997	11.8005499998728	4	4	5	4	0	0	0	0	0	0	0	0	0	0	0	0	0	0	0	0	0	0	0	1	1	"2"	"2"	"1"	"1"	"2"	"2"	6500	2	4	4	1	2	1	4	1	1	1	1	1	3	5	2	1	2	2	1	1	2
"30"	"{14C5A5D6-2FDD-E811-8FB7-74867AD5B714}"	1	0	1	10	12	1	2	4.2	8	"3"	4.5	15	"3"	4.8	15	"3"	4.00758480174602	18.6805499990781	2	6	10	7	1	2	0	3	0	0	0	0	0	0	2	0	0	0	0	0	0	0	1	1	1	"1"	"2"	"1"	"1"	"2"	"1"	9800	4	4	4	1	2	1	4	1	1	1	1	1	3	5	2	1	3	4	2	1	1
"31"	"{14ECDC53-57E7-E811-8FB7-74867AD5B714}"	1	0	1	1	18	1	3	5.8	15	"3"	5.6	17	"3"	7.4	18	"3"	3.15650373100609	18.1158333301544	6	10	9	25	1	2	1	2	6	0	6	2	1	2	1	2	1	0	0	0	0	0	0	1	1	"1"	"2"	"1"	"1"	"1"	"1"	10900	4	1	4	1	1	1	2	1	1	1	1	1	2	5	4	2	1	3	5	1	1
"32"	"{153C09B2-78E8-E811-8FB7-74867AD5B714}"	1	0	1	0.5	6	4	2	7	20	"3"	7.8	23	"2"	8.4	29	"3"	5.0934231312904	15.7068833311399	10	18	10	11	2	5	2	2	0	0	6	0	0	0	0	0	0	0	0	0	1	1	0	0	1	"1"	"1"	"1"	"1"	"2"	"1"	11000	1	1	5	2	2	2	3	2	2	2	2	2	2	5	4	3	2	2	1	1	1
"33"	"{15FA02A6-ADCC-E811-914C-74867AD5B714}"	1	0	1	20	12	2	3	6.5	19	"3"	7.8	20	"2"	6.6	27	"3"	7.01179764902764	23.269883330663	14	13	19	14	2	3	3	0	0	1	0	1	1	1	2	1	0	0	0	0	0	1	1	0	1	"1"	"3"	"1"	"1"	"2"	"1"	13000	1	5	5	2	2	2	5	2	2	4	2	2	2	5	1	1	1	1	1	1	5
"34"	"{160BB759-80CD-E811-914C-74867AD5B714}"	0	1	1	20	15	2	3	5.1	13	"2"	5.4	14	"2"	5.3	16	"3"	3.80938883249998	11.7963333328565	6	8	8	7	1	3	2	1	1	1	0	1	0	0	0	0	0	0	0	0	2	2	0	0	1	"1"	"2"	"1"	"1"	"2"	"1"	8600	1	5	3	2	1	2	5	2	2	3	2	2	3	2	1	1	1	3	1	1	1
"35"	"{164EE8A2-76BE-E811-914C-74867AD5B714}"	1	0	1	28	12	1	3	3.6	10	"2"	0	0	"0"	0	0	"0"	2.39929725460373	6.57099999984105	16	999	999	10	2	999	999	1	4	999	999	0	1	999	999	0	0	0	999	999	0	0	999	999	1	"1"	"1"	"1"	"1"	"1"	"1"	8900	1	5	4	2	1	2	5	2	2	2	2	4	2	2	1	2	1	2	1	2	1
"36"	"{16644C52-46C0-E811-914C-74867AD5B714}"	1	0	1	1	16	3	2	8	20	"3"	7.5	22	"3"	7.3	22	"3"	7.06357971415996	35.5969500025113	13	8	20	8	6	4	6	4	0	0	0	0	2	2	2	2	0	1	1	1	1	1	0	0	1	"1"	"6"	"1"	"2"	"2"	"2"	13800	3	1	4	1	2	1	4	1	2	2	1	1	1	2	4	3	3	3	2	2	3
"37"	"{16920B97-86E2-E811-8FB7-74867AD5B714}"	1	0	1	6	14	1	4	5.7	20	"3"	5.8	22	"3"	6.4	22	"3"	6.39574423991573	26.7703833301862	18	17	25	21	2	3	1	2	0	1	0	0	1	1	2	2	0	0	0	0	0	1	1	0	1	"1"	"6"	"1"	"1"	"1"	"2"	12300	4	3	2	2	1	1	4	1	1	2	1	1	3	3	1	1	1	1	1	1	1
"38"	"{18AE6C83-17A7-E811-BDF0-74867AD5B714}"	1	0	1	2	12	1	3	5.3	11	"1"	5.4	13	"2"	6	15	"3"	3.80144723851796	13.2478833357493	6	7	6	999	2	1	2	999	0	0	1	0	0	0	0	0	0	0	0	0	0	0	0	1	1	"1"	"3"	"1"	"1"	"2"	"1"	8000	4	1	2	5	2	4	4	2	2	4	4	4	2	1	4	4	2	1	3	3	0
"39"	"{18C72602-3CDC-E811-8FB7-74867AD5B714}"	1	0	1	0.5	12	4	3	4.8	16	"2"	5.2	18	"2"	5.9	16	"2"	5.64549274090123	14.8357333342234	14	12	12	12	1	2	0	0	0	0	0	0	0	0	0	0	2	1	0	0	0	0	0	0	1	"1"	"5"	"1"	"1"	"1"	"2"	10800	3	1	2	2	2	1	4	2	1	2	1	1	2	2	1	3	2	3	2	4	1
"40"	"{19234B93-DC53-E811-884F-74867AD5B714}"	1	0	1	0.5	10	1	2	5.7	12	"3"	5.6	16	"3"	6	21	"3"	6.2928990893376	16.3699333349864	5	7	15	7	1	1	1	1	0	0	1	0	0	0	1	0	0	0	0	2	1	1	2	2	1	"2"	"5"	"2"	"1"	"2"	"2"	11200	2	1	2	5	1	3	3	3	3	5	5	5	4	4	3	4	2	1	3	4	4
"41"	"{1A27CCF2-1FCF-E811-914C-74867AD5B714}"	1	0	1	15	10	4	3	7	15	"1"	7.2	16	"2"	7.6	16	"2"	7.09674130805823	15.2309999982516	7	9	7	7	3	5	3	3	2	4	1	2	2	2	2	2	0	0	0	0	0	0	1	1	1	"1"	"1"	"1"	"1"	"2"	"1"	12100	1	5	3	1	2	1	4	1	1	3	1	1	2	3	1	1	1	1	1	1	1
"42"	"{1B8E1A94-98C2-E811-914C-74867AD5B714}"	0	1	1	8	12	1	3	4.8	14	"3"	4.7	17	"3"	5.3	18	"3"	4.6130956407692	14.6347333351771	8	14	8	8	2	2	1	2	0	2	0	0	1	2	1	1	0	0	0	0	0	1	0	0	1	"2"	"2"	"1"	"1"	"2"	"1"	10000	1	3	4	2	2	4	5	4	4	4	2	2	4	3	3	2	2	2	3	1	1
"43"	"{1C22F1B4-92C9-E811-914C-74867AD5B714}"	1	0	1	15	12	1	4	3	8	"2"	2.9	10	"3"	3.2	14	"3"	2.53262021203206	6.53450000286102	3	5	5	3	0	0	0	0	0	0	0	0	2	2	2	2	0	0	0	0	0	0	0	0	1	"1"	"1"	"1"	"1"	"2"	"1"	6500	1	5	3	1	2	1	4	1	1	1	3	1	3	5	1	1	2	2	1	1	1
"44"	"{1CEB8473-D4DE-E811-8FB7-74867AD5B714}"	0	1	1	14	14	2	3	6.3	22	"3"	6.6	25	"3"	7.6	26	"3"	6.33638655798182	26.6689500013987	19	19	20	17	4	3	3	4	2	0	1	0	1	1	1	1	0	0	0	0	0	1	1	1	1	"1"	"1"	"1"	"1"	"2"	"1"	13000	1	5	4	1	2	1	4	1	1	1	1	1	2	5	2	1	1	1	1	1	1
"45"	"{1CF86FD7-96E2-E811-8FB7-74867AD5B714}"	0	1	1	12	15	1	3	6.7	17	"2"	6.9	20	"3"	7.3	21	"3"	7.08514356867066	20.6709999998411	10	10	14	9	2	2	3	3	0	0	4	0	1	2	1	2	0	0	0	0	2	2	2	0	1	"1"	"4"	"1"	"1"	"1"	"1"	12500	4	4	1	1	2	1	4	1	1	4	1	1	2	4	1	1	3	1	1	1	4
"46"	"{1D50AE02-10CC-E811-914C-74867AD5B714}"	1	0	1	15	12	1	2	6.7	25	"3"	6.9	28	"3"	6.2	26	"3"	6.47320523924045	29.7498999993006	21	18	28	23	5	4	4	4	0	0	0	0	2	2	1	1	1	0	0	0	0	0	0	0	2	"2"	"2"	"1"	"1"	"2"	"2"	12600	1	5	4	1	1	1	4	1	1	1	1	1	2	5	2	1	2	1	2	1	4
"47"	"{1DA55572-BD69-E811-95E4-74867AD5B714}"	1	0	1	3	10	1	2	4.5	18	"3"	6	19	"2"	5.7	19	"2"	4.64159732382637	11.8507333358129	6	9	8	6	0	1	0	1	0	0	0	0	2	0	0	0	0	0	0	0	0	0	0	0	2	"1"	"4"	"1"	"1"	"2"	"1"	8800	4	2	4	4	1	4	4	4	4	4	2	4	2	3	1	2	3	5	2	3	0
"48"	"{1E6D39FA-95BE-E811-914C-74867AD5B714}"	1	0	1	18	12	1	2	4.5	16	"2"	4.6	15	"2"	5.3	15	"2"	2.630331288637	10.1517833352089	9	12	4	9	0	0	1	0	0	0	0	0	0	0	0	0	0	0	0	0	0	0	0	0	1	"1"	"1"	"2"	"1"	"2"	"1"	8500	1	5	1	1	2	2	4	1	2	1	1	1	1	2	3	3	1	1	5	4	1
"49"	"{1EEE8B83-20D7-E811-8FB7-74867AD5B714}"	1	0	1	0.5	12	1	3	5.5	17	"3"	4.7	20	"3"	5.9	21	"3"	4.38749730530849	16.7344000021617	7	13	15	13	1	0	0	0	0	0	0	2	2	2	2	2	0	0	0	0	0	0	0	0	1	"2"	"2"	"1"	"1"	"2"	"1"	10500	2	1	1	4	1	2	2	1	2	2	1	2	2	1	5	3	2	2	5	2	1
"50"	"{20476B39-38C0-E811-914C-74867AD5B714}"	1	0	1	4	13	2	1	3.4	11	"3"	3.3	15	"3"	3.9	16	"3"	2.25792978352373	8.22833333412806	10	10	11	6	2	2	2	1	3	1	10	0	1	1	2	1	0	0	0	0	0	0	0	1	2	"1"	"1"	"1"	"1"	"2"	"1"	6000	1	2	1	1	2	1	4	1	1	1	1	1	1	5	5	4	1	2	1	1	3
"51"	"{20BDF31E-4DC3-E811-914C-74867AD5B714}"	1	0	1	13	14	1	2	5.8	18	"3"	0	0	"0"	0	0	"0"	4.79854997903428	17.8704333345095	11	999	999	14	3	999	999	1	0	999	999	0	2	999	999	2	0	0	999	999	1	1	999	999	1	"1"	"3"	"1"	"1"	"2"	"1"	10300	1	5	2	5	2	4	4	5	4	4	2	4	4	3	2	2	2	3	2	1	1
"52"	"{214A69B7-9CC6-E811-914C-74867AD5B714}"	1	0	1	15	12	1	2	5.7	15	"3"	4.3	16	"3"	5.5	14	"2"	4.14609453488178	15.668666668733	18	10	14	14	4	1	3	2	0	0	0	1	2	1	2	2	0	0	0	0	0	0	0	0	1	"1"	"2"	"1"	"1"	"2"	"2"	9300	2	5	1	4	2	3	3	4	1	3	1	1	3	5	2	1	1	1	3	1	5
"53"	"{23F0FAB8-1891-E811-A983-74867AD5B714}"	1	0	1	1	15	1	3	5.7	18	"3"	6.6	22	"3"	7.5	32	"3"	6.24985553793692	20.7561166644096	14	12	23	14	2	2	4	2	0	1	2	0	2	2	2	2	0	0	1	1	0	0	1	1	1	"2"	"4"	"2"	"1"	"2"	"1"	10000	1	1	2	4	2	4	4	5	4	4	5	4	4	2	4	3	2	4	5	3	0
"54"	"{24059CC8-75CD-E811-914C-74867AD5B714}"	1	0	1	35	14	1	3	4.3	15	"3"	5.7	17	"3"	5.5	18	"3"	4.38871899411864	31.9890499989192	17	20	11	17	3	4	2	3	0	0	0	0	2	2	2	2	0	0	0	0	0	0	0	0	1	"1"	"2"	"1"	"1"	"1"	"1"	9500	1	5	2	2	2	1	4	1	1	2	1	1	1	2	2	2	1	1	2	2	3
"55"	"{248C222D-70DF-E811-8FB7-74867AD5B714}"	1	0	1	42	10	1	4	4.3	13	"2"	5.2	14	"2"	4.5	15	"3"	4.09073760330632	11.5539333343506	10	10	11	8	2	3	3	2	0	0	0	0	1	2	2	2	0	0	0	0	0	0	1	0	1	"1"	"1"	"1"	"1"	"1"	"1"	9000	4	5	5	2	2	2	5	2	2	2	2	2	4	5	4	1	2	2	2	1	1
"56"	"{278C5F4E-0EC1-E811-914C-74867AD5B714}"	1	0	1	1	5	2	1	4.2	16	"2"	6	17	"2"	5.1	18	"2"	4.16604526925258	17.6693333347638	9	10	10	10	1	0	0	1	0	0	0	0	0	0	2	1	0	0	0	0	0	0	0	0	2	"1"	"3"	"2"	"1"	"2"	"1"	9300	1	1	5	2	2	2	5	2	2	2	2	2	4	3	3	1	1	1	3	1	4
"57"	"{281B2481-CFD2-E811-8FB7-74867AD5B714}"	1	0	1	15	14	1	3	3	8	"1"	3	8	"1"	4.6	10	"1"	3.93480301965578	13.2180499990781	3	3	4	7	0	0	0	0	0	0	0	0	0	0	0	0	0	0	0	0	0	0	0	1	1	"1"	"1"	"1"	"1"	"1"	"2"	8300	1	5	1	1	2	1	4	1	1	4	1	1	1	3	1	1	3	3	1	1	1
"58"	"{28BA7C53-91C9-E811-914C-74867AD5B714}"	1	0	1	10	16	1	3	2.3	6	"3"	0	0	"0"	0	0	"0"	1.67889412663829	5.17211666901906	3	999	999	3	1	999	999	1	0	999	999	0	1	999	999	1	0	0	999	999	0	0	999	999	2	"1"	"2"	"1"	"1"	"2"	"1"	6000	1	4	4	1	2	1	4	1	1	1	1	1	3	5	3	2	2	4	1	1	1
"59"	"{29758F97-06CC-E811-914C-74867AD5B714}"	1	0	1	11	14	1	3	4.5	20	"3"	4.6	22	"3"	4.7	24	"3"	4.48312964728217	22.8236666679382	18	17	19	17	3	1	1	1	1	0	0	0	2	2	2	2	0	0	0	0	0	0	0	0	1	"2"	"2"	"1"	"1"	"2"	"1"	10000	2	4	4	1	2	1	4	1	1	1	1	1	2	5	1	1	2	2	1	1	1
"60"	"{2A8FA3E1-FFD5-E811-8FB7-74867AD5B714}"	1	0	1	43	12	1	3	6.1	15	"2"	6.9	17	"2"	7.2	18	"3"	4.84228033522813	14.6074000000954	14	15	17	12	5	7	5	5	0	0	1	0	2	2	1	2	0	0	0	0	0	0	2	1	1	"1"	"2"	"1"	"1"	"1"	"1"	10000	1	5	5	2	2	2	5	2	2	2	2	2	4	5	3	1	2	1	2	1	1
"61"	"{2AED5C67-FCD5-E811-8FB7-74867AD5B714}"	1	0	1	15	10	1	2	6.4	15	"2"	5.6	16	"2"	6.5	18	"3"	7.6710397827606	16.3997166673342	13	10	13	18	6	3	3	5	5	0	0	1	0	0	0	2	0	0	0	0	1	1	1	1	1	"1"	"1"	"1"	"1"	"1"	"2"	13000	4	5	2	5	2	5	4	5	4	5	4	2	4	3	1	2	2	2	4	2	1
"62"	"{2BA6331C-A0C6-E811-914C-74867AD5B714}"	0	1	1	1	12	1	1	7.1	20	"3"	8.5	22	"3"	7.3	25	"3"	7.46795409376879	23.3891666650772	12	11	19	21	3	2	4	3	0	0	0	0	1	1	2	2	0	0	0	0	0	1	0	0	2	"1"	"2"	"2"	"1"	"2"	"1"	13000	3	1	2	5	2	2	3	2	2	2	2	3	2	5	2	2	2	1	2	3	1
"63"	"{2BB769CE-E6E2-E811-8FB7-74867AD5B714}"	1	0	1	16	15	1	2	4	11	"2"	3.9	11	"2"	4.6	13	"3"	3.89067979239141	10.582333334287	9	7	8	7	3	1	1	1	2	2	2	2	1	2	1	1	0	0	0	0	1	1	1	1	1	"1"	"1"	"1"	"1"	"2"	"2"	8500	2	5	4	1	1	2	2	1	1	1	1	1	1	5	1	1	2	3	3	1	1
"64"	"{2C87E970-E0DD-E811-8FB7-74867AD5B714}"	1	0	1	15	12	2	2	6.6	17	"2"	6.2	19	"3"	6.4	23	"3"	5.49711694401198	11.7742833336194	14	14	19	14	2	3	4	2	2	3	3	2	1	1	1	1	0	0	0	0	1	1	1	1	1	"1"	"2"	"1"	"1"	"1"	"1"	12700	1	5	4	1	2	1	4	1	1	1	1	1	3	5	2	2	1	1	2	1	1
"65"	"{2C98D15C-8366-E811-95E4-74867AD5B714}"	0	1	1	25	10	0	4	6	17	"3"	4.5	20	"3"	4.9	22	"3"	5.42730943222081	12.7379999995232	9	16	17	9	1	3	2	0	1	2	3	0	1	2	2	1	0	0	0	0	0	0	0	0	1	"1"	"5"	"1"	"1"	"1"	"1"	9900	1	5	1	1	2	1	3	1	1	1	4	1	2	3	4	4	5	5	3	5	0
"66"	"{2CA75D4B-DBC5-E811-914C-74867AD5B714}"	0	1	1	3	12	1	3	5.1	15	"2"	7.3	16	"2"	6.7	18	"2"	4.73736064190911	17.7182666699092	13	11	11	13	4	4	4	4	1	1	1	1	2	2	2	2	0	0	0	0	0	0	0	0	1	"1"	"1"	"1"	"1"	"2"	"1"	9500	1	2	4	1	2	1	4	1	1	1	1	1	2	5	2	1	1	1	1	1	1
"67"	"{2D4D562F-31C7-E811-914C-74867AD5B714}"	1	0	1	18	14	1	3	5.5	22	"3"	6.7	22	"3"	5.8	23	"3"	5.50862162060594	26.3142333348592	14	17	11	14	7	3	4	5	2	2	2	2	0	0	0	0	0	0	0	0	0	1	0	0	1	"1"	"2"	"1"	"1"	"2"	"1"	12200	1	5	4	4	2	4	5	2	2	4	2	2	2	1	4	2	1	1	2	1	4
"68"	"{2D736D0E-A2DC-E811-8FB7-74867AD5B714}"	0	1	1	28	15	1	3	6.6	23	"3"	6.7	27	"3"	6.5	26	"3"	5.91130071093373	33.6188999970754	8	19	17	16	2	3	2	2	2	0	2	1	1	1	1	1	0	0	0	0	0	1	0	0	1	"2"	"3"	"1"	"1"	"2"	"1"	14000	3	5	3	3	2	1	4	3	1	1	1	1	3	4	1	1	3	2	1	1	1
"69"	"{2D75DDDC-99C6-E811-914C-74867AD5B714}"	1	0	1	10	12	2	3	3.7	10	"3"	4.1	14	"3"	0	0	"0"	3.63471267080803	15.7786666671435	8	9	999	9	1	1	999	1	0	0	999	2	2	0	999	2	0	0	0	999	0	0	0	999	2	"1"	"2"	"1"	"1"	"2"	"2"	8600	4	4	5	2	2	2	5	2	2	2	2	2	4	4	3	2	2	1	3	1	1
"70"	"{2EEE233C-E5C8-E811-914C-74867AD5B714}"	1	0	1	17	12	0	3	7.4	21	"3"	7.1	24	"3"	8.1	25	"3"	7.56381662217391	21.7688333352407	7	14	11	7	1	2	2	1	2	3	2	2	2	2	2	2	0	0	0	0	0	0	2	1	1	"1"	"2"	"2"	"1"	"2"	"1"	13500	1	5	1	2	2	4	2	2	2	2	2	1	2	4	3	2	2	2	3	2	6
"71"	"{30A8A353-0A91-E811-A983-74867AD5B714}"	1	0	1	1	10	1	1	4.5	16	"2"	5.3	16	"2"	5.7	17	"2"	4.23771345728268	14.105166665713	8	9	9	8	0	0	0	0	0	0	0	0	2	0	2	2	0	0	0	0	0	0	0	0	1	"1"	"4"	"1"	"1"	"2"	"1"	8700	1	1	1	4	1	4	2	2	4	4	4	4	2	1	5	5	5	2	2	5	0
"72"	"{30AD081B-F8D5-E811-8FB7-74867AD5B714}"	1	0	1	35	12	0	4	5.4	15	"3"	5	15	"3"	4.8	18	"3"	4.40622572994384	10.1679999987284	10	9	16	5	1	1	2	1	1	1	1	2	2	1	2	2	0	0	0	0	0	0	0	1	1	"1"	"2"	"1"	"1"	"1"	"2"	9300	4	5	2	1	2	1	4	1	1	2	1	1	1	1	1	1	1	1	1	1	1
"73"	"{339D9F0A-6ABE-E811-914C-74867AD5B714}"	1	0	1	3	12	2	1	8.8	19	"2"	9	19	"1"	9	21	"2"	7.32946998553507	15.6474999984105	14	16	16	11	3	5	5	3	1	2	2	0	1	2	1	1	0	0	0	0	2	2	1	0	2	"2"	"1"	"1"	"1"	"1"	"2"	14300	1	2	1	4	2	2	4	2	2	1	1	1	1	3	1	1	1	2	1	1	5
"74"	"{33AA04C6-D6D2-E811-8FB7-74867AD5B714}"	1	0	1	30	13	2	3	3.9	10	"1"	4.4	12	"1"	4.2	12	"1"	4.07525029408923	13.4006000002225	6	4	8	4	1	0	1	1	0	0	0	0	0	0	0	0	1	0	0	0	0	0	0	0	1	"1"	"1"	"1"	"1"	"1"	"2"	9200	4	5	4	4	2	2	5	2	2	4	2	2	4	3	1	1	3	3	1	1	1
"75"	"{33DEF5A1-5DE8-E811-8FB7-74867AD5B714}"	0	1	1	25	15	1	3	6.4	29	"3"	6.3	30	"3"	6.7	30	"3"	6.00751792225942	39.7268333355586	11	8	6	16	1	1	2	2	0	0	0	3	2	2	2	2	0	0	0	0	1	1	1	0	2	"2"	"6"	"1"	"1"	"2"	"2"	14400	4	5	5	2	2	4	5	2	2	5	2	2	4	3	1	1	1	1	1	1	1
"76"	"{348884D4-02E9-E811-8FB7-74867AD5B714}"	1	0	1	3	12	2	4	6.3	17	"2"	5.2	20	"3"	5.7	20	"3"	4.61121818511702	24.5118333339691	14	14	14	14	4	2	2	3	0	0	0	0	2	2	2	2	0	0	0	0	0	0	0	0	1	"1"	"6"	"1"	"1"	"2"	"1"	9400	2	2	4	2	2	2	5	2	2	4	2	4	4	4	1	1	2	2	1	1	1
"77"	"{34B59188-DEC5-E811-914C-74867AD5B714}"	1	0	1	16	15	1	3	10.3	22	"2"	9.3	23	"2"	8.3	21	"2"	6.8309536102594	15.5195500016212	16	16	14	14	1	2	1	1	0	0	0	0	1	1	1	1	0	0	0	0	0	1	1	1	1	"1"	"1"	"2"	"1"	"2"	"1"	12500	3	5	4	1	2	1	2	1	1	1	1	1	4	3	2	2	2	2	2	3	1
"78"	"{35119D9F-62D4-E811-8FB7-74867AD5B714}"	1	0	1	35	13	1	4	6.4	15	"1"	6.5	14	"1"	6.8	16	"1"	6.0618003980079	13.738399998347	6	11	12	8	0	1	3	0	0	0	2	0	2	2	2	2	0	0	0	0	0	1	1	1	1	"1"	"1"	"1"	"1"	"1"	"2"	11500	1	5	3	2	2	3	3	2	2	2	3	2	2	5	3	1	2	1	3	1	1
"79"	"{3606E7B6-BDC0-E811-914C-74867AD5B714}"	1	0	1	5	15	1	2	4.7	14	"0"	6.1	16	"0"	4.7	17	"0"	4.82116742516463	16.3461666663488	12	13	17	11	1	2	2	1	0	0	0	0	2	0	2	1	0	1	1	1	0	0	0	2	1	"1"	"6"	"1"	"2"	"1"	"2"	10600	1	2	1	1	2	1	4	2	2	4	1	1	1	1	1	1	3	3	3	1	1
"80"	"{36916848-3FDC-E811-8FB7-74867AD5B714}"	1	0	1	11	14	1	3	4.6	12	"2"	5.8	13	"1"	5	14	"2"	4.7486110757439	10.8340499997139	6	10	4	5	1	3	1	2	2	2	0	0	0	0	0	0	1	0	0	0	0	1	0	0	1	"1"	"3"	"1"	"2"	"1"	"2"	10300	2	4	5	3	2	2	5	2	2	3	2	2	3	5	1	1	1	1	1	2	1
"81"	"{36D03F80-18C1-E811-914C-74867AD5B714}"	1	0	1	18	16	1	3	3.9	11	"3"	4.2	11	"3"	4.2	14	"3"	3.90248803604043	9.6653333346049	6	6	10	5	2	1	2	2	0	0	1	1	2	2	2	2	0	0	0	0	0	0	0	0	1	"1"	"2"	"1"	"1"	"2"	"2"	7800	2	5	5	2	2	2	5	2	2	2	2	2	2	2	3	2	2	2	2	1	3
"82"	"{375E5517-97C6-E811-914C-74867AD5B714}"	1	0	1	23	12	1	4	4.8	21	"3"	6	28	"3"	5.4	27	"3"	5.22862784078864	44.4528833309809	17	7	16	13	2	1	3	1	0	0	0	0	1	2	1	1	0	0	0	0	0	1	1	0	1	"1"	"2"	"1"	"1"	"2"	"2"	10800	1	5	1	1	1	1	2	1	1	4	1	1	1	1	1	3	4	3	3	2	1
"83"	"{3775FE62-577A-E811-B124-74867AD5B714}"	1	0	1	2	14	2	3	6.4	18	"2"	7.7	25	"2"	7.4	25	"3"	5.86085867446615	21.5048833330472	15	13	18	13	2	2	3	2	0	4	0	0	2	1	2	2	0	0	0	0	0	0	0	1	1	"1"	"5"	"2"	"1"	"2"	"2"	11500	4	1	4	4	2	5	4	4	5	4	4	4	2	2	4	2	2	2	4	3	0
"84"	"{3790BFE2-7CE3-E811-8FB7-74867AD5B714}"	1	0	1	12	14	1	2	5	17	"3"	5.9	20	"3"	5.5	20	"3"	4.63779314741114	14.9566166679064	8	16	12	13	2	4	2	3	2	1	0	1	2	2	2	2	0	0	0	0	0	0	0	0	1	"1"	"2"	"1"	"1"	"2"	"1"	9900	1	4	5	2	2	2	3	2	2	2	2	2	2	5	1	1	2	2	1	1	3
"85"	"{3819A850-CBC5-E811-914C-74867AD5B714}"	1	0	1	3	12	1	1	8.3	28	"3"	9.3	32	"3"	8.8	34	"3"	7.45356234115071	39.3309500018756	17	16	15	15	2	1	3	1	2	2	2	2	1	1	1	1	1	1	1	1	0	1	0	1	1	"1"	"6"	"1"	"2"	"2"	"2"	15000	4	2	2	2	2	2	4	2	2	2	1	1	1	3	4	2	4	4	3	2	4
"86"	"{38A2EF84-09CC-E811-914C-74867AD5B714}"	1	0	1	20	14	1	3	6.2	22	"3"	6.2	24	"3"	6.6	24	"3"	6.39070453803249	33.382450000445	8	20	18	20	2	4	2	4	1	3	1	3	2	1	1	1	0	0	0	0	1	1	1	0	1	"2"	"6"	"1"	"2"	"2"	"1"	12000	2	5	3	2	2	2	5	2	2	3	2	2	2	2	1	1	1	1	1	1	1
"87"	"{3B02B1F0-0EE2-E811-8FB7-74867AD5B714}"	1	0	1	1	12	2	2	4.1	15	"3"	5.2	20	"3"	5.2	26	"3"	3.32041920432399	20.2890499989192	11	19	17	11	4	3	6	4	0	1	0	0	2	2	2	2	0	0	0	0	0	0	0	0	2	"1"	"3"	"1"	"1"	"2"	"1"	10200	1	1	4	1	2	1	4	1	1	1	1	1	1	5	2	2	2	2	2	1	3
"88"	"{3B262979-60D4-E811-8FB7-74867AD5B714}"	1	0	1	10	15	1	2	5.8	14	"1"	7.4	15	"1"	6.7	16	"2"	4.76124845287191	11.6500500003497	9	9	13	12	2	3	2	0	0	0	1	0	2	0	2	1	0	1	0	1	0	0	0	1	1	"2"	"1"	"1"	"1"	"1"	"2"	10000	4	4	4	1	2	1	2	1	1	1	1	1	4	5	1	1	2	4	1	1	5
"89"	"{3CFD12ED-BAE6-E811-8FB7-74867AD5B714}"	1	0	1	1	15	2	3	3	8	"4"	3	8	"1"	4.6	10	"1"	3.55656446810794	10.32600000302	5	4	6	5	0	0	0	0	0	0	0	0	0	0	0	1	0	0	0	0	0	0	0	0	1	"1"	"4"	"1"	"1"	"2"	"1"	8000	1	1	2	1	2	1	4	1	1	2	1	1	2	3	1	1	1	1	1	1	1
"90"	"{3D69B31A-89CD-E811-914C-74867AD5B714}"	1	0	1	11	12	1	2	12.2	26	"3"	0	0	"0"	0	0	"0"	11.3335482967195	24.5650000015895	4	999	999	7	2	999	999	3	2	999	999	0	1	999	999	1	0	0	999	999	3	2	999	999	1	"1"	"2"	"1"	"1"	"2"	"1"	17000	1	4	5	2	2	2	3	2	2	2	2	2	4	4	3	2	1	1	1	1	3
"91"	"{3E128564-1CD7-E811-8FB7-74867AD5B714}"	1	0	1	17	15	0	2	3.4	10	"2"	4.1	18	"3"	0	0	"0"	3.47000976239613	10.7747166673342	4	10	999	4	0	1	999	0	6	0	999	6	0	0	999	0	0	0	0	999	0	0	0	999	1	"1"	"3"	"1"	"1"	"2"	"2"	7800	1	5	3	2	2	2	5	2	2	3	2	2	2	3	1	1	3	3	1	1	1
"92"	"{42F5F39B-A9CC-E811-914C-74867AD5B714}"	1	0	1	0.5	12	2	3	3.1	9	"1"	2.7	9	"2"	3	9	"2"	2.86788098003027	7.34643333355586	3	3	4	4	0	0	0	0	1	1	0	0	2	0	2	2	0	0	0	0	1	0	0	1	1	"1"	"1"	"1"	"1"	"1"	"1"	7000	3	1	3	3	2	1	3	3	1	1	1	1	3	5	1	1	2	1	3	1	1
"93"	"{445DC354-9BDC-E811-8FB7-74867AD5B714}"	1	0	1	22	12	1	4	3.7	15	"3"	4.7	15	"3"	4.1	17	"3"	3.03554192053147	12.1200000007947	15	15	9	12	1	2	1	2	6	4	1	0	2	2	1	2	0	0	0	0	0	1	0	0	2	"2"	"2"	"2"	"1"	"2"	"2"	9800	1	5	3	3	1	2	3	2	2	2	2	2	4	5	4	2	1	4	3	2	1
"94"	"{4642D928-57CB-E811-914C-74867AD5B714}"	1	0	1	15	12	0	4	4.6	19	"3"	4.8	20	"3"	6.1	23	"3"	5.39426834664467	20.548766664664	11	11	13	10	0	0	1	1	0	0	0	0	1	0	1	1	0	0	0	0	0	0	0	0	1	"2"	"1"	"2"	"1"	"2"	"1"	10800	4	5	5	2	2	2	5	2	2	2	2	2	3	2	3	1	1	1	2	1	1
"95"	"{46B58ADA-CFC5-E811-914C-74867AD5B714}"	1	0	1	25	12	1	3	6.1	16	"2"	6.3	22	"3"	7.5	24	"3"	6.10965101808025	27.0566666682561	5	7	12	10	0	1	3	1	0	0	0	0	0	0	0	0	0	0	0	0	0	1	1	0	0	"1"	"2"	"1"	"1"	"2"	"2"	12700	4	5	4	2	2	4	5	2	2	4	2	2	5	3	5	2	2	2	3	2	1
"96"	"{47212798-FAEB-E811-8FB7-74867AD5B714}"	0	1	1	35	12	1	3	5.2	16	"2"	7.5	21	"3"	0	0	"0"	7.9856613284706	18.8832833329837	13	13	999	15	2	3	999	2	1	1	1	1	2	2	999	2	0	1	0	999	0	0	0	999	1	"2"	"4"	"1"	"1"	"1"	"2"	10400	1	5	4	2	2	1	4	2	1	2	1	1	2	2	1	1	1	1	1	1	1
"97"	"{47D17FF7-D1D7-E811-8FB7-74867AD5B714}"	1	0	1	40	14	1	4	7.2	21	"3"	8.4	27	"3"	8.7	27	"3"	6.20002156373171	26.6004499991735	11	11	17	11	3	3	3	3	0	2	1	0	2	2	2	0	1	1	0	0	0	0	0	0	1	"2"	"5"	"1"	"1"	"2"	"1"	12000	1	5	3	3	1	3	5	3	3	2	2	3	4	4	5	4	4	5	3	5	1
"98"	"{49283310-13D2-E811-8FB7-74867AD5B714}"	1	0	1	22	12	1	3	6.7	13	"1"	6.7	15	"2"	7.4	16	"2"	6.98659258021562	14.7585500001907	8	6	7	8	3	1	1	3	0	0	0	0	1	1	1	1	0	0	0	0	1	1	1	0	2	"1"	"1"	"1"	"1"	"1"	"1"	12500	1	5	5	2	2	2	5	2	2	2	2	2	4	5	2	2	2	2	1	1	6
"99"	"{494F40B8-A8CC-E811-914C-74867AD5B714}"	1	0	1	10	10	1	3	4.8	12	"1"	9.5	16	"1"	6.9	17	"2"	4.70605301356862	9.64128333330154	7	6	5	3	3	3	2	0	4	0	4	4	0	2	0	0	0	0	0	0	0	0	3	0	1	"1"	"1"	"1"	"1"	"1"	"1"	9300	4	4	4	2	2	2	5	2	2	4	2	2	2	2	1	1	1	1	1	1	1
"100"	"{497AAECD-60BC-E811-914C-74867AD5B714}"	1	0	1	15	12	0	2	5.9	17	"2"	7.4	20	"2"	6.8	23	"3"	5.91862565377002	17.0245000004768	12	15	12	10	2	4	2	2	0	0	1	1	2	0	2	2	0	0	1	0	0	0	0	2	1	"1"	"2"	"1"	"1"	"2"	"2"	11100	1	5	1	2	2	4	2	4	4	4	4	2	1	1	5	4	4	4	5	5	0
"101"	"{49B01ED5-A3E9-E811-8FB7-74867AD5B714}"	1	0	1	22	15	2	4	4.8	14	"2"	0	0	"0"	0	0	"0"	7.76982445892784	28.0517166654269	14	999	999	22	3	999	999	3	0	999	999	0	2	999	999	2	0	0	999	999	1	1	999	999	1	"1"	"4"	"1"	"1"	"1"	"1"	14000	4	5	5	2	2	2	5	2	2	5	2	2	3	3	4	1	1	1	3	1	1
"102"	"{4A9D79A1-82CD-E811-914C-74867AD5B714}"	1	0	1	11	12	1	2	3	9	"1"	3	8	"1"	4.6	12	"3"	3.12591618058848	12.0245500008265	2	3	3	2	0	0	0	0	0	0	0	0	0	0	0	0	0	0	0	0	0	0	0	0	1	"1"	"1"	"1"	"1"	"2"	"1"	7200	1	4	2	1	2	1	4	1	1	2	1	1	2	2	1	1	1	1	1	1	1
"103"	"{4BF7A619-E6D7-E811-8FB7-74867AD5B714}"	1	0	1	1	12	1	1	5.8	15	"2"	6.8	18	"2"	6.7	17	"2"	5.46507552295039	12.6758333325386	9	10	11	9	1	3	1	1	1	2	0	0	0	0	0	0	0	0	1	0	1	1	0	1	1	"2"	"1"	"1"	"1"	"2"	"2"	10500	1	1	5	2	1	3	3	2	2	2	2	2	5	5	1	2	2	2	3	2	3
"104"	"{4C02589A-FDD5-E811-8FB7-74867AD5B714}"	1	0	1	3	14	1	1	6	14	"1"	5.4	16	"2"	4.8	22	"3"	5.15435063982563	15.855166665713	12	16	22	16	2	3	2	2	0	0	1	0	1	2	1	2	0	0	0	0	1	1	1	1	1	"1"	"1"	"1"	"1"	"1"	"2"	10200	2	2	4	2	2	2	5	2	2	4	2	2	2	3	1	1	4	4	1	1	1
"105"	"{4C2C5673-A6D3-E811-8FB7-74867AD5B714}"	1	0	1	15	10	1	2	5.5	19	"2"	7.2	19	"2"	7.2	20	"2"	5.58091401604086	18.3444499969482	16	16	21	16	2	2	2	2	0	0	0	0	1	2	2	1	0	0	0	0	1	1	1	1	2	"1"	"1"	"1"	"1"	"1"	"1"	11000	1	5	2	2	1	2	2	2	1	2	1	1	2	5	2	1	2	1	2	1	1
"106"	"{4C90677E-E1E2-E811-8FB7-74867AD5B714}"	1	0	3	12	11	1	3	4.2	13	"2"	4.2	13	"2"	5.4	17	"3"	3.72626720054955	13.2605000019073	16	11	19	11	2	1	4	0	0	0	1	1	0	0	2	0	0	0	0	0	0	1	0	1	1	"1"	"1"	"1"	"1"	"2"	"2"	8800	4	4	1	4	1	1	1	1	1	1	1	1	3	5	2	1	2	5	3	1	5
"107"	"{4D0F0833-12E5-E811-8FB7-74867AD5B714}"	1	0	1	25	12	2	3	4	12	"3"	4.3	13	"3"	4.8	13	"2"	4.18896493236783	13.6909500002861	6	12	2	11	1	3	1	3	0	0	0	0	0	0	0	0	0	0	0	0	1	0	1	0	2	"1"	"2"	"1"	"1"	"2"	"1"	9800	4	5	5	2	1	2	5	2	2	2	2	2	4	2	4	3	2	2	3	2	1
"108"	"{4F514B86-915B-E811-95E4-74867AD5B714}"	1	0	1	22	12	0	3	9.5	23	"2"	8.4	26	"3"	9.6	27	"3"	7.98356463528468	27.3485000014305	11	13	14	12	2	3	2	2	2	2	2	2	1	2	2	1	0	1	1	1	0	0	0	0	2	"1"	"5"	"2"	"1"	"2"	"1"	14300	2	5	2	5	1	4	4	4	4	4	5	5	5	5	1	4	4	3	2	5	3
"109"	"{4FBD7528-FBE8-E811-8FB7-74867AD5B714}"	0	1	1	8	14	1	2	5.5	17	"3"	6.1	21	"3"	7.2	26	"3"	4.62833208804925	15.8730666677157	8	14	9	11	2	0	2	2	0	0	0	0	2	2	1	1	0	0	0	0	1	1	1	1	1	"1"	"2"	"1"	"1"	"2"	"1"	9200	1	3	5	2	1	2	5	2	2	3	2	2	3	2	1	1	3	3	1	1	1
"110"	"{4FDFB32F-B0D7-E811-8FB7-74867AD5B714}"	1	0	1	8	10	0	3	4.3	13	"2"	6.4	15	"2"	6.5	16	"2"	2.92624794877176	16.5717666665713	9	4	8	9	0	3	2	0	0	0	0	0	0	0	0	0	1	1	0	0	0	0	1	1	1	"1"	"3"	"1"	"1"	"2"	"1"	7100	1	3	2	2	2	1	4	1	1	1	2	2	2	2	4	3	2	1	2	1	3
"111"	"{500E8979-4CE4-E811-8FB7-74867AD5B714}"	1	0	1	10	12	1	3	7.6	23	"3"	7.8	26	"2"	11.4	28	"3"	7.79009744525161	26.2917833328247	23	24	24	23	3	3	6	3	0	0	0	0	1	1	2	1	1	0	0	0	1	1	0	2	1	"1"	"2"	"1"	"2"	"2"	"1"	16700	1	4	4	1	2	1	4	1	1	1	1	1	2	3	4	3	2	1	4	2	1
"112"	"{50E02347-92CD-E811-914C-74867AD5B714}"	1	0	1	21	10	1	3	11.4	24	"2"	11.9	24	"2"	12.3	25	"2"	9.60050591436877	17.5812833309174	11	10	8	8	4	3	4	3	0	0	0	0	1	1	1	1	0	0	0	0	1	2	2	2	1	"1"	"2"	"2"	"1"	"2"	"1"	16000	4	5	2	2	1	3	5	3	3	5	3	2	2	5	2	1	2	2	3	2	3
"113"	"{50E5C004-F2D5-E811-8FB7-74867AD5B714}"	1	0	1	5	12	0	4	4.6	16	"3"	5.6	20	"3"	5.8	21	"3"	5.3944326450201	26.9423833330472	13	12	8	12	0	1	2	1	3	3	3	3	1	1	1	1	0	0	0	0	0	0	0	0	2	"1"	"2"	"2"	"1"	"1"	"2"	12600	4	2	2	5	2	4	5	4	4	4	2	2	2	3	5	1	1	1	5	2	1
"114"	"{514C21C4-B0CC-E811-914C-74867AD5B714}"	1	0	1	10	14	2	3	4.2	15	"3"	5.2	16	"3"	5.6	18	"3"	4.50774224347259	18.9902166644732	13	10	9	8	3	2	2	0	5	2	3	3	2	1	2	1	0	0	0	0	0	1	1	0	2	"1"	"1"	"1"	"1"	"2"	"1"	9700	4	4	4	1	2	1	4	1	1	1	1	1	2	5	2	1	1	1	2	1	1
"115"	"{514E2B7D-02D6-E811-8FB7-74867AD5B714}"	0	1	1	20	14	1	3	4.8	14	"2"	5.3	17	"2"	6.5	18	"2"	4.56210227379283	15.5092333316803	14	13	15	14	3	2	3	3	0	0	0	0	2	2	1	2	0	0	0	1	0	0	0	0	1	"1"	"1"	"1"	"1"	"1"	"1"	9300	1	5	4	1	2	1	2	1	1	1	1	1	2	5	3	1	3	3	1	1	1
"116"	"{5226956F-88C6-E811-914C-74867AD5B714}"	1	0	1	5	12	1	3	3.7	15	"3"	5.5	15	"3"	4	18	"3"	5.98448097786227	22.9080500006676	8	9	10	13	1	0	0	2	1	1	1	1	0	0	2	0	0	0	0	0	1	0	0	0	2	"1"	"2"	"1"	"1"	"2"	"1"	10500	4	2	4	2	2	4	5	2	4	4	2	2	2	2	1	1	4	4	3	2	1
"117"	"{529A3FC5-C378-E811-B124-74867AD5B714}"	1	0	1	25	8	0	3	6.4	25	"0"	6.8	27	"0"	8.6	29	"0"	7.3891413413626	24.2633833328883	11	9	16	11	1	2	3	1	1	0	0	0	1	1	2	1	0	0	0	0	0	1	0	0	2	"1"	"5"	"3"	"1"	"2"	"1"	12600	4	5	1	2	2	4	2	2	4	4	2	2	2	1	5	4	2	2	5	3	0
"118"	"{5330136F-3CCB-E811-914C-74867AD5B714}"	1	0	1	10	14	2	2	8.7	26	"3"	12	27	"2"	12.7	31	"3"	7.08040364818672	22.0212166666985	21	19	10	21	4	7	5	4	0	0	0	0	1	2	1	1	1	0	0	0	1	1	1	2	1	"2"	"3"	"1"	"1"	"2"	"1"	15600	1	4	3	1	2	1	4	1	1	1	3	1	3	3	4	3	2	1	2	1	3
"119"	"{536715D9-2DC7-E811-914C-74867AD5B714}"	0	1	1	5	12	1	2	4.7	12	"2"	5.3	13	"2"	6.4	17	"3"	4.23554152460858	17.95643333594	11	8	18	8	3	3	6	3	0	0	0	0	0	0	0	0	0	0	0	0	0	1	0	0	1	"1"	"3"	"1"	"1"	"2"	"1"	9300	4	2	5	3	2	2	5	2	2	2	2	2	2	4	1	1	3	3	2	1	3
"120"	"{53DFAA70-D2DB-E811-8FB7-74867AD5B714}"	1	0	1	18	12	1	3	6.6	19	"3"	7.4	18	"3"	6.4	23	"3"	6.11685873581715	25.225933333238	11	12	17	16	2	5	3	1	0	0	0	0	1	1	1	2	0	0	0	0	0	0	0	0	1	"1"	"5"	"1"	"1"	"2"	"2"	11000	4	5	4	4	2	4	5	2	2	4	2	2	2	3	1	1	3	3	2	1	1
"121"	"{5436C601-3AE4-E811-8FB7-74867AD5B714}"	1	0	1	0.5	12	1	3	6.3	16	"2"	6.8	17	"2"	6	19	"3"	5.63147195454446	21.8766166687012	17	16	12	15	3	1	1	2	1	1	1	3	0	0	2	2	0	0	0	0	1	0	1	1	1	"1"	"4"	"1"	"1"	"1"	"1"	11000	4	1	4	1	2	1	4	1	1	3	1	1	3	5	1	1	1	1	1	1	1
"122"	"{54F72912-A0D4-E811-8FB7-74867AD5B714}"	0	1	2	1	12	2	3	11.6	24	"2"	8.2	27	"3"	9.8	26	"3"	7.70884999009309	30.1344000021617	999	21	16	21	7	4	6	4	1	0	0	0	2	1	1	1	0	2	1	1	1	1	0	1	1	"2"	"2"	"1"	"1"	"2"	"1"	15300	2	1	4	1	2	2	4	1	1	1	1	1	1	4	2	1	1	1	4	1	1
"123"	"{5528961E-D7C5-E811-914C-74867AD5B714}"	1	0	1	8	16	1	3	5.1	16	"3"	4.9	15	"3"	5.4	16	"3"	4.26042704409423	17.7356666644414	15	13	12	10	2	2	3	0	0	0	0	0	2	2	2	2	0	0	0	0	0	0	0	0	1	"1"	"3"	"2"	"1"	"2"	"1"	9000	2	3	2	1	1	2	1	1	1	2	1	1	4	3	1	2	1	2	4	2	1
"124"	"{5639E9B2-3ECB-E811-914C-74867AD5B714}"	1	0	1	3	12	0	2	7	20	"2"	6.2	20	"3"	0	0	"0"	6.14257868389767	28.3620500008265	11	14	999	14	2	2	999	2	0	0	999	0	1	1	999	1	1	0	0	999	2	0	2	999	2	"2"	"2"	"2"	"1"	"2"	"1"	11400	2	2	4	2	1	2	4	2	2	4	2	2	4	4	1	1	4	3	3	1	1
"125"	"{56FF6CE7-E9C8-E811-914C-74867AD5B714}"	1	0	1	20	8	4	3	2.3	7	"1"	0	0	"0"	0	0	"0"	2.26533439650018	8.337433330218	3	999	999	5	0	999	999	0	0	999	999	0	0	999	999	0	0	0	999	999	0	0	999	999	1	"1"	"1"	"1"	"1"	"2"	"1"	6000	4	5	2	2	2	3	5	3	5	3	2	2	2	1	5	5	3	3	4	3	1
"126"	"{573FC728-A7D3-E811-8FB7-74867AD5B714}"	1	0	1	24	14	1	3	3.9	10	"2"	3.6	13	"3"	4	15	"3"	4.31924092731231	15.9431166688601	6	7	11	7	1	1	1	0	0	0	0	0	0	0	0	1	0	0	0	0	0	1	1	0	1	"1"	"3"	"1"	"1"	"1"	"1"	8500	4	5	2	1	2	1	4	1	1	2	1	1	3	3	1	1	1	1	1	1	1
"127"	"{57646952-ACCC-E811-914C-74867AD5B714}"	0	1	1	4	13	2	2	2.4	8	"2"	2.6	10	"2"	3.4	10	"2"	2.79338084021125	9.60693333148956	4	5	4	4	1	1	1	1	0	0	0	0	0	0	0	0	0	0	0	0	0	0	0	0	1	"1"	"1"	"1"	"1"	"1"	"1"	7000	1	2	5	2	2	2	5	2	2	2	2	2	4	5	1	1	2	4	1	2	5
"128"	"{5B262F71-64D9-E811-8FB7-74867AD5B714}"	1	0	1	10	12	4	3	6.3	17	"2"	6.8	21	"3"	6	23	"3"	6.37604840132392	19.4450500011444	11	12	11	11	2	1	1	2	2	2	2	0	0	0	2	0	0	0	0	0	0	0	2	1	1	"1"	"2"	"1"	"1"	"2"	"1"	11000	1	4	2	1	2	2	4	1	2	2	1	1	2	2	1	1	3	4	2	1	1
"129"	"{5DE3C6B9-A278-E811-B124-74867AD5B714}"	1	0	1	40	10	1	4	5.7	15	"2"	6.6	18	"2"	0	0	"0"	4.83113454065247	15.5004499991735	13	13	999	15	1	2	999	0	0	1	999	0	2	2	999	2	0	0	0	999	0	0	2	999	2	"1"	"1"	"1"	"1"	"2"	"1"	9300	4	5	1	2	2	4	2	4	4	4	2	2	1	5	4	2	3	2	2	2	0
"130"	"{5E9CC871-20E5-E811-8FB7-74867AD5B714}"	1	0	1	8	12	1	2	7.5	28	"3"	5.6	30	"3"	5.5	32	"3"	5.19121817331661	25.8201666673024	22	20	16	18	2	2	2	3	0	2	1	0	2	1	1	1	0	0	0	0	1	0	1	1	1	"1"	"6"	"2"	"2"	"2"	"1"	11600	4	3	1	2	1	1	4	1	1	2	1	2	1	4	1	1	3	2	1	1	2
"131"	"{5EC39CAF-B5CC-E811-914C-74867AD5B714}"	1	0	1	15	13	1	4	6.2	15	"2"	6.7	15	"2"	5.7	14	"2"	6.14088830075302	15.4635999997457	9	7	9	9	2	0	1	1	0	0	0	0	0	0	0	0	0	0	0	0	0	1	1	1	1	"1"	"2"	"2"	"1"	"2"	"1"	11500	3	5	1	4	2	1	3	4	1	1	1	1	3	5	4	2	2	3	3	1	1
"132"	"{5F709AE7-C0C5-E811-914C-74867AD5B714}"	1	0	1	1	14	1	2	4.8	16	"3"	6	17	"3"	6.4	22	"3"	4.7980092515459	37.5235500017802	3	6	6	17	1	1	1	3	0	0	0	1	0	0	0	2	0	1	1	1	0	0	1	1	1	"1"	"6"	"1"	"1"	"2"	"1"	12700	4	1	1	3	2	4	4	3	4	4	1	1	1	4	4	2	1	1	3	2	1
"133"	"{60D70C69-4FCB-E811-914C-74867AD5B714}"	0	1	1	9	16	1	3	5.6	18	"3"	4.7	19	"3"	4.9	20	"3"	4.60026668614235	18.2788333336512	21	20	17	10	3	2	2	3	2	6	0	0	2	2	2	1	0	0	0	0	0	0	1	0	2	"2"	"2"	"1"	"1"	"2"	"2"	10000	2	4	2	5	2	4	4	5	4	4	4	2	5	1	5	5	4	4	5	5	1
"134"	"{6113CA0C-0CD2-E811-8FB7-74867AD5B714}"	0	1	1	10	8	3	4	5.3	13	"2"	5.4	14	"2"	0	0	"0"	4.98484594165401	17.2079499999682	9	14	999	12	2	2	999	2	0	0	999	0	1	2	999	1	0	1	0	999	0	0	0	999	1	"1"	"3"	"1"	"1"	"1"	"2"	10000	4	4	5	2	2	2	5	2	2	2	2	2	2	5	1	1	1	1	1	1	1
"135"	"{61A92AD7-DCDE-E811-8FB7-74867AD5B714}"	1	0	1	18	15	1	3	7.6	16	"2"	5.4	14	"2"	4.8	15	"3"	4.35203180773807	16.711333334446	17	12	8	6	5	5	3	3	0	0	0	0	2	1	2	2	0	1	0	0	0	2	0	0	1	"2"	"2"	"1"	"1"	"2"	"1"	9400	4	5	5	2	2	2	3	2	2	2	2	2	4	5	2	2	4	2	3	1	4
"136"	"{6272E1C4-E3C8-E811-914C-74867AD5B714}"	0	1	1	9	14	1	2	3.9	13	"3"	4.3	15	"3"	4.4	17	"3"	4.11416604935264	17.2242166678111	10	12	8	9	0	2	1	0	0	0	0	0	2	2	0	2	0	0	0	0	0	0	0	0	1	"1"	"1"	"1"	"1"	"2"	"1"	8600	1	4	4	1	2	1	4	1	1	1	1	1	2	3	1	1	2	1	1	2	1
"137"	"{64557BBA-09D6-E811-8FB7-74867AD5B714}"	0	1	1	7	10	1	3	3.7	9	"2"	0	0	"0"	0	0	"0"	3.68057878393072	10.0606666684151	14	999	999	14	2	999	999	2	0	999	999	0	1	999	999	1	0	0	999	999	0	0	999	999	1	"1"	"1"	"1"	"1"	"1"	"1"	8900	1	3	4	2	2	4	5	4	4	2	2	2	4	4	3	1	2	1	2	1	1
"138"	"{650344A4-14D7-E811-8FB7-74867AD5B714}"	1	0	1	5	12	1	2	5.2	11	"2"	5.9	17	"3"	4.8	15	"3"	4.59708356378862	14.566833337148	5	8	9	8	2	2	0	2	0	0	0	0	0	0	0	0	0	1	0	0	0	0	1	0	2	"2"	"2"	"1"	"1"	"2"	"2"	9500	4	2	4	1	2	1	2	1	1	1	1	1	1	2	2	2	3	1	5	1	5
"139"	"{653E753C-29DE-E811-8FB7-74867AD5B714}"	0	1	1	1	12	0	1	3.5	9	"2"	3.6	10	"1"	4.4	11	"2"	3.52759194362303	8.06611666679382	3	7	6	3	2	0	3	2	1	1	2	2	1	1	2	1	0	0	0	0	1	1	0	1	1	"1"	"4"	"1"	"1"	"2"	"2"	8200	1	1	2	1	2	1	4	1	1	2	1	1	2	4	1	1	3	1	1	1	1
"140"	"{66494761-EBC0-E811-914C-74867AD5B714}"	1	0	1	10	14	1	4	7.4	20	"1"	8	24	"3"	7.6	24	"3"	7.2025288904649	23.7803333322207	14	18	18	18	4	6	7	5	3	0	0	0	1	1	1	1	0	0	0	0	1	0	0	0	2	"1"	"2"	"1"	"1"	"2"	"1"	14100	4	4	2	2	2	2	5	2	2	2	2	2	2	5	1	2	2	2	1	1	1
"141"	"{66E1D3FA-EAC7-E811-914C-74867AD5B714}"	1	0	1	14	16	1	2	7.3	23	"3"	7.2	25	"3"	7	26	"3"	7.07709063672131	24.5275666673978	16	18	23	19	4	3	4	3	1	1	1	1	2	2	2	2	0	0	0	0	0	0	0	0	1	"1"	"2"	"2"	"1"	"1"	"1"	11600	1	5	1	2	1	4	2	1	2	2	2	1	1	4	2	2	2	3	2	2	0
"142"	"{678F2AF7-8F78-E811-B124-74867AD5B714}"	1	0	1	26	10	0	3	4.5	13	"1"	5.7	16	"1"	5.3	16	"1"	4.67262702305341	13.2115500013034	12	12	12	12	0	0	0	0	1	1	1	0	2	2	0	2	0	0	0	0	0	0	0	0	1	"1"	"3"	"1"	"2"	"1"	"1"	9100	1	5	4	4	1	2	4	2	2	4	4	4	2	2	4	2	4	4	3	3	0
"143"	"{6949607A-00D6-E811-8FB7-74867AD5B714}"	1	0	1	10	12	4	3	5.6	14	"2"	6.7	14	"2"	6.7	18	"2"	5.00912791242916	13.5151166677475	10	7	18	10	1	1	3	1	0	0	0	0	2	1	2	1	0	0	0	0	0	2	2	2	1	"1"	"1"	"1"	"1"	"1"	"1"	10000	4	4	4	2	1	2	5	2	2	4	2	2	2	1	1	1	3	4	1	1	1
"144"	"{696F8B44-08EC-E811-8FB7-74867AD5B714}"	1	0	1	3	15	1	1	3	8	"4"	3	8	"1"	4.6	11	"2"	3.53675806518506	6.94266666968664	3	4	5	3	0	0	0	0	0	0	0	0	0	0	0	0	0	0	0	0	0	0	1	0	1	"1"	"1"	"1"	"1"	"1"	"1"	6800	1	2	3	2	2	2	3	2	2	3	2	2	4	5	1	1	1	1	1	1	1
"145"	"{69766D01-9AD3-E811-8FB7-74867AD5B714}"	1	0	1	6	14	4	3	5.5	13	"2"	7.3	16	"3"	6.9	17	"3"	4.8920643213181	14.8771666646004	4	8	5	6	1	1	2	1	0	0	2	0	1	0	2	1	0	0	0	1	0	0	0	1	1	"1"	"1"	"1"	"1"	"1"	"2"	9800	1	3	5	2	2	2	5	2	2	4	2	2	2	3	1	1	1	1	1	1	1
"146"	"{6C4E58BF-A7E3-E811-8FB7-74867AD5B714}"	1	0	1	18	12	1	4	4	11	"2"	3.9	10	"2"	4.6	11	"2"	4.84453258346274	17.967616669337	11	7	9	11	3	1	2	2	1	1	2	1	1	1	2	1	0	0	0	0	0	1	1	1	1	"1"	"3"	"1"	"1"	"2"	"2"	9600	4	5	4	1	1	1	4	1	1	2	1	1	2	4	1	1	2	2	1	1	1
"147"	"{6DB46E7C-DFDE-E811-8FB7-74867AD5B714}"	1	0	1	15	10	2	3	6.4	26	"3"	6.1	35	"3"	6.2	38	"3"	6.66345204344113	44.2217166662216	13	13	11	15	6	5	6	3	0	2	0	0	0	2	2	0	0	0	0	0	0	1	1	0	1	"2"	"3"	"2"	"1"	"2"	"1"	17200	4	5	1	4	2	1	4	1	1	1	1	3	3	5	5	2	3	1	4	5	1
"148"	"{6FF3DFAA-2ADE-E811-8FB7-74867AD5B714}"	1	0	1	40	12	0	4	6.2	19	"3"	6.6	20	"3"	7.3	18	"3"	5.80897486184733	25.8637166659037	23	14	13	11	3	2	3	0	1	3	1	5	2	2	2	1	0	0	0	0	0	0	0	0	1	"1"	"6"	"1"	"1"	"2"	"2"	11500	4	5	3	3	2	2	5	3	2	3	2	2	3	3	1	1	1	1	1	1	1
"149"	"{6FF4A19A-26DE-E811-8FB7-74867AD5B714}"	1	0	1	15	10	0	3	2.9	11	"2"	0	0	"0"	0	0	"0"	3.28306196253265	14.6360499978065	2	999	999	6	0	999	999	0	0	999	999	0	0	999	999	1	0	0	999	999	0	0	999	999	1	"1"	"3"	"1"	"1"	"2"	"2"	7800	4	5	2	1	1	1	4	1	1	2	1	1	2	3	1	2	2	1	1	1	1
"150"	"{7075AD0F-47CB-E811-914C-74867AD5B714}"	1	0	1	9	15	1	2	7.4	28	"3"	7.2	30	"3"	9.2	30	"3"	8.24730037842145	53.3516166647275	23	24	26	27	4	2	4	2	3	3	1	6	2	2	2	1	1	2	0	1	0	0	1	1	2	"2"	"5"	"1"	"1"	"2"	"2"	17500	4	4	1	4	2	1	3	3	3	1	3	1	4	5	3	1	2	2	2	1	3
"151"	"{707EA9A3-FEEB-E811-8FB7-74867AD5B714}"	0	1	1	1	12	4	3	5.9	20	"3"	7.1	19	"3"	5.9	20	"3"	6.86103242350522	20.5562333345413	19	12	18	14	3	2	2	4	3	2	1	3	2	2	0	2	0	0	0	0	0	0	0	1	1	"2"	"2"	"1"	"2"	"1"	"2"	10800	4	1	4	1	2	1	4	1	1	2	1	1	2	2	1	1	1	2	1	1	1
"152"	"{708DBE38-3DC0-E811-914C-74867AD5B714}"	1	0	1	5	15	2	3	5.6	12	"1"	6.7	13	"1"	7.4	15	"2"	2.37249644553301	17.2556666652362	11	10	8	8	2	3	3	1	0	0	0	0	0	0	0	0	0	0	0	0	0	1	0	2	1	"1"	"3"	"1"	"1"	"2"	"1"	8000	4	2	5	2	2	2	5	2	2	4	2	2	2	1	1	1	1	1	1	1	4
"153"	"{72BC66FC-06D2-E811-8FB7-74867AD5B714}"	1	0	1	7	16	1	3	4.8	14	"3"	6.1	16	"2"	4.7	17	"3"	5.05083410754439	22.3853833357493	10	13	16	21	1	3	2	1	0	0	3	3	1	0	2	1	1	0	0	0	1	1	0	1	1	"1"	"2"	"1"	"1"	"1"	"2"	11200	4	3	4	1	2	1	3	1	1	1	1	1	3	5	3	1	2	2	2	1	1
"154"	"{72ED78DC-AACC-E811-914C-74867AD5B714}"	1	0	1	2	13	2	2	3.9	10	"1"	3.8	11	"1"	5.9	12	"1"	2.23754823863894	6.72121666669846	4	2	3	4	0	0	2	0	0	0	0	0	0	0	0	0	0	0	0	0	0	0	0	0	1	"1"	"1"	"1"	"1"	"1"	"1"	6000	4	1	4	1	2	1	4	1	1	1	1	1	2	4	4	2	3	1	3	2	4
"155"	"{77DCBC62-E8C0-E811-914C-74867AD5B714}"	1	0	1	3	14	1	3	3.9	16	"3"	7.3	16	"3"	0	0	"0"	3.58393955660375	14.3624499996503	11	13	999	11	5	6	999	5	0	0	999	0	2	2	999	2	0	0	0	999	0	0	2	999	1	"1"	"3"	"1"	"1"	"2"	"1"	9200	1	2	1	1	2	1	2	1	1	2	1	1	1	5	2	2	1	3	1	1	1
"156"	"{796CB5BA-41E7-E811-8FB7-74867AD5B714}"	1	0	1	1	15	4	3	4.3	15	"3"	5.1	14	"3"	4.4	16	"3"	4.28122646266636	21.9643833319346	19	18	20	18	2	2	2	3	10	0	2	5	2	2	2	2	0	0	0	0	0	1	0	0	2	"1"	"2"	"1"	"1"	"1"	"2"	9000	4	1	3	2	2	2	5	2	2	3	2	2	4	2	1	2	3	2	1	1	1
"157"	"{797CCE76-CA69-E811-95E4-74867AD5B714}"	1	0	1	25	14	2	3	6.8	18	"2"	6.5	20	"3"	0	0	"0"	6.25185501552877	23.61571666797	17	19	999	14	2	3	999	2	4	2	999	0	1	2	999	2	1	1	0	999	1	0	0	999	2	"1"	"5"	"1"	"2"	"2"	"1"	10500	2	5	1	4	2	2	2	2	4	4	2	2	3	1	4	2	3	1	3	2	1
"158"	"{7B9D1F2D-6CEE-E811-A484-74867AD5B714}"	1	0	1	20	12	4	4	5	14	"2"	6.4	17	"1"	6.1	17	"2"	5.10842429399663	14.3307333310445	12	14	16	9	1	1	2	0	6	6	6	3	2	2	2	1	0	0	0	0	0	0	0	0	2	"1"	"4"	"1"	"1"	"1"	"1"	9200	4	5	1	2	1	2	2	4	4	4	2	2	2	4	2	2	5	5	5	3	4
"159"	"{7DC817C9-35E4-E811-8FB7-74867AD5B714}"	0	1	1	0.5	16	0	1	7.4	18	"2"	7.3	17	"2"	8	20	"3"	6.53910558443523	26.0719999988874	15	13	14	15	4	2	2	2	0	0	1	0	0	0	0	2	0	0	0	0	0	0	0	1	1	"1"	"3"	"1"	"1"	"1"	"1"	12400	2	1	3	2	2	2	5	2	2	3	2	2	3	4	1	1	1	1	1	1	1
"160"	"{7F407B06-F4BF-E811-914C-74867AD5B714}"	1	0	1	8	8	1	4	6.7	19	"3"	6.8	21	"3"	7.6	22	"3"	7.24185732268916	27.6068833351135	19	16	21	15	2	3	1	2	0	0	0	0	2	2	1	1	0	0	0	0	1	1	0	0	1	"1"	"4"	"1"	"1"	"1"	"2"	12500	4	3	4	1	2	1	4	1	1	1	1	1	1	4	3	1	3	3	1	1	1
"161"	"{7F5B9070-42CB-E811-914C-74867AD5B714}"	1	0	1	5	14	1	2	7.5	25	"3"	8.2	30	"3"	7.8	40	"3"	6.86253726818582	22.2493833343188	21	22	18	20	5	8	7	5	0	5	5	1	1	1	2	2	0	2	2	1	1	1	1	1	1	"2"	"2"	"1"	"1"	"2"	"1"	12500	4	2	4	2	2	2	4	2	2	2	4	2	2	3	2	1	2	1	2	1	1
"162"	"{7FD68364-DEC7-E811-914C-74867AD5B714}"	1	0	1	20	12	2	3	3.8	13	"2"	5.6	13	"1"	5.4	15	"1"	8.49798763347679	15.5828333338102	9	9	8	11	1	0	1	0	0	0	0	0	0	0	0	2	0	0	0	0	0	0	0	0	1	"1"	"1"	"1"	"1"	"1"	"1"	9800	2	5	4	1	2	1	4	1	1	1	1	1	2	5	3	1	1	3	3	1	1
"163"	"{800848EE-96D3-E811-8FB7-74867AD5B714}"	1	0	1	15	9	1	3	5.6	16	"3"	5.2	18	"3"	6.5	20	"3"	4.56945294731574	16.1549333333969	10	14	13	14	2	0	2	0	0	0	0	0	2	2	2	2	0	1	1	1	0	0	0	1	2	"1"	"1"	"1"	"1"	"1"	"2"	9000	2	5	5	2	2	2	5	2	2	2	2	2	2	5	2	2	2	1	1	1	1
"164"	"{80300F0C-90E2-E811-8FB7-74867AD5B714}"	0	1	1	10	12	4	3	6.9	17	"2"	6.8	17	"2"	6.8	18	"2"	7.11844985127695	18.8272833347321	15	12	18	18	4	3	4	4	4	4	0	2	0	0	2	2	0	0	0	0	0	0	0	0	1	"1"	"6"	"1"	"1"	"1"	"2"	12800	3	4	2	2	2	1	4	1	1	2	1	1	2	2	1	1	1	1	1	1	1
"165"	"{8048E4FB-D9C8-E811-914C-74867AD5B714}"	1	0	1	10	12	1	3	10.9	33	"3"	11.5	32	"3"	11	36	"3"	9.56291023682288	34.8162333329519	23	23	6	8	8	6	3	3	2	0	0	0	2	2	1	1	0	2	0	0	2	1	2	2	2	"1"	"6"	"1"	"1"	"2"	"1"	16500	3	4	2	5	1	5	4	5	4	5	2	2	4	3	4	2	3	2	3	2	1
"166"	"{807822D3-22E4-E811-8FB7-74867AD5B714}"	1	0	1	4	12	1	3	6.6	17	"3"	6.2	18	"3"	8.2	21	"2"	5.76471081136373	16.1790666659673	14	15	23	24	2	3	4	4	2	3	3	0	1	1	2	2	0	0	0	0	0	1	1	1	1	"1"	"2"	"2"	"1"	"1"	"2"	15400	4	2	5	2	2	3	3	3	3	3	2	2	4	3	3	2	2	2	3	3	1
"167"	"{8116154C-40CB-E811-914C-74867AD5B714}"	0	1	1	4	6	1	2	4.2	14	"3"	4	15	"3"	4.8	21	"3"	3.70190928827676	12.9816666682561	9	13	12	13	2	3	3	3	0	0	0	0	0	0	0	0	0	0	0	0	0	0	0	0	1	"2"	"2"	"1"	"1"	"2"	"1"	8000	2	2	5	2	2	2	5	2	2	2	2	2	2	5	2	1	2	2	1	1	1
"168"	"{811FD924-FACB-E811-914C-74867AD5B714}"	1	0	1	20	9	1	3	5.7	17	"3"	5.7	20	"3"	6.1	22	"3"	4.07697656860609	16.886333334446	11	15	19	15	1	2	2	2	0	0	0	0	2	2	2	2	1	0	1	0	0	2	0	1	1	"2"	"1"	"1"	"1"	"2"	"1"	8500	2	5	3	1	2	1	4	1	1	1	3	1	3	4	3	2	2	4	2	1	1
"169"	"{81558B4D-29D6-E811-8FB7-74867AD5B714}"	1	0	1	20	12	1	3	11	19	"1"	11.9	22	"2"	10.9	24	"2"	9.22150184260891	16.4587166666985	7	9	18	9	4	4	7	2	1	2	2	1	1	1	2	1	0	0	0	0	1	2	3	1	1	"1"	"1"	"1"	"1"	"2"	"1"	14200	1	5	4	1	2	1	4	1	1	1	1	1	2	5	1	1	1	1	1	2	5
"170"	"{8360258D-7AD9-E811-8FB7-74867AD5B714}"	1	0	1	33	14	4	3	5	19	"3"	6.1	21	"3"	6.4	22	"3"	4.12724916373471	21.3054500023524	12	14	15	12	1	1	2	1	1	1	1	3	2	2	2	2	0	0	0	0	0	0	0	0	1	"1"	"2"	"1"	"1"	"2"	"2"	10000	1	5	3	3	2	3	5	2	2	3	2	2	3	1	4	5	3	1	1	1	1
"171"	"{83C5893D-20D7-E811-8FB7-74867AD5B714}"	1	0	1	12	15	1	3	7.4	21	"3"	8.4	24	"3"	7.9	26	"3"	6.73501144267623	20.4967166662216	14	13	13	14	1	2	4	1	0	0	0	0	1	1	1	1	0	0	0	0	0	1	1	1	1	"2"	"3"	"1"	"2"	"2"	"1"	12400	1	4	4	2	2	2	5	2	2	4	2	2	2	4	1	1	1	1	1	1	1
"172"	"{83DE382D-94CC-E811-914C-74867AD5B714}"	1	0	1	15	12	0	3	7.4	18	"3"	6.4	19	"3"	5.8	20	"3"	5.36682062574749	17.7477166652679	10	15	17	8	2	3	2	0	2	2	2	2	2	2	2	1	0	0	0	0	0	0	0	0	1	"1"	"1"	"1"	"1"	"1"	"1"	10500	4	5	5	2	2	2	5	2	2	2	2	2	2	2	1	1	1	1	1	1	1
"173"	"{83E43AF4-AACC-E811-914C-74867AD5B714}"	1	0	1	0.5	12	0	2	5.7	15	"2"	5.2	16	"3"	4.3	19	"3"	4.10715184084871	16.8716666658719	14	11	12	9	2	3	2	3	1	0	0	0	2	2	2	2	0	0	0	0	0	1	1	0	1	"1"	"1"	"1"	"1"	"1"	"1"	8500	4	1	4	2	2	2	5	2	2	4	2	2	2	3	1	1	1	1	1	1	4
"174"	"{83E52D59-AAD8-E811-8FB7-74867AD5B714}"	0	1	1	30	14	0	3	7.1	24	"3"	6.2	29	"3"	7.1	32	"3"	5.65713060662664	33.6253333330154	12	8	12	11	2	2	5	1	0	4	1	2	0	0	0	0	0	0	0	0	0	1	0	0	1	"1"	"6"	"1"	"2"	"2"	"2"	12500	4	5	2	2	2	1	4	2	1	4	1	1	1	2	1	2	3	3	1	1	1
"175"	"{84E86C38-63D1-E811-8FB7-74867AD5B714}"	1	0	1	4	15	0	2	5.7	11	"2"	5.6	13	"3"	6.3	16	"2"	5.727772685286	24.1589000026385	2	4	5	9	0	0	0	0	0	0	0	0	0	0	0	2	0	0	0	0	0	1	1	2	1	"1"	"6"	"1"	"1"	"2"	"1"	11600	4	2	5	2	1	2	5	2	2	4	2	2	2	3	3	1	1	1	3	1	1
"176"	"{85409A0D-D4AB-E811-BDF0-74867AD5B714}"	1	0	1	18	14	1	3	4.3	15	"2"	5.2	16	"2"	6.4	18	"3"	2.60029197865595	13.3929000020027	11	12	4	8	2	3	5	0	0	0	0	0	0	0	0	0	0	0	0	1	0	0	0	1	1	"1"	"4"	"2"	"1"	"2"	"1"	7400	1	5	2	4	2	4	4	4	4	5	5	5	2	4	3	3	4	5	4	4	1
"177"	"{8549CD86-9DC9-E811-914C-74867AD5B714}"	1	0	1	32	14	1	3	8.4	25	"3"	9.4	32	"3"	8.1	33	"3"	7.46425890192473	31.9118333339691	12	13	16	11	3	4	6	4	0	1	2	1	0	0	1	0	0	0	0	0	1	2	2	2	1	"1"	"6"	"1"	"1"	"2"	"1"	13800	2	5	1	1	1	1	4	1	1	4	1	1	2	3	1	1	2	1	1	1	1
"178"	"{85E8BE6A-06DD-E811-8FB7-74867AD5B714}"	0	1	1	5	12	4	4	5.2	15	"3"	5.9	16	"3"	5.3	15	"3"	4.63080525204337	16.5272833307584	6	6	9	6	2	2	1	2	0	0	1	0	0	0	0	0	0	0	0	0	0	0	1	0	1	"1"	"4"	"1"	"1"	"1"	"2"	9800	1	2	3	2	2	2	5	2	2	3	2	2	3	3	1	2	3	3	1	1	5
"179"	"{8693C4FD-66D4-E811-8FB7-74867AD5B714}"	0	1	1	17	12	1	2	6.2	17	"2"	7.2	19	"2"	7.1	19	"1"	5.80596658606115	16.2860500017802	23	26	20	23	4	4	3	4	0	0	0	0	1	1	1	1	0	0	0	0	1	1	0	0	1	"1"	"1"	"1"	"1"	"1"	"2"	12800	1	5	4	4	2	4	2	4	2	4	2	2	4	1	4	2	2	1	4	1	3
"180"	"{8731EC5E-72DF-E811-8FB7-74867AD5B714}"	1	0	1	20	17	1	4	7	16	"1"	6.5	17	"2"	6.6	20	"2"	6.53960649587997	22.1755499998728	14	15	20	14	2	2	3	2	1	0	1	0	1	1	2	2	0	0	0	0	0	1	0	0	1	"1"	"1"	"1"	"1"	"1"	"1"	14000	2	5	5	3	1	2	5	3	2	2	2	2	3	5	4	2	3	3	4	1	1
"181"	"{8791E8C8-38CE-E811-914C-74867AD5B714}"	1	0	1	0.5	12	3	3	6.3	25	"3"	5.8	28	"3"	5.7	28	"3"	6.3981833403785	22.5513333320618	18	17	16	13	0	3	2	1	0	0	0	0	2	1	1	1	0	0	0	0	0	0	1	1	1	"1"	"1"	"1"	"1"	"1"	"1"	12300	1	1	5	2	2	2	5	2	2	2	2	2	2	3	1	1	1	3	1	1	1
"182"	"{880C34B5-7F66-E811-95E4-74867AD5B714}"	0	1	1	0.5	12	2	1	4	19	"3"	5.4	19	"3"	4.8	24	"3"	4.59410471068975	19.1248333334923	22	12	24	23	4	1	1	3	1	0	0	0	2	2	2	2	0	0	0	0	0	0	1	1	0	"1"	"4"	"1"	"1"	"1"	"1"	9400	1	1	1	1	2	1	4	1	1	4	3	1	1	2	2	1	1	2	1	1	2
"183"	"{8850F46E-EFC7-E811-914C-74867AD5B714}"	1	0	1	2	10	1	3	5.8	16	"2"	5.4	18	"2"	6	20	"3"	5.8934678265633	17.8085666656494	10	12	18	19	3	1	3	5	0	0	0	0	1	1	2	2	0	0	0	0	0	0	0	0	1	"1"	"2"	"1"	"1"	"1"	"1"	12200	4	1	2	5	2	4	4	5	2	4	2	2	4	5	3	1	2	2	3	1	6
"184"	"{89405035-CC53-E811-884F-74867AD5B714}"	0	1	1	18	12	1	3	6.9	19	"3"	6	20	"3"	5.3	22	"3"	4.80135417056955	19.633266667525	20	15	14	14	1	3	2	1	3	0	0	5	0	0	0	0	0	1	0	1	0	0	0	0	1	"2"	"5"	"2"	"1"	"2"	"1"	12500	4	5	2	1	1	1	2	1	1	2	2	1	2	1	2	3	3	5	1	2	4
"185"	"{8A829696-5DC2-E811-914C-74867AD5B714}"	1	0	1	15	11	1	3	9.4	20	"0"	9.7	21	"0"	8.2	22	"0"	9.45729067027372	23.7859500010808	8	5	16	8	2	3	3	2	0	0	3	0	1	2	2	1	0	0	0	0	1	2	2	2	2	"1"	"4"	"2"	"1"	"1"	"1"	15500	1	5	1	2	1	2	2	1	4	2	2	2	2	2	4	4	5	5	3	4	1
"186"	"{8AA81BED-04D6-E811-8FB7-74867AD5B714}"	1	0	1	15	13	1	3	5.8	15	"2"	5.4	18	"2"	6	19	"3"	5.24397028246497	17.1452666680018	16	13	20	13	3	2	4	2	0	0	0	0	1	1	2	1	0	1	0	0	0	0	0	0	2	"1"	"1"	"2"	"1"	"1"	"1"	10200	2	5	4	4	2	4	5	4	2	4	2	2	4	5	2	1	2	2	3	1	1
"187"	"{8B51EAA6-A6CC-E811-914C-74867AD5B714}"	1	0	1	5	8	1	1	5.8	16	"2"	7.4	17	"2"	6.7	19	"2"	4.61750955657129	13.1595666646957	10	12	14	15	2	4	2	0	0	0	0	0	2	0	2	2	1	0	0	0	0	0	0	1	1	"1"	"1"	"1"	"1"	"1"	"1"	9800	4	2	4	1	2	1	4	1	1	1	1	1	2	5	1	1	3	3	1	1	1
"188"	"{8C6DDF29-1BB2-E811-BDF0-74867AD5B714}"	1	0	1	24	12	1	3	5.7	14	"2"	5.9	16	"2"	6.8	14	"1"	6.18920565045936	16.8668333331744	9	8	12	9	2	2	4	2	0	0	0	0	0	0	0	0	0	0	0	0	1	1	0	0	1	"1"	"3"	"2"	"1"	"2"	"1"	10500	1	5	2	2	2	3	5	3	3	3	5	2	2	4	4	2	4	4	3	1	0
"189"	"{8CFD31BF-0ECC-E811-914C-74867AD5B714}"	1	0	1	30	15	1	3	4.8	22	"3"	5	22	"3"	5.1	23	"3"	4.76028282418445	31.7712166666985	14	14	16	15	2	3	2	2	0	0	0	1	1	1	1	2	1	1	0	0	0	0	0	0	1	"2"	"2"	"2"	"1"	"2"	"2"	10200	1	5	2	1	1	2	4	1	2	2	1	1	1	5	3	2	3	1	3	1	1
"190"	"{8E1A1FA9-4AE7-E811-8FB7-74867AD5B714}"	1	0	1	22	13	1	3	6.3	15	"2"	0	0	"0"	0	0	"0"	5.80651329126991	26.4419000029564	13	999	999	18	3	999	999	4	0	999	999	0	2	999	999	1	0	0	999	999	0	0	999	999	1	"1"	"6"	"1"	"1"	"1"	"1"	12000	4	5	4	2	1	2	5	2	2	4	2	2	4	3	1	2	1	1	1	5	1
"191"	"{8EFF97DB-BAC0-E811-914C-74867AD5B714}"	1	0	1	12	14	2	3	5.9	14	"0"	4.8	16	"0"	7.1	18	"0"	4.80826888443178	15.9587166666985	12	12	7	12	1	1	2	1	0	0	0	0	0	0	0	0	0	0	0	0	0	0	0	0	0	"1"	"3"	"1"	"1"	"1"	"2"	9600	2	4	5	2	2	2	5	2	4	4	2	2	2	2	4	1	2	4	1	1	1
"192"	"{90244FAC-8DE2-E811-8FB7-74867AD5B714}"	1	0	1	8	12	4	2	5.9	14	"2"	5.8	14	"2"	5.5	13	"3"	4.66913890251942	12.368833331267	16	20	11	14	4	3	3	3	1	0	0	1	2	2	2	1	0	0	0	0	0	0	0	0	1	"1"	"4"	"1"	"1"	"1"	"2"	9300	4	3	4	2	2	2	5	2	2	4	2	2	2	2	1	1	1	1	1	1	1
"193"	"{915169DF-52CB-E811-914C-74867AD5B714}"	1	0	1	6	12	1	2	6.7	14	"3"	5	19	"3"	0	0	"0"	5.00140286421423	22.4842666665713	5	17	999	12	1	1	999	1	0	2	999	2	0	2	999	2	0	0	0	999	0	1	1	999	1	"2"	"2"	"1"	"2"	"2"	"2"	10600	1	3	2	1	2	1	2	1	1	2	1	1	2	5	2	2	3	1	3	1	1
"194"	"{92BEDF72-A2D3-E811-8FB7-74867AD5B714}"	1	0	1	2	14	3	3	5.6	15	"2"	6.7	14	"2"	6.2	16	"2"	4.42455194303919	21.7278333346049	11	7	10	14	1	1	2	1	0	0	0	0	2	1	1	1	0	0	0	0	2	1	2	0	1	"1"	"2"	"1"	"1"	"1"	"2"	10500	4	1	4	1	2	1	4	1	1	1	1	1	2	5	2	1	2	2	1	1	1
"195"	"{93122F95-D9DE-E811-8FB7-74867AD5B714}"	1	0	1	18	13	3	3	6	17	"3"	5.1	19	"3"	5.4	21	"3"	3.83578199020174	19.3004999995232	13	12	13	13	3	1	2	2	0	0	2	0	1	1	2	2	0	0	0	0	1	0	0	1	1	"2"	"2"	"1"	"1"	"2"	"1"	10500	3	5	4	1	2	1	4	1	1	1	1	1	4	5	3	2	2	3	1	1	1
"196"	"{93260574-3CCE-E811-914C-74867AD5B714}"	0	1	1	8	12	1	1	3.6	11	"3"	4	12	"3"	4.6	13	"3"	3.69848809924649	12.3528833349546	7	5	9	7	0	0	0	0	0	0	0	0	1	1	1	1	0	0	0	0	1	1	0	0	2	"1"	"1"	"1"	"1"	"1"	"1"	8300	1	3	4	1	2	3	4	1	3	3	1	1	2	3	1	1	3	3	1	1	1
"197"	"{932D2E34-1ED7-E811-8FB7-74867AD5B714}"	1	0	1	8	16	1	2	3.8	12	"2"	4	15	"3"	5	16	"3"	3.36504727107181	11.9347166697184	4	7	15	5	1	1	3	1	0	0	0	0	2	2	2	2	0	0	0	0	0	0	0	0	1	"1"	"1"	"1"	"1"	"2"	"2"	6900	1	3	2	1	2	1	4	1	1	2	2	1	1	4	1	1	4	4	1	1	4
"198"	"{95351185-E5C0-E811-914C-74867AD5B714}"	1	0	1	15	12	1	2	6.5	17	"0"	6.1	18	"0"	6.3	22	"0"	6.42238236534916	16.1440000017484	23	20	21	23	6	3	5	6	1	0	0	1	2	2	2	2	1	0	0	0	1	1	0	0	1	"1"	"2"	"1"	"1"	"2"	"1"	12300	1	5	2	2	1	4	4	2	4	4	2	2	2	2	2	2	2	2	2	1	6
"199"	"{96293207-17D7-E811-8FB7-74867AD5B714}"	0	1	1	10	13	1	2	7.2	23	"3"	8.4	32	"3"	9	33	"3"	6.67491892426702	19.2669499993324	10	10	19	10	3	2	2	2	0	0	0	0	2	2	0	0	0	0	0	0	0	0	0	2	2	"1"	"2"	"2"	"1"	"2"	"2"	13000	1	4	1	4	2	2	2	1	2	2	1	1	2	4	2	2	2	2	3	2	1
"200"	"{968C85AE-09B2-E811-BDF0-74867AD5B714}"	1	0	1	15	8	1	2	4.5	17	"3"	6	20	"3"	5.7	19	"3"	4.50470298744854	18.6548333366712	10	11	12	9	0	0	1	0	0	0	0	0	2	2	2	1	0	1	1	1	0	0	0	0	1	"2"	"4"	"2"	"1"	"2"	"1"	8000	1	5	1	4	1	4	3	3	4	4	3	3	5	3	4	5	5	5	5	5	0
"201"	"{9714F89A-77E3-E811-8FB7-74867AD5B714}"	1	0	1	22	11	1	3	7.1	21	"3"	6.9	28	"3"	6.4	30	"3"	6.09304543237046	34.8774500012398	15	12	9	5	4	2	2	1	5	0	5	0	2	2	2	1	0	0	0	0	0	1	0	0	1	"1"	"3"	"1"	"1"	"2"	"1"	12500	4	5	4	2	1	4	2	4	4	4	4	4	4	5	2	1	3	1	3	1	3
"202"	"{9756B2B2-8AE2-E811-8FB7-74867AD5B714}"	1	0	1	6	14	1	3	3.6	14	"2"	3.7	14	"3"	4.1	14	"3"	3.6732394649253	18.6679499983788	14	14	8	12	2	1	2	1	6	7	1	1	1	2	1	1	0	0	0	0	0	1	0	0	1	"1"	"2"	"1"	"1"	"1"	"2"	8500	4	3	4	2	2	2	5	2	2	4	2	2	2	3	1	1	1	1	1	1	1
"203"	"{9785B1AF-E8C8-E811-914C-74867AD5B714}"	1	0	1	17	12	3	4	5	21	"3"	5.2	23	"3"	6.1	26	"3"	6.00974863439719	38.7713333328565	12	13	15	11	1	1	1	1	2	2	2	2	2	1	2	2	0	0	0	0	0	0	0	0	0	"1"	"5"	"2"	"2"	"2"	"1"	13000	4	5	5	2	2	2	5	2	2	2	2	2	4	5	3	1	2	2	3	1	1
"204"	"{97A18E61-4DE8-E811-8FB7-74867AD5B714}"	1	0	1	3	14	1	2	6.4	17	"3"	5.7	19	"3"	5.8	22	"3"	5.28911234443097	19.1113833347956	7	12	11	15	1	1	2	1	6	0	0	0	1	2	2	2	1	0	1	1	1	0	1	1	1	"2"	"3"	"1"	"1"	"2"	"1"	10500	2	2	3	1	2	1	4	1	1	3	1	1	3	5	1	1	3	4	1	1	1
"205"	"{97B6A3B9-E3E2-E811-8FB7-74867AD5B714}"	0	1	1	20	12	1	4	3.3	11	"2"	4.5	15	"3"	4.4	14	"3"	3.99237313908985	19.442733335495	7	11	9	8	1	3	1	2	0	1	1	2	0	2	2	1	1	0	0	0	1	1	1	0	1	"1"	"2"	"1"	"1"	"2"	"2"	9000	4	5	2	5	1	2	1	2	2	2	2	2	3	5	2	2	3	3	4	2	1
"206"	"{97D74616-3CE7-E811-8FB7-74867AD5B714}"	1	0	1	1	15	4	3	5.8	21	"3"	5.4	22	"3"	6.8	23	"3"	6.79742402157602	33.6543333331744	10	15	17	25	2	1	2	2	0	0	0	0	2	2	2	1	0	2	3	3	1	0	0	1	1	"1"	"6"	"2"	"1"	"1"	"2"	12500	4	1	4	4	2	4	5	2	4	4	2	4	4	2	1	2	1	1	1	1	1
"207"	"{985A5633-D5C5-E811-914C-74867AD5B714}"	1	0	1	10	12	1	2	4.5	12	"2"	5.5	15	"2"	5.4	15	"2"	4.06307001669738	9.34950000047684	12	13	7	12	3	1	1	3	0	0	0	0	0	0	0	0	0	0	0	0	1	1	0	0	1	"1"	"1"	"1"	"1"	"2"	"2"	9000	1	4	3	3	1	1	3	3	1	1	1	1	3	3	5	4	2	1	2	2	4
"208"	"{99B31F4B-A8E9-E811-8FB7-74867AD5B714}"	1	0	1	12	15	1	4	4.3	14	"3"	4.2	17	"3"	4.4	18	"3"	4.00718270429793	21.2267833312353	8	10	10	10	3	4	4	3	0	0	0	0	2	0	2	2	1	0	0	0	0	0	0	0	1	"1"	"6"	"3"	"1"	"1"	"1"	10300	4	4	3	3	2	2	5	3	2	3	2	3	3	4	4	2	2	2	3	1	1
"209"	"{9AABCD68-11D2-E811-8FB7-74867AD5B714}"	1	0	1	25	14	1	3	2.4	6	"2"	0	0	"0"	0	0	"0"	2.16895666048879	6.55371666749318	4	999	999	4	1	999	999	1	0	999	999	0	1	999	999	1	0	0	999	999	0	0	999	999	1	"1"	"1"	"1"	"1"	"1"	"1"	6200	1	5	4	1	2	1	2	1	1	1	1	1	3	5	1	1	2	2	2	2	1
"210"	"{9C7AB3AE-26DA-E811-8FB7-74867AD5B714}"	1	0	1	5	14	1	2	3.6	10	"1"	3.8	11	"2"	4.5	13	"2"	3.19499242386506	7.93195000092189	13	9	16	10	1	0	0	1	0	0	1	0	2	2	2	2	0	0	0	0	0	0	1	0	1	"1"	"1"	"1"	"1"	"2"	"1"	7600	4	2	4	2	2	2	5	2	2	4	2	2	2	4	1	1	3	2	1	1	0
"211"	"{9CD80A00-99E9-E811-8FB7-74867AD5B714}"	1	0	1	35	14	0	3	4.9	18	"3"	5.9	20	"3"	6.1	21	"3"	4.97931249089494	22.1961666663488	16	14	12	16	0	1	2	0	0	0	0	0	2	2	2	2	0	1	0	0	0	0	0	0	1	"1"	"3"	"1"	"1"	"1"	"2"	10300	1	5	3	2	2	2	5	2	2	3	2	2	2	2	1	2	1	1	1	1	5
"212"	"{9CE74908-B4CC-E811-914C-74867AD5B714}"	1	0	1	5	12	1	3	5.1	12	"2"	5	13	"2"	5	12	"2"	3.37446259714762	8.39699999888738	4	12	8	8	1	2	1	1	0	0	0	0	1	2	2	2	0	0	0	0	1	0	1	1	1	"1"	"1"	"1"	"1"	"2"	"1"	7700	3	2	4	1	2	1	4	1	1	1	1	1	3	5	3	1	2	2	2	1	1
"213"	"{9DE61FDB-58D1-E811-8FB7-74867AD5B714}"	0	1	1	20	14	4	2	9	18	"2"	9.1	20	"2"	9.2	20	"2"	9.12147634141476	23.7089499990145	7	12	9	12	3	4	3	3	0	0	0	0	1	1	1	1	0	1	0	1	1	1	1	1	1	"1"	"3"	"1"	"1"	"1"	"1"	15400	4	5	2	2	2	3	5	2	3	5	2	2	2	2	3	2	1	1	3	1	1
"214"	"{9E1019D0-05EC-E811-8FB7-74867AD5B714}"	1	0	1	1	12	0	3	6.7	13	"2"	6	16	"2"	6.6	17	"3"	7.2458261014139	15.1032666643461	11	11	13	7	0	1	2	0	0	2	0	2	1	0	1	0	0	0	0	0	0	1	2	1	1	"1"	"1"	"1"	"1"	"1"	"1"	10000	4	1	5	2	2	2	5	2	2	3	2	2	3	3	1	1	1	1	1	1	1
"215"	"{9E88E04A-45E7-E811-8FB7-74867AD5B714}"	0	1	1	18	15	0	2	6.9	15	"2"	7	19	"3"	7.1	19	"3"	6.64791897101758	16.3150000015895	12	26	21	14	5	4	4	3	7	1	1	0	1	2	2	1	1	1	1	1	0	1	1	1	1	"1"	"4"	"1"	"1"	"1"	"2"	12300	4	5	4	2	2	2	5	2	2	4	2	2	2	5	1	1	1	1	1	1	3
"216"	"{9F160EA4-7A7F-E811-B124-74867AD5B714}"	0	1	1	5	10	0	3	6.6	20	"2"	7.9	19	"2"	7.4	22	"2"	5.03966567506179	18.5812333345413	10	10	17	13	1	1	3	1	1	1	0	0	2	0	2	2	0	0	0	0	1	2	0	0	2	"1"	"3"	"1"	"1"	"1"	"1"	12500	1	2	3	3	2	4	3	4	4	4	3	3	5	1	5	5	5	5	5	5	0
"217"	"{A041E803-23DA-E811-8FB7-74867AD5B714}"	1	0	1	6	12	1	3	8	17	"2"	7.1	19	"3"	7.2	19	"2"	7.15134886919758	22.9356166680654	14	14	15	14	5	3	4	3	0	0	4	0	2	2	2	2	1	0	0	0	0	0	0	1	1	"1"	"2"	"1"	"1"	"2"	"1"	13200	2	3	2	2	2	2	4	2	2	2	1	2	1	4	1	1	3	3	1	1	4
"218"	"{A0AB8BCE-96D3-E811-8FB7-74867AD5B714}"	1	0	1	0.5	8	0	2	5.6	16	"3"	5.2	18	"3"	6.5	20	"3"	4.64859856691527	15.8179499983788	10	13	13	13	2	0	2	0	0	0	0	0	2	2	2	2	0	1	1	1	0	0	0	1	1	"1"	"3"	"1"	"1"	"1"	"2"	10000	2	1	2	2	2	2	3	2	2	5	2	2	3	1	1	3	1	1	1	5	3
"219"	"{A0CE2445-6AD4-E811-8FB7-74867AD5B714}"	1	0	1	12	15	1	4	4.8	14	"1"	5	15	"2"	5.1	15	"2"	5.16868189168454	14.0617833336194	15	12	15	15	2	3	3	2	0	0	0	0	1	1	2	1	0	0	0	0	0	0	0	0	1	"1"	"1"	"1"	"1"	"1"	"2"	9200	4	4	3	2	1	2	1	2	2	3	2	2	2	5	3	1	2	3	3	1	4
"220"	"{A19B5221-A5E3-E811-8FB7-74867AD5B714}"	1	0	1	0.5	8	4	3	2.5	10	"3"	2.8	9	"2"	2.6	12	"3"	2.33435576704025	12.0550666650136	5	6	4	5	1	0	1	1	0	0	0	0	0	0	0	0	0	0	0	0	0	0	0	0	1	"1"	"4"	"1"	"1"	"2"	"2"	7000	1	1	4	4	1	4	5	4	2	4	2	2	4	1	1	5	3	3	3	3	1
"221"	"{A1F568EF-4BC0-E811-914C-74867AD5B714}"	1	0	1	30	15	1	3	7.1	24	"3"	8.4	30	"3"	8.6	31	"3"	6.6794156449047	41.5757833321889	15	22	23	28	5	4	2	5	0	0	0	0	2	2	2	2	0	0	1	0	0	1	0	1	1	"1"	"6"	"1"	"1"	"2"	"2"	16000	4	5	2	1	2	2	4	1	2	2	1	1	1	1	4	2	2	3	1	1	4
"222"	"{A301CFAF-ABE9-E811-8FB7-74867AD5B714}"	1	0	1	4	12	3	4	6.2	15	"2"	6.7	14	"1"	5.7	14	"2"	5.76195302000087	15.9128833333651	7	7	8	13	2	0	1	0	0	0	0	0	0	0	0	2	0	1	0	1	1	1	0	1	1	"1"	"4"	"1"	"1"	"1"	"1"	11000	4	2	1	1	2	1	4	1	1	4	1	1	1	4	1	1	1	1	1	1	4
"223"	"{A3037126-FDCB-E811-914C-74867AD5B714}"	1	0	1	9	10	1	2	6.6	20	"3"	8	22	"2"	8.4	24	"3"	6.88453578225444	20.3467333316803	11	16	14	10	1	3	1	0	0	0	0	1	2	0	0	1	0	0	0	0	0	1	0	2	1	"2"	"2"	"1"	"1"	"2"	"1"	13000	4	4	2	5	1	2	4	5	2	2	2	2	4	5	2	1	2	2	3	1	1
"224"	"{A3CF4FA3-03D2-E811-8FB7-74867AD5B714}"	1	0	1	3	12	1	2	6	15	"2"	5.2	20	"3"	7.2	18	"3"	4.64474790632234	20.2732166647911	12	11	8	13	0	2	2	1	0	0	0	0	0	0	0	0	0	0	0	0	0	0	0	0	2	"1"	"3"	"1"	"1"	"1"	"2"	9800	4	2	5	2	2	2	5	2	2	2	2	2	2	5	3	2	2	2	2	1	3
"225"	"{A59F7B8E-7BCD-E811-914C-74867AD5B714}"	1	0	1	0.5	10	2	1	5.7	17	"3"	5.4	18	"3"	5.7	22	"3"	5.43340364495583	16.4090666651726	11	12	13	15	2	3	3	0	0	0	0	2	2	2	2	2	0	0	1	1	0	1	1	0	1	"1"	"1"	"1"	"1"	"2"	"1"	10300	4	1	3	2	2	2	5	2	2	3	2	2	4	2	3	2	3	3	2	3	1
"226"	"{A5C8A79C-89C2-E811-914C-74867AD5B714}"	1	0	1	10	12	0	1	4.8	15	"3"	9.5	18	"2"	7.2	18	"2"	8.74976371847086	22.2066666642825	6	6	8	6	3	3	4	2	4	0	0	0	0	1	2	1	0	0	0	0	2	0	2	3	1	"1"	"1"	"1"	"1"	"2"	"1"	14900	2	4	5	2	2	2	5	2	2	2	2	2	2	4	4	2	1	1	2	2	1
"227"	"{A5F3728D-D5D2-E811-8FB7-74867AD5B714}"	1	0	1	14	6	0	1	4.3	11	"2"	5.7	14	"2"	5.5	14	"2"	4.2199342477059	10.6985500017802	16	20	13	14	3	4	2	3	0	0	0	0	2	2	2	2	0	0	0	0	0	0	0	0	2	"1"	"1"	"1"	"1"	"1"	"2"	9500	1	5	4	1	1	1	2	1	1	1	1	1	1	5	1	2	2	1	3	2	5
"228"	"{A5FCB53E-EEDE-E811-8FB7-74867AD5B714}"	0	1	1	10	14	1	3	8.3	23	"3"	7.8	38	"3"	0	0	"0"	7.67473188046829	30.5377166668574	9	7	999	8	0	0	999	8	0	0	999	1	2	1	999	2	0	0	0	999	0	1	1	999	1	"2"	"2"	"1"	"1"	"2"	"2"	14200	4	4	1	1	2	1	4	1	1	4	1	1	3	4	1	1	1	1	1	1	1
"229"	"{A76E7FCD-4CD1-E811-8FB7-74867AD5B714}"	1	0	1	6	12	4	3	3.9	9	"2"	3.6	11	"2"	4	12	"3"	4.08511889521957	10.3033833305041	6	7	11	10	1	1	1	1	0	0	0	2	0	0	0	0	0	0	0	0	0	1	1	0	2	"1"	"1"	"1"	"1"	"1"	"1"	8800	4	3	2	1	2	1	4	1	1	2	1	1	1	2	1	1	1	1	1	1	1
"230"	"{A77C63FA-99D3-E811-8FB7-74867AD5B714}"	1	0	1	22	18	1	3	2.5	6	"1"	3.3	8	"1"	3.3	8	"1"	2.5283322683014	7.56323333183924	3	3	5	3	0	0	0	0	0	0	0	0	0	2	2	0	0	0	0	0	0	0	1	0	1	"1"	"1"	"1"	"1"	"1"	"2"	6500	1	5	4	1	2	1	4	1	1	1	1	1	3	5	4	1	2	3	5	1	1
"231"	"{A7A63304-3DD2-E811-8FB7-74867AD5B714}"	1	0	1	20	12	2	3	5.8	16	"3"	5.7	16	"3"	6.4	17	"3"	5.3670167120749	17.2035666664441	10	10	6	11	2	1	1	1	0	0	0	0	2	2	1	2	0	0	0	1	1	1	1	0	1	"1"	"2"	"1"	"1"	"2"	"1"	10000	4	5	4	1	2	1	4	1	1	1	1	1	2	5	2	1	2	1	1	1	1
"232"	"{A83D77D6-44DC-E811-8FB7-74867AD5B714}"	0	1	1	25	12	1	3	2.4	6	"2"	0	0	"0"	0	0	"0"	2.55816780271752	7.74599999984105	7	999	999	7	1	999	999	1	0	999	999	0	2	999	999	2	0	0	999	999	0	0	999	999	1	"1"	"1"	"1"	"1"	"1"	"2"	6800	1	5	3	2	2	2	5	2	2	3	2	2	3	3	1	1	1	1	1	1	1
"233"	"{A8DCC5C0-FDE8-E811-8FB7-74867AD5B714}"	1	0	1	30	15	1	3	6.6	21	"3"	0	0	"0"	0	0	"0"	6.38488127300545	33.0428333322207	16	999	999	18	3	999	999	2	1	999	999	0	2	999	999	1	0	1	999	999	0	0	999	999	1	"1"	"4"	"1"	"1"	"2"	"1"	11800	4	5	5	2	2	3	5	2	2	3	2	2	3	3	1	1	1	1	1	1	1
"234"	"{A91D3981-1ACC-E811-914C-74867AD5B714}"	1	0	1	3	12	1	1	6.4	27	"3"	7.7	25	"3"	7.7	29	"3"	6.17447176835677	23.6732166647911	13	18	14	13	1	3	3	1	0	0	0	0	2	2	2	2	0	0	0	0	0	0	1	1	1	"2"	"2"	"1"	"1"	"2"	"2"	11400	1	2	4	2	1	4	4	2	4	4	2	2	2	1	1	2	4	1	1	1	1
"235"	"{A9DAA2D0-CDDE-E811-8FB7-74867AD5B714}"	1	0	1	7	15	1	3	3.4	10	"2"	3.5	12	"3"	3.8	14	"3"	2.98159884508092	8.72038333415985	9	9	12	8	1	1	2	1	0	0	0	0	1	2	2	2	0	0	0	0	0	0	0	0	2	"2"	"1"	"1"	"1"	"2"	"1"	7000	4	3	4	4	2	2	5	4	2	2	2	2	4	3	2	2	2	3	2	1	5
"236"	"{AA6A7427-7FDC-E811-8FB7-74867AD5B714}"	0	1	1	20	13	1	3	7	22	"3"	7.2	24	"3"	7.6	24	"3"	5.11087051002903	19.6557166655858	13	15	13	13	3	5	3	3	3	4	3	0	2	2	2	1	0	0	0	1	0	0	1	1	1	"2"	"3"	"2"	"1"	"2"	"1"	12200	3	5	4	2	2	4	4	4	4	4	4	4	2	1	4	3	3	2	3	5	1
"237"	"{AB4A427D-EBC8-E811-914C-74867AD5B714}"	0	1	1	3	15	1	1	5.9	17	"2"	5.3	18	"3"	6.2	19	"2"	5.08489743239253	21.2827333331108	16	15	13	14	2	0	0	0	0	0	0	0	0	0	0	0	0	0	0	0	0	0	0	0	1	"1"	"1"	"1"	"1"	"2"	"2"	10400	2	2	4	2	2	2	5	2	2	4	2	2	2	4	1	1	3	3	1	1	4
"238"	"{ABA9B7BC-06E2-E811-8FB7-74867AD5B714}"	1	0	1	14	13	2	2	9.6	30	"3"	10.5	31	"3"	10	33	"3"	8.74849321652554	24.104266667366	11	18	13	11	4	6	5	4	3	1	0	0	1	2	2	0	0	0	0	0	2	2	2	2	1	"1"	"2"	"1"	"1"	"2"	"1"	16300	1	5	5	2	2	2	4	2	2	2	2	2	4	4	2	2	2	2	3	1	1
"239"	"{ABCFA180-95C2-E811-914C-74867AD5B714}"	1	0	1	25	12	1	2	6.7	14	"2"	6.5	15	"2"	7.4	17	"3"	4.02393944832838	14.1235000014305	7	8	8	9	2	2	2	1	0	0	0	0	0	0	0	0	0	0	0	0	0	0	1	2	1	"2"	"2"	"2"	"1"	"2"	"1"	9100	4	5	4	1	2	1	3	1	1	1	1	1	3	5	1	2	2	5	1	1	4
"240"	"{ABD265A3-C6DB-E811-8FB7-74867AD5B714}"	1	0	1	5	12	1	2	5.8	18	"3"	7.4	19	"3"	6.7	23	"3"	5.14716141734835	21.292666665713	15	15	15	14	2	4	2	0	0	0	0	1	2	0	2	2	0	0	0	0	0	0	0	2	1	"1"	"2"	"1"	"1"	"2"	"1"	10700	4	2	4	2	2	4	4	2	2	4	2	2	4	5	1	1	3	3	1	1	1
"241"	"{ABFFAF96-90C6-E811-914C-74867AD5B714}"	1	0	1	1	12	1	3	4.9	17	"2"	4.8	19	"3"	4.4	26	"3"	5.10665851379018	44.7381000002225	5	6	9	10	0	1	0	2	0	0	0	0	0	1	0	1	1	0	0	1	1	0	0	1	1	"1"	"6"	"1"	"1"	"2"	"2"	10100	3	1	1	4	2	1	2	1	1	1	1	1	1	4	2	2	2	2	2	4	1
"242"	"{AC5E9C70-A2C9-E811-914C-74867AD5B714}"	1	0	1	4	12	1	1	6.3	17	"2"	6.8	17	"2"	6	19	"3"	6.2045876599974	18.2823333303134	12	9	11	7	3	1	1	0	0	0	0	0	0	0	2	2	0	0	0	0	0	0	2	1	1	"1"	"3"	"1"	"1"	"2"	"1"	11700	4	2	2	1	1	1	1	1	1	2	1	1	1	3	3	2	4	4	3	3	4
"243"	"{AC63E1E3-CCD2-E811-8FB7-74867AD5B714}"	1	0	1	5	12	4	1	4.4	13	"2"	5.6	14	"2"	0	0	"0"	3.98825113689727	16.2671000003815	10	6	999	10	0	2	999	0	0	0	999	0	0	0	999	0	0	0	0	999	0	0	0	999	1	"1"	"3"	"1"	"1"	"1"	"2"	10900	1	2	3	2	2	3	5	2	2	3	2	2	2	1	1	3	1	1	1	1	5
"244"	"{AE8170B6-E6C7-E811-914C-74867AD5B714}"	1	0	1	5	12	2	2	4.5	22	"3"	6.1	30	"3"	5.7	31	"3"	5.31076097059055	25.3168333331744	13	14	18	14	2	2	3	1	0	0	0	0	1	2	2	1	0	0	0	0	0	1	0	1	1	"1"	"1"	"1"	"1"	"1"	"1"	11700	4	2	5	2	2	2	5	2	2	2	2	2	4	5	1	1	1	1	1	1	1
"245"	"{AE9201B1-07D2-E811-8FB7-74867AD5B714}"	1	0	1	20	12	0	3	2.7	9	"2"	3.5	10	"1"	5	11	"2"	2.76889961684186	7.93821666638056	7	8	4	5	1	0	1	1	0	0	0	0	0	0	0	0	0	0	0	0	0	1	0	0	1	"1"	"1"	"1"	"1"	"1"	"2"	6800	1	5	3	1	2	1	4	1	1	3	1	1	1	3	1	1	1	1	1	1	1
"246"	"{B0201823-7FC1-E811-914C-74867AD5B714}"	1	0	1	23	12	1	4	9.8	24	"0"	10.8	28	"0"	11.4	42	"0"	11.9266631685472	44.5809999982516	16	6	16	22	3	4	3	7	0	0	0	0	2	2	1	2	0	0	2	2	2	3	0	0	2	"1"	"6"	"1"	"2"	"1"	"2"	20800	4	5	5	4	2	4	5	4	4	4	2	2	2	2	5	3	3	3	3	1	4
"247"	"{B0AD4DBE-F4EB-E811-8FB7-74867AD5B714}"	1	0	1	25	12	1	4	5.3	15	"3"	5.3	18	"3"	6.2	20	"3"	6.37865909309621	21.6992166678111	10	11	6	10	1	2	1	1	0	0	0	0	2	2	1	2	1	0	0	0	1	1	1	0	1	"2"	"6"	"1"	"1"	"1"	"2"	10800	1	5	4	2	1	4	5	4	2	4	2	2	4	3	3	1	1	1	3	1	1
"248"	"{B21F28E7-3EE4-E811-8FB7-74867AD5B714}"	1	0	1	17	8	0	3	9.2	26	"3"	9.3	28	"3"	9.5	31	"3"	9.029281125522	26.7045500000318	11	16	16	16	4	7	6	4	4	4	4	4	1	1	1	2	0	0	0	0	1	0	1	0	2	"1"	"6"	"1"	"2"	"1"	"1"	15200	4	5	3	1	2	1	4	1	1	3	1	1	2	5	1	1	1	1	1	1	2
"249"	"{B286DAF7-02D6-E811-8FB7-74867AD5B714}"	1	0	1	2	14	3	2	4.8	13	"2"	5.7	15	"2"	7	17	"3"	4.47642988618897	14.433383333683	11	13	17	10	1	1	1	0	0	0	0	0	2	2	2	1	0	0	0	0	0	0	1	0	1	"1"	"4"	"1"	"1"	"1"	"1"	8700	4	1	4	2	1	2	5	2	2	4	2	2	2	5	1	1	1	1	1	1	3
"250"	"{B2AEB536-36C0-E811-914C-74867AD5B714}"	0	1	1	45	17	1	3	4.3	14	"3"	5.6	15	"2"	4.5	16	"3"	3.49942863757503	8.85538333257039	10	16	14	13	2	4	4	5	0	0	0	0	1	2	2	2	0	0	0	0	1	0	1	0	2	"1"	"1"	"1"	"1"	"2"	"1"	9500	4	5	2	2	1	5	1	2	5	5	2	3	2	3	4	2	2	2	5	2	1
"251"	"{B31E7E01-5BE8-E811-8FB7-74867AD5B714}"	1	0	1	30	12	4	4	3.7	15	"3"	4	21	"3"	5.5	20	"3"	4.01281219328497	13.9730000019073	7	10	11	7	1	0	0	1	0	0	1	1	0	0	2	0	0	0	0	0	0	0	0	0	2	"2"	"2"	"1"	"2"	"2"	"2"	8800	4	5	2	4	1	1	4	1	1	2	1	1	2	3	2	2	3	3	2	2	1
"252"	"{B40D70B4-37CB-E811-914C-74867AD5B714}"	1	0	1	15	10	1	2	5.2	10	"1"	5.9	13	"2"	5.3	12	"2"	3.7254545334453	11.2705500006676	4	6	6	8	2	1	2	0	0	0	0	0	0	0	0	0	0	0	0	0	0	0	2	0	1	"2"	"1"	"1"	"1"	"2"	"1"	7800	4	5	3	2	2	2	5	2	2	3	2	2	2	3	2	1	1	1	2	1	1
"253"	"{B4112742-29C7-E811-914C-74867AD5B714}"	1	0	1	44	10	1	4	10.1	23	"3"	11	26	"3"	10.9	30	"3"	9.79190231782821	28.3879999995232	8	6	18	8	4	4	7	3	0	0	0	0	1	1	2	1	0	0	0	0	1	2	2	2	1	"1"	"4"	"1"	"2"	"1"	"1"	16000	1	5	2	1	2	1	4	1	1	2	1	1	1	3	1	1	1	1	2	1	1
"254"	"{B615F876-E6C8-E811-914C-74867AD5B714}"	1	0	1	12	12	3	3	4	15	"3"	4.5	14	"3"	4.9	18	"3"	4.33655049307338	19.5930499990781	10	11	11	13	2	3	2	3	0	0	0	0	0	2	2	2	0	0	0	0	1	1	1	1	1	"1"	"1"	"1"	"1"	"2"	"1"	9700	2	4	3	2	2	2	5	2	2	3	2	2	2	5	1	1	1	1	1	1	1
"255"	"{B669EB4C-6FCD-E811-914C-74867AD5B714}"	1	0	1	5	14	1	1	4.6	11	"2"	6.8	17	"2"	0	0	"0"	3.75011049155141	9.30799999634425	8	12	999	5	2	2	999	2	0	0	999	0	0	0	999	0	0	0	0	999	0	1	0	999	1	"1"	"1"	"1"	"1"	"1"	"1"	9500	4	2	3	3	1	1	4	1	1	3	1	1	3	4	1	1	1	1	1	1	3
"256"	"{B687E395-CFDB-E811-8FB7-74867AD5B714}"	1	0	1	5	15	4	3	5.8	17	"3"	5.8	17	"2"	5.4	19	"3"	5.58000488843938	17.2694500009219	15	18	13	15	3	3	2	3	0	0	0	0	1	2	1	1	1	0	0	0	0	0	0	0	1	"1"	"5"	"3"	"1"	"2"	"2"	10800	1	2	4	2	2	2	5	2	2	4	2	2	4	4	1	1	3	3	1	1	1
"257"	"{B759BE4B-F8EB-E811-8FB7-74867AD5B714}"	0	1	1	18	12	1	3	5.6	15	"2"	6.1	19	"3"	6	20	"3"	5.88810177281286	13.9858333349228	13	17	14	10	1	3	2	2	0	0	0	0	2	2	0	0	0	0	0	0	0	0	0	0	2	"2"	"4"	"1"	"1"	"1"	"2"	10400	4	5	2	1	1	1	2	1	1	2	1	1	1	3	1	1	1	1	1	1	3
"258"	"{B780DF7F-0DD7-E811-8FB7-74867AD5B714}"	0	1	1	10	12	4	3	5.3	20	"3"	5.2	19	"3"	6.1	23	"3"	6.08561309108838	40.9663833340009	13	12	13	13	2	1	2	2	0	0	0	0	2	2	2	2	0	1	0	0	0	1	0	0	1	"2"	"6"	"1"	"2"	"2"	"2"	14700	3	4	2	2	2	1	4	2	1	2	1	1	2	1	1	3	1	1	1	1	1
"259"	"{BACC0408-E3C8-E811-914C-74867AD5B714}"	1	0	1	15	14	2	3	3.9	11	"3"	4.6	14	"3"	3.6	17	"3"	2.79680927663283	7.89854999780655	5	8	11	9	1	1	1	1	0	0	0	0	0	0	0	0	0	0	0	0	0	0	0	0	2	"1"	"2"	"1"	"1"	"2"	"1"	8000	1	5	5	2	2	2	3	2	2	2	2	2	3	5	4	2	1	2	2	1	1
"260"	"{BB80EB4F-46DC-E811-8FB7-74867AD5B714}"	1	0	1	7	12	1	3	5.3	13	"2"	5.9	16	"3"	7.3	15	"2"	5.86897318798678	20.1607666651408	14	14	12	10	0	0	2	0	0	0	0	0	2	2	2	1	0	0	0	0	2	0	0	0	1	"1"	"2"	"2"	"1"	"1"	"2"	11600	4	3	4	4	2	2	5	4	2	4	2	2	4	3	1	1	1	1	1	1	1
"261"	"{BB9B2829-A0E9-E811-8FB7-74867AD5B714}"	0	1	1	15	14	1	3	5.3	15	"2"	6.2	15	"2"	5.6	17	"3"	5.41640033387919	15.598766664664	15	12	17	17	2	4	4	2	0	0	2	0	1	1	2	1	0	0	0	0	0	0	0	1	1	"1"	"4"	"1"	"1"	"1"	"2"	10500	1	5	5	2	2	2	5	2	2	4	2	2	4	4	1	1	1	1	1	1	1
"262"	"{BD29DDF5-27DA-E811-8FB7-74867AD5B714}"	0	1	1	20	15	2	3	2.8	8	"3"	3	7	"2"	3.7	10	"3"	3.01967999181809	8.68023333549499	5	3	8	6	0	0	2	0	0	0	0	0	2	0	1	2	0	0	0	0	0	0	0	0	1	"1"	"4"	"1"	"1"	"2"	"1"	7000	4	5	4	2	2	2	5	2	2	4	2	2	2	2	1	1	1	1	1	1	5
"263"	"{BD39AFC1-1ADD-E811-8FB7-74867AD5B714}"	1	0	1	11	8	1	2	5.3	15	"3"	5.2	13	"2"	6.2	20	"3"	4.67847657137103	12.9144999980927	13	14	10	13	2	1	1	2	0	0	0	0	2	2	0	2	0	0	0	0	1	1	1	0	2	"1"	"2"	"1"	"1"	"1"	"1"	9900	1	4	4	1	2	1	4	1	1	1	3	1	3	4	2	1	1	2	1	1	5
"264"	"{BE04651F-E1D7-E811-8FB7-74867AD5B714}"	1	0	1	19	12	1	3	7.9	23	"2"	5.8	30	"3"	6.8	30	"3"	6.21782447821802	32.8849999984105	15	19	13	12	2	2	1	1	1	1	0	3	2	2	2	1	0	0	0	0	1	0	1	1	1	"2"	"2"	"1"	"1"	"2"	"2"	12500	4	5	5	2	2	2	3	2	2	2	2	2	2	4	3	2	2	3	4	2	1
"265"	"{BF2BB12E-3AC0-E811-914C-74867AD5B714}"	1	0	1	20	12	1	2	4.4	15	"3"	4.7	18	"3"	5.6	18	"3"	4.32223843368142	14.5133333325386	10	16	17	10	2	1	2	2	4	3	3	4	1	2	2	1	0	0	0	1	0	0	0	1	1	"1"	"2"	"1"	"2"	"2"	"1"	8700	1	5	1	1	2	2	1	1	1	1	1	1	1	5	1	1	2	4	2	1	1
"266"	"{C0E06776-9DE2-E811-8FB7-74867AD5B714}"	1	0	1	1	12	1	4	5.7	16	"2"	6.7	19	"2"	7.4	21	"3"	5.70876401059282	16.6514999985695	15	18	20	15	1	0	2	1	3	3	0	2	2	2	1	2	1	0	0	1	0	0	1	0	1	"1"	"4"	"1"	"1"	"1"	"1"	10400	1	1	4	4	1	2	5	2	2	4	2	2	4	5	1	1	2	1	1	1	1
"267"	"{C2E8DA1B-A0D3-E811-8FB7-74867AD5B714}"	1	0	1	8	12	2	3	4.4	12	"2"	3.9	13	"3"	4.4	14	"2"	3.9205273310027	12.8683333317439	3	9	9	9	0	0	0	0	4	1	1	1	0	0	2	0	0	0	0	0	0	0	0	0	1	"1"	"3"	"1"	"1"	"1"	"2"	8300	2	3	4	2	2	2	5	2	2	4	2	2	2	3	1	1	1	1	1	1	1
"268"	"{C2F6EF0D-5B7A-E811-B124-74867AD5B714}"	1	0	1	10	14	1	4	8.3	19	"2"	7.5	21	"3"	6.3	27	"3"	5.66825396255132	40.7876666665077	23	23	28	19	2	3	3	2	4	1	2	5	2	2	2	2	1	0	0	0	0	0	0	0	1	"1"	"6"	"1"	"1"	"2"	"2"	12800	4	4	1	1	2	3	3	1	3	3	3	3	3	2	3	3	5	5	3	3	0
"269"	"{C301E37A-15CC-E811-914C-74867AD5B714}"	0	1	1	3	16	1	3	8.8	33	"3"	9	37	"3"	9.3	36	"3"	7.38606559844173	42.3804499983788	22	19	17	19	6	5	3	4	1	0	2	0	1	1	1	1	0	1	1	0	0	1	0	0	2	"2"	"3"	"1"	"2"	"2"	"2"	16400	2	2	1	1	1	1	4	2	2	1	2	1	2	5	1	1	2	1	2	2	6
"270"	"{C30AB9AA-F3C7-E811-914C-74867AD5B714}"	1	0	1	2	8	1	2	7.7	20	"2"	7.2	20	"3"	8.2	21	"3"	6.37883285981764	18.1256666660309	13	15	12	17	3	2	1	3	0	0	0	0	1	1	1	2	0	0	1	0	1	1	1	1	1	"1"	"2"	"2"	"1"	"1"	"1"	12000	2	1	5	2	2	2	5	2	2	2	2	2	3	5	2	1	1	1	2	1	3
"271"	"{C3684A6C-A2D3-E811-8FB7-74867AD5B714}"	1	0	1	20	8	1	3	4.1	11	"2"	4.1	11	"2"	5.2	12	"2"	4.83158562029117	12.4356166680654	8	8	3	9	1	1	1	0	0	0	0	0	2	1	1	2	0	0	0	0	1	0	0	0	2	"1"	"3"	"1"	"1"	"1"	"2"	9000	4	5	3	1	2	1	4	3	1	3	1	1	2	4	1	2	3	3	1	2	4
"272"	"{C36E0B2A-48E7-E811-8FB7-74867AD5B714}"	1	0	1	14	12	0	2	6.4	16	"2"	5.6	16	"2"	6.5	20	"3"	4.86957782410663	15.0399999976158	15	12	15	15	6	3	3	5	5	0	0	0	0	0	0	0	0	0	0	0	1	1	1	1	1	"1"	"4"	"1"	"1"	"1"	"2"	10300	4	5	3	2	2	2	5	2	2	3	2	2	2	3	1	1	2	1	1	1	4
"273"	"{C5D4358E-E8E2-E811-8FB7-74867AD5B714}"	1	0	1	32	10	1	4	4.3	17	"3"	3.7	20	"3"	4.7	22	"3"	3.61181830461217	20.8276666641235	9	9	9	9	1	1	1	1	2	2	2	0	1	2	2	2	0	1	0	0	0	0	0	0	2	"1"	"3"	"1"	"1"	"2"	"2"	9200	2	5	5	2	2	2	5	2	2	2	2	2	4	5	4	1	2	2	2	1	1
"274"	"{C631A377-91CC-E811-914C-74867AD5B714}"	1	0	1	13	10	4	3	5.3	13	"2"	6	16	"2"	5.2	14	"2"	4.25420055983641	14.4474499980609	7	9	11	12	2	2	2	0	1	0	2	1	1	1	2	1	0	0	0	0	0	0	1	0	1	"2"	"1"	"3"	"1"	"1"	"1"	9000	4	5	5	2	1	2	5	2	2	2	2	2	2	2	1	1	1	3	1	1	1
"275"	"{C9734FD1-1DD2-E811-8FB7-74867AD5B714}"	1	0	1	4	8	2	3	5.7	15	"2"	6.8	20	"3"	5.4	22	"3"	8.15542635918212	26.1476166685422	10	12	14	15	1	2	2	2	0	0	0	0	0	0	1	1	0	1	0	0	1	1	1	0	2	"1"	"3"	"1"	"1"	"1"	"1"	13800	4	2	3	2	2	2	5	2	2	3	2	2	2	2	1	1	3	3	3	2	1
"276"	"{CBEEDE2C-ADD3-E811-8FB7-74867AD5B714}"	1	0	1	20	14	1	3	5.4	14	"2"	6.6	16	"2"	6.7	19	"3"	6.01755832149187	19.6247666637103	10	10	4	15	1	2	1	2	0	0	0	0	0	0	0	0	0	0	0	0	0	1	1	1	1	"1"	"1"	"1"	"1"	"1"	"1"	12000	4	5	4	2	2	4	4	4	4	4	2	2	4	5	4	4	2	3	3	2	4
"277"	"{CC448DFD-F9D5-E811-8FB7-74867AD5B714}"	1	0	1	8	12	2	3	4.4	15	"3"	4.7	17	"3"	5.6	17	"3"	5.0981156565362	20.761566666762	18	19	17	24	2	2	2	2	3	3	3	3	1	2	2	1	0	0	0	0	0	0	0	0	1	"1"	"3"	"1"	"1"	"1"	"2"	10200	4	3	4	1	2	1	4	1	1	2	1	1	1	5	1	1	1	1	1	1	1
"278"	"{CD42E40B-0BCC-E811-914C-74867AD5B714}"	1	0	1	20	12	1	2	3.4	16	"3"	3.6	16	"3"	0	0	"0"	2.71702148821917	19.8486166675886	11	14	999	8	2	2	999	1	0	0	999	0	2	1	999	1	0	0	0	999	0	0	0	999	1	"2"	"2"	"1"	"1"	"2"	"1"	7500	4	5	2	1	2	2	2	1	2	2	1	1	2	5	1	1	3	1	2	3	1
"279"	"{CD7427E5-16D7-E811-8FB7-74867AD5B714}"	1	0	1	14	14	4	3	6.2	27	"3"	6.4	31	"3"	6.7	35	"3"	6.47781469590991	35.5462666670481	14	15	13	17	7	7	6	5	3	3	3	3	2	2	2	0	0	0	0	0	0	0	0	1	1	"1"	"6"	"2"	"1"	"2"	"2"	14300	4	5	4	3	2	3	3	1	1	3	1	1	1	3	1	1	1	1	1	1	1
"280"	"{CD9B73BA-4EE7-E811-8FB7-74867AD5B714}"	1	0	1	5	14	1	3	3.9	10	"2"	3.6	10	"2"	3.6	11	"2"	3.65369159917094	12.5985499978065	4	7	7	13	1	1	0	1	0	2	0	0	0	0	0	2	0	0	0	0	0	1	1	0	1	"1"	"2"	"1"	"1"	"1"	"1"	8500	4	2	5	2	2	2	5	2	2	4	2	2	2	5	1	1	1	1	1	1	4
"281"	"{CF50D986-0AE2-E811-8FB7-74867AD5B714}"	1	0	1	3	12	2	1	5.3	15	"3"	5.4	15	"3"	0	0	"0"	4.77208945504161	25.6709499994914	12	12	999	11	2	2	999	2	0	0	999	0	0	0	999	0	0	0	0	999	0	0	0	999	1	"1"	"2"	"1"	"1"	"2"	"1"	11600	4	2	2	2	2	2	4	2	2	5	5	2	4	3	1	1	2	1	4	1	1
"282"	"{D2B032E0-F5E4-E811-8FB7-74867AD5B714}"	1	0	1	4	12	1	4	5.8	13	"1"	6.5	15	"2"	6.7	15	"2"	6.0345151840793	17.3694500009219	14	20	15	16	2	4	2	5	0	7	0	1	0	0	0	0	0	0	0	0	1	1	1	1	2	"1"	"1"	"1"	"2"	"1"	"1"	11900	4	2	5	2	2	2	5	2	2	2	2	2	4	5	2	1	2	4	2	1	1
"283"	"{D5B81369-E4DE-E811-8FB7-74867AD5B714}"	1	0	1	30	12	1	3	8.3	27	"3"	8.3	29	"3"	8.4	33	"3"	8.8789053071806	34.2683833320936	12	13	13	18	3	4	3	2	0	1	2	2	2	2	2	2	0	0	0	0	1	1	1	1	1	"2"	"6"	"1"	"1"	"2"	"1"	18500	4	5	2	2	2	1	4	1	1	2	1	1	1	3	1	2	1	1	1	2	4
"284"	"{D69D89B8-F2DE-E811-8FB7-74867AD5B714}"	0	1	1	3	12	1	1	4.6	19	"3"	5.7	23	"3"	6	24	"3"	3.86194467872151	23.1580000003179	10	10	12	8	0	0	1	0	0	0	0	0	1	2	1	1	0	0	0	0	0	0	0	0	1	"2"	"2"	"1"	"1"	"2"	"2"	10000	4	2	2	4	1	2	4	4	2	5	2	2	4	2	1	1	2	1	1	1	1
"285"	"{D6EAAAB4-15CC-E811-914C-74867AD5B714}"	0	1	1	8	14	1	2	5.5	19	"3"	4.3	20	"3"	5.8	31	"3"	5.04052394632007	30.0437833309174	16	19	22	15	2	2	3	2	2	4	2	3	2	1	2	1	0	0	0	0	0	0	0	0	1	"2"	"2"	"1"	"1"	"2"	"2"	10200	2	3	2	1	2	1	4	1	2	2	1	1	4	5	1	1	1	1	1	1	1
"286"	"{D72D0A96-9CD3-E811-8FB7-74867AD5B714}"	1	0	1	0.5	13	0	3	4.8	11	"2"	5.3	12	"2"	5.7	18	"3"	5.00681482457038	17.644716668129	8	8	16	10	3	3	3	2	1	1	1	2	2	2	2	2	0	0	0	0	0	0	0	0	1	"1"	"3"	"1"	"1"	"1"	"2"	9900	4	1	4	1	2	1	4	1	1	1	1	1	1	3	1	1	1	1	1	1	1
"287"	"{D90351C2-05D2-E811-8FB7-74867AD5B714}"	1	0	1	7	14	4	2	4.2	12	"2"	4.6	14	"2"	4.5	14	"2"	4.20894096549186	10.8097166657448	9	10	12	9	3	2	2	3	0	0	0	1	2	2	2	1	0	0	0	0	1	1	1	2	1	"1"	"1"	"1"	"1"	"1"	"2"	8600	1	3	3	2	2	3	5	2	2	3	2	2	2	2	3	1	1	1	3	1	3
"288"	"{D9161238-0FDD-E811-8FB7-74867AD5B714}"	1	0	1	17	12	0	3	7.3	16	"2"	8.3	18	"2"	8.4	19	"2"	6.78464537499685	16.4082166632016	11	13	13	13	5	3	4	4	0	2	0	0	1	2	2	2	0	1	0	0	0	0	0	0	1	"1"	"4"	"1"	"1"	"1"	"2"	12700	3	5	3	2	2	2	5	2	2	3	2	2	3	5	1	1	1	1	1	1	1
"289"	"{D918DCC0-1AD7-E811-8FB7-74867AD5B714}"	1	0	1	12	10	1	3	5.6	19	"3"	5	20	"3"	5.3	20	"3"	4.58633828633034	18.1908333341281	15	14	17	13	3	2	3	1	0	0	0	0	1	1	2	1	0	0	0	0	0	0	0	0	1	"1"	"3"	"2"	"1"	"2"	"2"	9800	2	4	1	2	1	2	1	2	2	4	2	2	2	4	4	2	2	4	5	1	1
"290"	"{D9845004-43E4-E811-8FB7-74867AD5B714}"	1	0	1	17	12	2	3	6.3	19	"3"	6.8	24	"3"	7.1	24	"3"	6.06947837241627	23.795950003465	16	16	17	12	5	3	5	1	5	5	5	6	0	0	0	0	0	0	0	0	1	1	1	1	1	"1"	"3"	"1"	"1"	"2"	"1"	11200	4	5	4	1	2	1	4	1	1	2	1	1	1	5	1	1	2	2	1	1	3
"291"	"{D9F97132-22DE-E811-8FB7-74867AD5B714}"	0	1	1	6	12	1	3	4.2	16	"3"	6	18	"2"	5.1	20	"3"	4.93732047897073	16.8468333323797	10	11	12	7	1	1	0	1	0	0	0	0	1	1	2	1	0	0	0	0	0	0	0	0	1	"1"	"3"	"1"	"2"	"2"	"1"	10000	4	3	4	2	2	4	5	2	2	4	2	2	4	5	1	1	1	1	1	1	1
"292"	"{DAE95EB1-89DC-E811-8FB7-74867AD5B714}"	1	0	1	30	12	2	4	5.6	17	"3"	6.1	19	"3"	5.8	24	"3"	3.54942125345304	13.2556166688601	13	15	9	10	5	3	5	0	0	0	0	3	2	2	1	1	0	0	0	0	1	1	1	1	2	"1"	"1"	"1"	"1"	"2"	"1"	10200	4	5	4	1	2	1	4	1	1	1	1	1	1	5	2	1	1	3	2	1	1
"293"	"{DAED3F37-BE53-E811-884F-74867AD5B714}"	1	0	1	4	12	0	2	4.5	16	"2"	5.7	17	"2"	6	19	"2"	4.6963874239327	14.9242166638374	12	11	14	10	0	0	1	0	0	0	0	0	2	2	2	1	0	0	1	0	0	0	0	0	1	"1"	"2"	"1"	"1"	"2"	"1"	9100	1	2	4	1	1	1	4	1	1	1	2	1	1	2	4	3	5	5	3	2	5
"294"	"{DD46B43B-49D1-E811-8FB7-74867AD5B714}"	1	0	1	7	12	1	2	5.7	14	"2"	6.4	15	"2"	6.6	17	"3"	5.56813306447649	15.0069000005722	11	5	12	11	1	1	2	1	0	0	0	0	2	1	2	2	0	0	0	1	1	1	0	0	1	"1"	"1"	"1"	"1"	"1"	"1"	10500	1	3	4	2	2	2	5	2	2	4	2	2	2	3	1	1	1	1	1	1	3
"295"	"{DDF987D7-46E4-E811-8FB7-74867AD5B714}"	1	0	1	25	12	0	4	5.1	15	"3"	4.5	19	"3"	4.7	19	"3"	4.87373613376537	20.0161666631699	12	18	15	12	3	2	2	3	0	0	0	0	2	2	1	2	0	0	0	0	0	0	0	0	1	"1"	"6"	"1"	"2"	"2"	"1"	11000	1	5	5	2	2	2	5	2	2	4	2	2	4	5	1	1	1	1	1	1	1
"296"	"{DFA93A62-93E2-E811-8FB7-74867AD5B714}"	1	0	1	1	15	0	3	5.5	17	"3"	7.8	18	"2"	7.1	23	"3"	5.51956828469731	20.2942833304405	12	12	13	14	6	8	3	5	0	0	2	3	0	2	0	0	0	0	0	0	0	0	3	0	1	"1"	"4"	"1"	"1"	"1"	"1"	10700	4	1	4	2	2	2	5	2	2	4	2	2	4	2	1	1	1	1	1	1	1
"297"	"{E0281A50-3DC0-E811-914C-74867AD5B714}"	1	0	1	18	12	1	2	4.9	12	"2"	6	13	"2"	5.6	17	"3"	4.6556874497535	15.4101166645686	13	11	17	13	0	0	3	4	0	0	0	0	2	2	2	2	0	0	0	0	0	1	0	0	1	"1"	"3"	"1"	"1"	"2"	"1"	9900	3	5	1	2	2	2	4	1	2	1	1	1	1	3	5	2	3	2	5	1	1
"298"	"{E169F7E6-AAE3-E811-8FB7-74867AD5B714}"	1	0	1	32	12	1	3	4.5	17	"3"	4.7	17	"3"	3.7	21	"3"	3.50111781858289	19.7058333317439	10	9	9	8	1	0	0	0	1	1	1	4	1	2	2	1	0	0	0	0	0	0	0	0	1	"1"	"2"	"1"	"1"	"2"	"2"	8000	4	5	2	2	2	1	4	1	1	2	1	1	1	3	1	1	1	1	1	1	1
"299"	"{E321BECB-2EDE-E811-8FB7-74867AD5B714}"	1	0	1	15	12	3	3	5	21	"3"	0	0	"0"	0	0	"0"	5.28631347739601	30.9927166700363	7	999	999	9	1	999	999	1	0	999	999	0	0	999	999	0	0	0	999	999	0	1	999	999	1	"1"	"6"	"1"	"1"	"2"	"2"	11509	4	5	5	2	2	4	5	2	2	4	2	2	4	4	1	1	1	1	1	1	1
"300"	"{E532C0F4-DDD2-E811-8FB7-74867AD5B714}"	1	0	1	14	14	4	3	8	19	"3"	7.5	21	"3"	8.4	22	"3"	6.10349897919	28.520883333683	6	13	14	7	4	1	2	2	0	0	0	0	1	1	2	2	0	1	0	0	1	1	1	1	1	"1"	"6"	"1"	"2"	"1"	"1"	12000	4	5	4	1	2	1	4	1	1	1	1	1	1	5	1	1	1	3	1	1	1
"301"	"{E6296B70-3BC7-E811-914C-74867AD5B714}"	1	0	1	10	12	1	2	4.6	14	"2"	5.7	18	"2"	5.8	17	"2"	4.33302796029511	13.019883330663	9	7	11	9	0	1	0	0	0	0	0	0	1	1	1	1	0	0	0	0	0	0	0	0	1	"2"	"2"	"2"	"1"	"2"	"1"	8500	1	4	2	4	1	5	1	4	4	5	4	4	5	4	3	3	4	5	3	5	5
"302"	"{E67B3B86-A1E3-E811-8FB7-74867AD5B714}"	0	1	1	3	15	1	4	7.9	18	"2"	7.8	20	"3"	8.5	29	"3"	9.08545834301329	19.9940500020981	15	11	12	15	5	2	2	5	0	0	1	0	0	0	0	0	0	0	0	0	1	1	0	1	1	"1"	"2"	"1"	"1"	"2"	"1"	13800	1	2	2	2	2	1	4	2	1	2	1	1	4	4	1	1	2	2	1	1	1
"303"	"{E7EE47BF-32DD-E811-8FB7-74867AD5B714}"	1	0	1	14	12	1	3	3	9	"4"	3	9	"2"	4.6	11	"2"	2.20896130671692	6.14133333365122	3	4	5	3	0	0	0	0	0	0	0	0	0	0	0	0	0	0	0	0	0	0	1	0	1	"1"	"1"	"1"	"1"	"2"	"1"	6800	1	5	5	2	2	2	4	2	2	2	2	2	4	5	5	5	4	3	5	5	1
"304"	"{E8118699-35C7-E811-914C-74867AD5B714}"	1	0	1	25	16	0	2	10.4	19	"2"	11.2	20	"1"	11.3	25	"2"	10.3703256088937	16.2635999997457	8	8	16	8	4	5	6	3	6	6	6	6	1	1	1	1	1	1	0	0	1	2	2	2	1	"1"	"1"	"1"	"1"	"2"	"1"	17000	2	5	3	1	2	1	4	1	1	3	1	1	1	4	1	1	3	3	3	1	3
"305"	"{E8512D70-49DC-E811-8FB7-74867AD5B714}"	1	0	1	14	12	1	2	6.1	18	"2"	6.7	18	"2"	6.2	20	"2"	5.54531895378444	17.1418333331744	20	17	20	16	1	3	2	0	0	0	1	0	2	2	1	1	0	0	0	0	0	0	0	1	1	"1"	"3"	"1"	"1"	"1"	"1"	10600	4	5	2	2	1	1	4	2	1	2	1	1	2	4	1	1	3	3	1	1	1
"306"	"{E93A4BC6-3FCE-E811-914C-74867AD5B714}"	1	0	1	8	12	1	3	6.6	16	"3"	7.3	23	"3"	8.9	24	"3"	6.66016118160946	20.3526666680972	6	10	13	6	3	2	3	3	0	0	0	0	1	1	1	1	0	0	0	0	1	1	1	1	1	"1"	"2"	"1"	"1"	"2"	"1"	12000	1	3	4	2	2	2	5	2	2	4	2	2	2	3	1	1	3	1	1	1	1
"307"	"{EB47DF38-AECC-E811-914C-74867AD5B714}"	0	1	1	15	12	4	3	5.1	12	"2"	4.9	13	"2"	4.6	14	"2"	4.7309125729437	11.8762666662534	7	16	17	15	4	3	2	2	1	1	1	1	1	1	1	1	0	0	0	0	2	1	1	1	1	"1"	"1"	"1"	"1"	"2"	"1"	9500	2	5	2	5	1	3	3	3	3	2	2	2	3	5	4	3	4	3	3	2	1
"308"	"{EC091F8D-60D2-E811-8FB7-74867AD5B714}"	1	0	1	9	14	1	2	4.9	23	"3"	5.4	26	"3"	4.9	28	"3"	4.18612778109409	51.9552833358447	11	10	13	10	2	3	2	0	0	0	0	0	2	2	2	2	0	0	0	0	0	0	0	0	1	"2"	"6"	"2"	"1"	"2"	"2"	16000	4	4	4	1	2	1	4	1	1	1	2	1	2	4	4	3	2	1	1	1	1
"309"	"{EC10426F-9DDC-E811-8FB7-74867AD5B714}"	1	0	1	11	18	1	2	3.6	13	"3"	3.5	13	"3"	3.7	13	"3"	2.85795760692474	9.48733333349228	11	11	12	11	1	2	2	1	0	0	0	0	1	2	1	1	0	0	0	0	0	0	0	0	1	"2"	"2"	"1"	"1"	"2"	"2"	7000	1	4	2	1	2	2	2	1	1	2	1	1	2	3	2	1	2	2	1	1	1
"310"	"{ED0B3C26-9CD3-E811-8FB7-74867AD5B714}"	0	1	1	1	14	1	2	3.3	10	"2"	3.9	9	"1"	5.5	12	"2"	3.40458586628116	13.5252166668574	4	4	3	4	0	0	2	0	0	0	0	0	0	0	0	0	0	0	0	0	0	0	0	1	1	"1"	"1"	"1"	"1"	"1"	"2"	7800	1	1	3	2	2	3	1	3	3	2	2	2	4	5	2	1	1	2	2	2	3
"311"	"{ED554B03-43CB-E811-914C-74867AD5B714}"	1	0	1	1	14	2	2	6.7	24	"3"	5.8	25	"3"	6.1	27	"3"	5.14262984380534	30.9077166676521	11	18	15	19	2	2	1	1	0	0	0	0	2	1	2	1	0	0	0	0	0	0	0	0	1	"2"	"6"	"1"	"1"	"2"	"1"	11700	2	1	2	1	2	1	4	1	1	2	1	1	1	4	1	1	1	1	1	1	1
"312"	"{ED8107AB-D1D2-E811-8FB7-74867AD5B714}"	0	1	1	8	12	1	2	7.4	18	"2"	5.9	20	"3"	6.1	20	"3"	5.93585378835139	22.2861666639646	14	24	24	18	2	2	3	1	0	1	1	2	2	2	2	2	0	0	1	1	0	0	0	0	1	"1"	"2"	"1"	"1"	"1"	"2"	11200	4	3	2	2	1	5	2	4	4	4	5	5	4	2	4	3	2	2	3	2	1
"313"	"{EDD76140-DFD7-E811-8FB7-74867AD5B714}"	1	0	1	22	12	1	3	3.5	10	"2"	3.6	11	"2"	4.4	12	"2"	2.34504827198411	9.6383333325386	3	7	6	7	2	0	3	0	1	1	3	1	1	1	2	1	0	0	0	0	0	1	0	0	1	"1"	"1"	"1"	"1"	"2"	"2"	8000	2	5	5	2	2	2	4	2	2	2	2	2	4	5	2	2	2	2	3	3	1
"314"	"{EE07C39D-77D9-E811-8FB7-74867AD5B714}"	1	0	1	5	12	0	1	4.3	13	"3"	4.2	16	"3"	0	0	"0"	3.87855660099645	15.8233333309491	6	15	999	6	1	1	999	1	1	3	999	1	1	2	999	1	0	1	0	999	0	0	1	999	1	"1"	"2"	"1"	"1"	"2"	"2"	8400	1	2	3	1	2	1	4	1	1	3	1	1	5	2	1	1	3	1	2	1	5
"315"	"{EE2FD15A-E1C0-E811-914C-74867AD5B714}"	1	0	1	5	11	2	2	6.3	20	"0"	8.2	23	"0"	0	0	"0"	6.09240035980642	19.7797666668892	21	15	16	23	4	3	3	4	2	0	3	5	1	1	2	1	1	1	0	0	0	1	1	1	2	"1"	"1"	"1"	"1"	"1"	"1"	11500	1	2	1	1	2	1	4	1	1	3	1	1	1	5	1	1	1	2	1	1	3
"316"	"{EEAE2D90-E2C7-E811-914C-74867AD5B714}"	0	1	1	1	10	1	2	6.3	15	"2"	6	17	"2"	6.8	18	"3"	6.53285073898882	16.7752333323161	12	10	10	13	3	1	1	3	0	0	0	0	0	2	0	0	0	0	0	0	0	0	1	1	2	"1"	"1"	"1"	"1"	"1"	"1"	12000	1	1	1	4	1	1	2	1	1	1	1	1	2	5	3	2	2	3	3	1	1
"317"	"{EF25C87F-90C2-E811-914C-74867AD5B714}"	1	0	1	28	14	4	3	5.4	11	"2"	5.3	13	"2"	6.2	14	"3"	4.76178389739502	10.9874333341916	2	6	4	4	0	2	1	0	0	0	0	0	0	0	0	1	0	0	0	0	0	1	1	1	1	"1"	"2"	"1"	"1"	"2"	"1"	10000	1	5	3	3	2	3	5	3	2	2	2	2	2	1	4	3	1	1	1	1	1
"318"	"{EF2DBE80-60D9-E811-8FB7-74867AD5B714}"	1	0	1	34	14	1	3	3.8	14	"3"	5.6	15	"2"	5.3	16	"1"	3.79450323584655	25.5775000015895	6	8	8	6	1	0	1	1	0	0	0	0	0	0	0	0	0	0	0	0	0	0	0	0	1	"1"	"6"	"2"	"1"	"2"	"1"	8500	1	5	4	2	2	2	5	2	2	4	2	2	4	4	1	1	1	1	1	1	1
"319"	"{EFEFBCA8-06E9-E811-8FB7-74867AD5B714}"	1	0	1	9	15	4	2	9.3	21	"2"	0	0	"0"	0	0	"0"	8.33966518322624	29.827999997139	18	999	999	19	5	999	999	3	0	999	999	3	2	999	999	1	0	0	999	999	0	1	999	999	1	"1"	"3"	"1"	"2"	"2"	"1"	16000	4	4	5	2	2	2	5	2	2	5	3	2	3	3	1	1	1	1	1	1	1
"320"	"{F23B5284-97C6-E811-914C-74867AD5B714}"	1	0	1	2	12	1	3	6.4	14	"3"	6.8	16	"3"	7.8	16	"3"	6.25353132217077	11.774066666762	10	4	4	6	2	1	4	1	0	0	0	0	2	0	0	1	0	0	0	0	1	1	1	1	2	"1"	"1"	"1"	"1"	"2"	"2"	11500	2	1	3	2	2	2	5	2	2	3	2	2	4	4	3	2	1	1	3	1	1
"321"	"{F2878262-F8E8-E811-8FB7-74867AD5B714}"	1	0	1	1	15	4	2	2.9	10	"2"	0	0	"0"	0	0	"0"	3.82725630260466	16.9774333318075	3	999	999	7	0	999	999	7	0	999	999	0	0	999	999	1	0	0	999	999	0	0	999	999	1	"1"	"2"	"1"	"1"	"2"	"1"	8300	4	1	2	2	2	1	2	2	1	2	1	1	1	2	1	1	1	1	1	2	1
"322"	"{F335C703-FBE4-E811-8FB7-74867AD5B714}"	0	1	1	18	14	1	3	3.6	9	"2"	4.1	14	"3"	3.6	17	"3"	3.27431848157703	8.22366666793823	10	13	13	10	1	1	1	1	0	0	2	0	2	1	1	2	0	0	0	0	0	0	0	1	1	"1"	"1"	"1"	"1"	"1"	"1"	7600	1	5	5	2	2	2	3	2	2	2	2	2	3	5	1	1	3	1	3	1	4
"323"	"{F34A82BE-13D7-E811-8FB7-74867AD5B714}"	1	0	1	7	14	0	2	4.8	17	"3"	7.2	17	"3"	5.1	22	"3"	4.58881884209432	19.3711666663488	8	10	12	8	3	3	4	3	0	0	0	0	2	2	2	2	0	0	0	0	0	0	2	0	1	"2"	"1"	"1"	"1"	"2"	"2"	10200	1	3	3	3	2	2	5	3	2	3	2	2	2	4	1	1	3	3	3	1	3
"324"	"{F4DFEB9C-CBD7-E811-8FB7-74867AD5B714}"	1	0	1	10	13	1	3	5.2	11	"1"	5.3	11	"1"	5.9	14	"2"	5.54287908413932	14.0272333343824	5	6	7	5	2	1	2	2	0	0	0	0	0	0	0	0	0	0	0	1	0	0	0	1	1	"1"	"4"	"1"	"1"	"2"	"1"	10600	1	4	3	3	1	3	3	1	1	3	3	3	3	3	3	3	5	5	3	4	1
"325"	"{F51FF3E8-6CD4-E811-8FB7-74867AD5B714}"	1	0	1	23	13	1	3	3.4	13	"3"	3.9	13	"3"	4.3	14	"3"	3.88465980183106	14.2597833315531	10	12	15	14	1	2	2	2	0	0	0	0	1	1	2	2	0	0	0	0	0	0	0	0	1	"1"	"1"	"1"	"1"	"1"	"1"	8000	4	5	2	5	2	4	4	2	2	4	2	2	4	5	4	2	2	2	4	3	1
"326"	"{F58486CF-FBD2-E811-8FB7-74867AD5B714}"	1	0	1	30	12	1	3	5.7	15	"2"	6.7	17	"2"	6.2	18	"3"	5.89472638075887	15.3150000015895	9	6	8	8	1	0	2	0	0	0	0	0	0	0	0	1	0	0	1	0	0	1	1	1	2	"2"	"3"	"1"	"1"	"2"	"1"	11100	4	5	3	2	1	2	5	2	2	3	2	2	2	3	1	1	1	1	1	1	1
"327"	"{F5FF8EAB-8DC2-E811-914C-74867AD5B714}"	1	0	1	20	16	2	2	4.1	11	"2"	0	0	"0"	0	0	"0"	4.20167366031133	10.4497166673342	7	999	999	8	1	999	999	2	0	999	999	0	1	999	999	2	0	0	999	999	1	0	999	999	1	"1"	"1"	"1"	"1"	"2"	"1"	9000	4	5	2	2	2	2	4	2	1	2	1	1	1	1	4	3	3	3	3	4	3
"328"	"{F6529BD5-60D1-E811-8FB7-74867AD5B714}"	1	0	1	12	15	1	2	7.1	13	"2"	7	13	"2"	6.7	15	"3"	5.95376092047397	13.582333334287	6	6	10	12	4	4	4	3	0	0	0	0	1	1	1	1	0	0	0	0	0	1	1	0	2	"1"	"1"	"1"	"1"	"1"	"1"	11000	4	4	2	1	2	1	4	1	1	2	1	1	1	3	1	1	1	1	1	1	1
"329"	"{F688CF5D-F8BF-E811-914C-74867AD5B714}"	1	0	1	24	15	3	4	7.7	17	"1"	7.2	17	"2"	8.2	18	"2"	7.26049602589358	26.5161666671435	11	13	14	21	3	2	1	3	1	1	1	0	1	1	1	2	0	0	0	0	0	1	0	1	1	"1"	"5"	"1"	"1"	"1"	"2"	12500	4	5	5	2	2	2	5	2	2	3	2	2	2	1	5	2	4	4	1	1	1
"330"	"{F6DF6FDC-3F7A-E811-B124-74867AD5B714}"	1	0	1	0.5	10	0	3	2.1	9	"2"	1.9	8	"3"	2.3	10	"3"	1.77059101405077	5.69366666873296	3	12	12	13	1	1	0	1	2	0	2	0	1	1	1	1	0	0	0	0	0	0	0	0	2	"1"	"1"	"1"	"1"	"2"	"1"	5400	2	1	3	3	2	3	3	3	3	3	5	5	2	3	3	1	2	2	2	1	0
"331"	"{F77E8A2C-97CC-E811-914C-74867AD5B714}"	1	0	1	10	12	0	4	6.1	13	"1"	5.3	15	"2"	6.6	15	"2"	6.19934026976725	12.2809999982516	8	8	8	8	2	3	3	2	0	0	0	0	1	2	2	1	0	0	0	0	1	2	2	2	1	"1"	"1"	"1"	"1"	"1"	"1"	11400	1	4	4	4	2	4	5	4	4	4	2	2	2	1	4	2	3	3	3	3	1
"332"	"{F8E3D04D-2ADD-E811-8FB7-74867AD5B714}"	0	1	1	2	9	1	4	2.8	8	"2"	3.1	10	"3"	0	0	"0"	2.08372605017075	5.13021666606267	5	4	999	5	1	1	999	1	0	0	999	0	2	0	999	2	0	0	0	999	0	0	0	999	1	"1"	"1"	"1"	"1"	"1"	"1"	6500	1	1	5	2	2	2	4	2	2	2	2	2	4	5	3	1	3	2	3	2	4
"333"	"{F911EA1B-13C1-E811-914C-74867AD5B714}"	0	1	1	26	15	2	3	5.3	17	"2"	7.4	19	"3"	6.9	21	"3"	4.35983905216001	16.182116663456	10	10	8	10	2	1	0	1	0	0	0	3	2	2	2	2	0	1	0	0	0	1	0	0	1	"1"	"3"	"1"	"1"	"2"	"2"	9800	4	5	4	1	2	1	4	1	1	1	1	1	1	4	3	1	3	3	2	1	3
"334"	"{F9F58B0B-427A-E811-B124-74867AD5B714}"	0	1	1	1	13	0	3	5.9	17	"2"	6.5	18	"2"	6.1	22	"3"	5.7454012249334	18.966733332475	18	15	17	15	1	2	3	2	0	0	2	0	2	2	1	2	0	0	0	0	0	0	0	1	2	"1"	"3"	"2"	"1"	"2"	"1"	11200	1	1	3	1	2	1	4	1	1	1	3	3	2	1	4	4	2	1	2	2	0
"335"	"{FCC5C8F5-08D2-E811-8FB7-74867AD5B714}"	1	0	1	20	14	1	3	7.5	19	"2"	8.6	20	"2"	8.7	22	"3"	6.92533269348928	20.2959333340327	11	15	14	11	3	3	3	2	1	1	1	0	2	1	2	0	0	0	0	0	0	0	0	0	1	"1"	"2"	"1"	"1"	"1"	"2"	12000	4	5	2	1	2	1	4	1	1	2	1	1	1	5	1	1	1	1	1	1	1
"336"	"{FDB0C585-72C3-E811-914C-74867AD5B714}"	1	0	1	21	19	1	3	3.4	14	"3"	3.4	17	"3"	0	0	"0"	4.26755344517911	21.5946666677793	8	7	999	8	1	1	999	1	0	0	999	0	0	0	999	0	0	0	0	999	0	1	0	999	1	"1"	"2"	"1"	"1"	"2"	"2"	8000	1	5	5	2	2	2	5	2	2	2	2	2	2	4	1	1	1	1	3	2	1
"337"	"{FDC01CA6-F4E8-E811-8FB7-74867AD5B714}"	1	0	1	12	15	1	3	6.1	19	"2"	5.9	20	"2"	6.3	21	"2"	6.60961747733761	21.4956166664759	18	16	14	22	0	1	2	1	0	0	0	0	2	0	0	2	0	0	0	0	0	0	0	0	1	"1"	"4"	"1"	"1"	"1"	"1"	11800	4	4	2	5	2	2	5	2	2	3	2	3	3	5	1	2	3	3	1	3	1
"338"	"{FDC5065E-01CC-E811-914C-74867AD5B714}"	1	0	1	1	10	3	3	6.7	17	"2"	7.4	20	"3"	6.3	25	"3"	6.56970166539345	22.5383333325386	10	11	14	9	2	1	1	1	0	0	0	0	2	2	2	2	0	0	0	0	0	0	2	2	1	"2"	"1"	"1"	"1"	"2"	"1"	12500	4	1	3	1	1	1	4	1	1	1	3	1	5	5	1	1	2	2	1	1	1
"339"	"{FE5C7831-CADB-E811-8FB7-74867AD5B714}"	1	0	1	24	12	0	3	8.2	26	"3"	8.7	30	"3"	9.4	32	"3"	9.10994470136839	35.1932166655858	16	20	18	13	4	2	3	1	0	2	2	1	2	2	2	1	2	2	1	3	0	0	1	0	1	"1"	"6"	"2"	"2"	"2"	"2"	15000	4	5	5	2	2	2	5	2	2	4	2	2	4	1	1	5	3	3	1	1	1
"340"	"{FE7B20B1-9FD3-E811-8FB7-74867AD5B714}"	1	0	1	16	14	2	3	6.3	15	"1"	6.8	15	"1"	6	15	"2"	6.45785204608482	15.6591666658719	13	11	11	10	3	1	1	1	0	0	0	0	0	0	2	0	0	0	0	0	0	0	2	1	1	"1"	"1"	"1"	"1"	"1"	"2"	11500	1	5	3	2	2	2	5	2	2	2	3	2	4	5	2	2	2	2	1	1	4
"341"	"{FE9BE6FE-99E2-E811-8FB7-74867AD5B714}"	1	0	1	25	15	1	3	4.6	17	"3"	4.6	16	"2"	4.8	22	"3"	4.80784723425771	18.7361666679382	15	10	18	15	2	0	0	1	0	0	0	0	1	1	2	1	0	0	0	0	0	0	0	0	1	"1"	"2"	"1"	"1"	"1"	"1"	9600	1	5	3	3	2	1	4	1	1	3	1	1	1	4	1	1	1	1	1	1	3
"342"	"{FF005782-5CC3-E811-914C-74867AD5B714}"	1	0	1	0.5	10	2	3	5.3	14	"3"	4.9	17	"3"	6	20	"3"	5.75874127198576	22.3039499998093	9	11	8	8	2	0	2	1	1	1	1	1	1	1	1	1	1	0	0	0	0	0	0	1	1	"1"	"2"	"1"	"2"	"2"	"1"	11500	1	1	4	1	2	1	1	1	1	1	1	1	1	2	4	3	1	1	3	1	1
"343"	"{FF2FE1DC-5CD1-E811-8FB7-74867AD5B714}"	0	1	1	33	13	1	3	6	15	"2"	5.2	16	"3"	6.2	21	"3"	4.83019102108556	18.3995000004768	11	8	12	12	5	3	3	2	5	0	0	0	0	0	0	0	0	0	0	0	1	1	1	1	1	"1"	"2"	"1"	"2"	"1"	"1"	10400	3	5	2	2	2	1	4	2	1	2	1	1	1	3	1	1	1	1	1	1	1
