"asc_ruta2","asc_ruta3","asc_rutaEC","b_tt","b_dt","b_CongAB_ruta1","b_CongCD_ruta1","b_CongAB_ruta2","b_CongCD_ruta2","b_CongAB_ruta3","b_CongCD_ruta3","b_CongAB_rutaEC","b_CongCD_rutaEC","b_Sem_0_ruta1","b_Sem_0_ruta2","b_Sem_0_ruta3","b_Sem_0_rutaEC","b_Sem_1_ruta1","b_Sem_1_ruta2","b_Sem_1_ruta3","b_Sem_1_rutaEC","b_Sem_2_ruta1","b_Sem_2_ruta2","b_Sem_2_ruta3","b_Sem_2_rutaEC","b_Sem_3_ruta1","b_Sem_3_ruta2","b_Sem_3_ruta3","b_Sem_3_rutaEC","b_ACC_0_ruta1","b_ACC_0_ruta2","b_ACC_0_ruta3","b_ACC_0_rutaEC","b_ACC_1_ruta1","b_ACC_1_ruta2","b_ACC_1_ruta3","b_ACC_1_rutaEC","b_SI_CAMFD","b_SI_PANEL","b_SI_ZER","b_Si_MTRP","b_CSECO","b_Hpico","b_Joven30","b_Adulto40","b_Adulto60","b_USOCINTURON","b_USODISPMOB","b_EdBasica","b_Htrab_2","b_Htrab_3","b_Htrab_4","b_Exp_2","b_Exp_3","b_Exp_4","b_Exp_5","logLike"
0,0,0,0,0,0,0,0,0,0,0,0,0,0,0,0,0,0,0,0,0,0,0,0,0,0,0,0,0,0,0,0,0,0,0,0,0,0,0,0,0,0,0,0,0,0,0,0,0,0,0,0,0,0,0,0,-390.935009835809
0,0,0,0,0,0,0,0,0,0,0,0,0,0,0,0,0,0,0,0,0,0,0,0,0,0,0,0,0,0,0,0,0,0,0,0,0,0,0,0,0,0,0,0,0,0,0,0,0,0,0,0,0,0,0,0,-390.935009835809
0,0,0,0,0,0,0,0,0,0,0,0,0,0,0,0,0,0,0,0,0,0,0,0,0,0,0,0,0,0,0,0,0,0,0,0,0,0,0,0,0,0,0,0,0,0,0,0,0,0,0,0,0,0,0,0,-390.935009835809
-0.0120000000060827,-0.0167999999939639,0.0247999999919557,0.112401923997822,-0.00713946406904143,0.00136000000566128,7.99999907030724e-05,-0.00135999998747138,-0.00656000000162749,-0.000799999997980194,-0.00608000000283937,0.0142400000004272,0.00487999999677413,0.00184000000444939,-0.000959999997576233,-0.00135999998747138,0.0010400000064692,0.00167999998666346,-0.00367999999070889,-0.00319999999192078,0.00855999998748303,-0.000400000008085044,-0.0028799999927287,-0.00567999999475433,0.00751999999920372,0.000560000007681083,-0.00255999999353662,-0.00328000000081374,0.00471999999717809,0.00495999998747721,-0.0104800000008254,-0.0124800000048708,0.0226399999883142,-0.000479999998788117,7.99999907030724e-05,-0.00159999999596039,0.00199999998585554,-0.00536000001375214,-0.00936000000365312,-0.00296000000162167,0.00159999999596039,0.0206400000024587,0.0153599999975995,0.00064000001657405,0.00672000000122353,0.0123200000052748,0.0198399999862886,0.00720000000001164,0.0148000000081083,0.00175999999555643,0.0135199999931501,0.00959999999395223,0.00487999999677413,0.0018399999862595,0.00431999998909305,0.00999999998384738,-369.166848329078
-0.0736440389265059,-0.120430472015362,0.143485705943867,0.0908614028235043,-0.123182501170857,0.0113416849114336,0.00818496260935832,-0.00933057964983407,-0.0417028063902082,-0.00567406167158124,-0.0374158892938848,0.0913723346890749,0.0274191323432083,0.015331175880301,-0.00640435576040817,-0.0107562602359927,0.00642634588854107,0.0185597349186287,-0.0235457470812987,-0.0237818788611246,0.0492248346508209,0.0061054934313217,-0.0176491702689962,-0.0433987095277621,0.0434080913768681,0.00695990721105682,-0.0169862285111815,-0.0263107709341675,0.0276428529011198,0.0531973013982002,-0.068009975976945,-0.0961803056745826,0.13563018964395,-0.000358688405208219,0.00131053945120177,-0.0124213258163472,0.00691190749514686,-0.036975541600223,-0.0558082430918863,-0.0139560764448823,0.0118136227864873,0.119588711335438,0.0927378167384441,0.00332608718447498,0.0413892863422375,0.0688106803158484,0.113013686127072,0.0437822760617648,0.0865425724176437,0.0116980015406935,0.0826847278643573,0.0497465778130767,0.0314389824266452,0.0111945058452183,0.0260309231165199,0.0522084305357938,-328.256140386121
-0.14437743426522,-0.308450301334724,0.120643763090558,0.104049697641158,-0.105881045153954,0.0622701967736718,0.0802625346474868,-0.0283889411546672,-0.109213540136723,-0.016896844447117,-0.0952387154178408,0.0781711453553644,0.00686548611202054,0.0903898333975695,-0.0192658750322222,-0.027378977004418,-0.0216737478399169,0.112718907886228,-0.039549876896086,-0.0514548556119509,0.0263234667193361,0.0621320531819359,-0.00516427016718664,-0.10464476940975,-0.000557669084191782,0.046649682234786,-0.0456516563724496,-0.0680178144323215,0.0697982026674188,0.331233971724518,-0.13494847959109,-0.225117248721375,0.13882073062896,0.0101735319313026,0.0191740288798161,-0.0361822075648913,-0.0199762980592524,-0.113975787211413,-0.15921716383729,-0.0383903992704696,0.0400751975665307,0.0945708949482945,0.0643459727148467,-0.022189203829598,0.046367333321593,0.0257771365463538,0.0885793143989719,0.00355913718815177,0.0737860508750165,0.0228838291490506,0.0835746908756926,0.019218160224867,0.0723776564911377,0.0019583477722235,0.0324437216885046,-0.0160973887049975,-310.843003504795
-0.0893632267734103,-0.432907808889566,0.136991128228376,0.103721711433002,-0.101509287961672,0.160325158214822,-0.25130214094247,-0.0972571299144585,-0.235735737446503,-0.0445939134631766,-0.0683625863902329,0.167610567179809,-0.0608087845447172,0.248841293990499,-0.0589125927875645,-0.0461841928850278,-0.11615603031173,0.0847964052915028,0.0284646767751651,-0.0180781133893745,-0.0350239450124925,-0.148664623301961,0.18534097176454,-0.099204142418557,-0.163299194450102,0.127181907520538,-0.117894614674436,-0.114072177884766,0.258136630375048,0.42281152071932,-0.106781780293627,-0.180341846892256,0.291853527301519,0.00919536265548101,0.119417089521839,-0.101314898921945,-0.158904120089178,-0.43731361860638,-0.410970263512382,-0.0987620785673495,0.221618009109714,0.093750443311336,0.0470297771194199,-0.146588645725471,0.0940061991938126,-0.0860697305204631,0.0553294417222781,-0.115667945598844,0.0986883760989695,0.0942323461646551,0.154476603881193,-0.0857854633102535,0.274332151751716,-0.0289700059435627,0.0659229447374437,-0.256246242395582,-299.449700834954
-0.297445220366678,-0.394464196424925,0.152364830410044,0.120254811111728,-0.269237070972307,0.231982207736722,-0.485470218511908,-0.222344166088505,-0.471802713042713,-0.076237556192751,0.0435569078220872,0.201541871962809,-0.112672876690527,0.385086911776469,-0.110584208142616,-0.0480534119120215,-0.198679887401536,0.0413842234959327,0.0617557234456724,0.0499195930372148,-0.176983240111233,-0.257895280073907,0.224772130936641,-0.00632588535189017,-0.320461578248142,0.216941773821901,-0.219856466603579,-0.135155565380148,0.421087791250403,0.604802355503023,-0.305198297850658,0.031383416402391,0.413289909685257,0.0422200955967115,0.204162067629556,-0.152099581163187,-0.27095900750996,-0.614633913023923,-0.307048505961692,-0.154064719719934,0.401352658929973,0.0811215772066028,-0.0242130548587825,-0.383050915540546,0.0196696241257737,-0.0585412119020173,0.0462925727297803,-0.255697869209162,0.122562855386559,0.195392137937372,0.105099297094974,-0.0931507872184292,0.438105917457587,-0.0858206556404166,0.0249570297866403,-0.372455761416443,-297.838032615126
-0.30594934228442,-0.562039037341195,0.21934992609814,0.103913678730667,-0.153718407217415,0.251805924683484,-0.644152738401774,-0.350317448119346,-0.61811649439271,-0.115318120297632,0.0832558516465476,0.249522917183768,-0.13601066654234,0.467686016100238,-0.147753851301994,-0.0494797044465852,-0.254320037640129,-0.0563862863854418,0.193422573653608,0.0702953428975002,-0.32184509784545,-0.306509073279828,0.31400940760387,0.015597636504191,-0.456851749151024,0.29486402262426,-0.270731172761483,-0.204129531892202,0.531203345565109,0.729225348906301,-0.296096305554468,0.0790027772943406,0.556194843010127,0.102972423907113,0.293007842037403,-0.200803145836788,-0.357263494924367,-0.658352139728575,-0.0423426723698343,-0.226536259298586,0.502579161550538,0.10590204062354,-0.0719666843535446,-0.677181112993335,-0.105468238370847,0.0570555953596269,0.0843812983805336,-0.364217954363651,0.168437437555794,0.313349962290731,0.0399564168700487,-0.0464410056909815,0.569298517403619,-0.159296101570773,-0.0588045967704453,-0.359081317544225,-293.745013128831
-0.223001511193607,-0.753529663527946,0.261846348148306,0.13746999635176,-0.381631956162411,0.232988995240419,-0.704025936386328,-0.484683115193374,-0.702820618038605,-0.154646922786801,0.0969848450940199,0.256933294571411,-0.144043951746438,0.501764580496416,-0.170013755606612,-0.0440955422768409,-0.320618834622146,-0.135931163898755,0.366288029275639,0.0684660418519618,-0.43317704314419,-0.335436415940571,0.400555495378835,0.00540015755652995,-0.584435358491215,0.342486994884214,-0.279837695357927,-0.250397306924869,0.530831921184998,0.806851751185184,-0.180434811263334,0.0999120391606484,0.611521096265133,0.182117819494648,0.365757535000599,-0.238396355973875,-0.383185849627357,-0.611412716786315,0.0681225478888216,-0.227932168715637,0.5189961379491,0.0588805159653819,-0.132280314240922,-0.986341090736625,-0.192951842606103,0.061229547089979,0.0596476950131465,-0.401616059251927,0.192029075447927,0.412722971898591,0.0174621496169551,-0.0472663285557156,0.688170752156887,-0.23859627353984,-0.168211106831126,-0.342140620026458,-292.672239890156
-0.384248501364844,-1.33104040352708,0.713452814852709,0.121313873279085,-0.336435347544532,-0.0255725002061269,-0.605551311881593,-1.24069588839452,-1.21863619774901,-0.337780511227891,0.151475259107412,0.547304678952191,-0.0606039051308485,0.504945496752104,-0.248510863642661,0.0652606199801661,-0.62040945064331,-0.422280054222725,1.03973637732776,0.174483808549492,-0.717242876667479,-0.385983498019634,0.430261433068361,0.0556702881069442,-1.09287127208707,0.481368371663309,-0.241643602938392,-0.284693232859194,0.0764210968007019,1.08429904511779,0.0210417109617005,0.670717668506591,0.930356483868099,0.708905712670394,0.611672296892579,-0.33391944896589,-0.340641410559648,-0.141072153186017,-0.311732606657596,-0.0751553914866464,0.357765145536628,-0.120800697351981,-0.165880510895092,-2.51363737686976,-0.336520890676877,-0.33232649058483,-0.0770748177155364,-0.198309180725254,0.33462052743964,0.877004784013347,0.396538248380152,-0.262502159710028,1.32726054463561,-0.61659697580863,-0.665399838458446,-0.246457496505774,-288.547396824987
-0.503222544417365,-1.76287323720892,1.26020708004891,0.0890983065531893,-0.267564356877021,-0.22849246053757,-0.457499266755143,-1.85978130629949,-1.27121345874169,-0.525479239207604,0.117710559250282,0.53859245489316,0.329162113926387,0.295241922539633,-0.218916639575886,0.16024349808024,-0.854521154683063,-0.191708834198137,1.17817149008693,0.269888744506621,-1.09965159190848,-0.575585870752193,0.647895921531215,0.0526327924083363,-1.23185973696659,0.214170700678096,-0.0203468810993484,-0.18830776791986,-0.520668750139007,1.26324845480541,0.235639125392218,1.12954397207044,1.05002328888353,1.05740232658548,0.810961788753796,-0.282775842522179,-0.0453644634581017,-0.258115675012091,-0.723308191381482,0.160530441821285,0.392629461241774,-0.00254589588897471,-0.233386547915298,-3.56269908220344,-0.758389781608516,-0.496944753280292,0.100621026261123,-0.129717440563741,0.197694790239787,1.20345479033664,0.2001022495639,0.301064986936349,1.63021787602428,-0.679504521490112,-0.494163325316693,-0.804949478087675,-286.051818342725
-0.642540193370689,-2.04250877993412,1.72478613614318,0.0869926605505301,-0.262323689231781,-0.173066507005307,-0.501059554898686,-2.25480564907833,-0.881876491569019,-0.712190569114342,0.0419714602835482,0.58351868105178,0.429639318411559,0.0933990234025937,-0.0785921454755037,0.237572443884374,-1.26030723228925,-0.0502039383799616,0.902042892487558,0.320059244934397,-1.0082186672928,-0.492218085960763,0.956896299299683,0.080077924079236,-1.44982960704963,-0.243055917352198,0.272216278542983,-0.0358838575485788,-1.07251755950527,1.61291100291258,0.405597728478509,1.44440997053102,1.00012343578219,1.16249344133409,0.938606863296527,-0.0899048550554102,0.305479523289776,-0.833982991064929,-0.336765154145097,0.0914147231696444,0.541242084480238,0.0644349502957991,-0.129859662886451,-3.98909769732618,-1.23055387021621,-0.854252340234236,0.170241925920395,-0.112699873190222,0.0604924884840556,1.2722807957254,0.782437361501166,0.225926532869608,1.58338162002179,-0.579953097920771,-0.282239874689789,-1.09653991938734,-283.428864362585
-0.760858681640388,-2.08690146621956,1.93593857276901,0.0784076475696123,-0.283331559588638,0.071314380320181,-0.594056500649588,-2.31359797134539,-0.440788792977801,-0.844925271119999,0.0457857778996342,0.768696974524606,-0.00867626168939822,-0.0222556244864049,0.111095776889694,0.259324245803222,-1.51634305126856,-0.0633371233074336,0.748780188630335,0.407248252935584,-1.26260694313021,-0.436411522478898,1.05587787347333,0.119928461926461,-1.52452411041428,-0.537198913746828,0.37376540457099,0.0852633908117514,-0.998966912308505,1.8934824933883,0.553335372450714,1.59219192339229,1.06094902326091,1.13796425514424,0.929095500398911,0.151664945643478,0.326528656722054,-1.10038807119678,-0.434617376710719,-0.275822207532888,0.553404151244865,-0.0784801894111186,0.026443383677733,-3.7222751832164,-1.49590385535051,-1.2441743211146,0.146551199496484,-0.170534437596194,0.165733765784603,1.18111134868558,0.786447926201764,0.573755658164799,1.27539268619735,-0.588425579247306,-0.266773078937903,-0.687066706677968,-280.94070156773
-0.847380074203373,-2.07701145010804,2.04625451973439,0.0771811057748361,-0.286649807544514,0.372792663767735,-0.57585368299531,-2.14928954715517,-0.37997225070696,-0.931264036397622,0.0809547510915158,0.47331981782637,-0.0838487600370152,-0.118164780575921,0.289012050935557,0.222280044327359,-1.62372159646387,-0.311634498448301,0.77712715965471,0.457223811265083,-1.43729419712359,-0.506196132872334,1.00480257681552,0.126379855725461,-1.58974495246066,-0.440270632570055,0.295928394788942,0.139306155136166,-0.680970310854201,1.98239388812933,0.640748580126964,1.52940425424975,1.26693289926969,1.1689126531408,0.872353934553389,0.367064410798754,0.119883920374482,-0.916311872984837,-0.416374674353827,-0.148141677888191,0.664832646270487,0.000724338180968828,-0.0590880805392658,-3.09764460297192,-1.47821474265954,-1.32956244585505,0.14761719434722,-0.122745358856342,0.0660154912934024,1.13924401345947,0.89261388383833,0.624976585959201,1.06831184199662,-0.494130264548502,-0.299097248762086,-0.640590517078897,-277.333138490441
-0.864150660767937,-2.06727575527797,2.04308540931436,0.0816665037847402,-0.305991390424901,0.487451609753041,-0.4637244254859,-1.86477546606604,-0.667979281560195,-1.02659740255153,0.124247921025063,0.445234085782355,-0.284539355819856,-0.31918856561661,0.467117865465504,0.146109821419362,-1.59280288846105,-0.569164766605623,0.846751618026763,0.45133993590214,-1.42873350983109,-0.737683053178883,1.03123251093385,0.201229568084875,-1.72410397662011,-0.0803160586713058,0.195960952422704,0.168573928914762,-0.574756448753927,2.01613998728079,0.662651647109982,1.43779625860653,1.17494011732473,1.29283371321245,0.971170884988798,0.597811055989732,0.0819978395993902,-0.714245699368788,-0.403983970547884,-0.182892912141612,0.657854148525067,-0.0713847678854616,-0.0102489364836315,-2.48921347803457,-1.37480883663175,-0.942593437712884,-0.0075918686019274,-0.220991660185346,0.254290516495342,1.09772036100604,0.932619997490602,0.623146211446714,0.865593295441401,-0.395350273449317,-0.211939424089107,-0.798262101636682,-275.565022627069
-0.85673974723449,-2.08177266773132,2.00754068897649,0.0808581005413719,-0.307770305114822,0.458170516567524,-0.580972738122078,-1.60289200298484,-0.946051070811115,-1.11944940854627,0.18093992133034,0.295800854542731,-0.174668353593088,-0.403049902203136,0.59410351103907,0.0702084246322126,-1.59277563927586,-0.632773752321201,0.95473197508446,0.437249458580736,-1.46274032675391,-0.992556882650031,1.01023979298945,0.291932140698346,-1.59036163495961,0.0277717649970701,0.184770169430999,0.15702503770764,-0.632391951956137,2.13903521888647,0.669393301084908,1.40082205307688,1.03245821881632,1.36172515623263,1.11843177731583,0.770728348789208,0.0594364739334385,-0.728478306262471,-0.360107908828216,-0.297207021584482,0.575599068806314,-0.0851042526498701,-0.0137675700302261,-2.21094627785388,-0.919738293647108,-0.663803290712348,-0.0441531457812476,-0.247969122541953,0.187757592562737,1.20654348380532,0.87091334879018,0.546960705583226,0.766627688360352,-0.433155607978714,-0.330671559574516,-0.662580413442321,-274.406600533499
-0.843309836825321,-2.10345418712846,1.94470953129329,0.0857624528170633,-0.32175178540037,0.277466636901386,-0.654397206622411,-1.37632103937405,-1.07777310371952,-1.22854172710663,0.262609896874327,0.389165116438992,-0.180562111759085,-0.471694943331428,0.688312903789774,-0.00384667047100469,-1.54938687036073,-0.811004534705382,1.0360821242443,0.439243050839077,-1.3657395117498,-0.91178067590192,1.02022052104525,0.364242252500765,-1.73183528185587,-0.131429572874668,0.253933908328759,0.143821709371707,-0.669892318260072,2.27283004455994,0.665183831879703,1.43384365193286,0.945143350394905,1.496330816315,1.31471646476496,0.923225201976183,-0.0527020678595789,-0.747902156526337,-0.354033214931073,-0.108578955147236,0.555463625114799,-0.0366909969209997,-0.148172577468127,-2.07127463047774,-0.442875410069574,-0.436053862295368,0.0855829871182179,-0.361090747734143,0.0555670131543901,1.33351267728532,0.722287927628596,0.525209420455616,0.767758230431511,-0.512578568994115,-0.413642410152773,-0.577591853420136,-274.330867995075
-0.87220824948769,-2.14137786165074,1.92075957878215,0.0907093720202472,-0.334692635393153,0.137493172127687,-0.63474540937314,-1.31544197003829,-0.9820957837317,-1.30694034706512,0.294727965380365,0.447828293122628,-0.149163788365319,-0.391782248324031,0.707866890075725,-0.0299749561608703,-1.56371946203964,-0.798209084301465,1.10635878788584,0.453256625172296,-1.51557739029946,-0.920315506887142,1.02761543443475,0.381784994411236,-1.67276197286236,-0.392047927107312,0.325175092008555,0.12947716419535,-0.672112766310739,2.34313601747365,0.672739944762786,1.51868244713062,0.935492585756745,1.67345030165535,1.41885022218151,0.994844545919616,-0.154578813567072,-0.652652440306067,-0.33452513565632,-0.0442612682607429,0.565190447950115,-0.0173412334292353,-0.171865336901853,-2.04260266195055,-0.404683677654876,-0.337786001860932,0.0983842977453987,-0.394831431302265,0.135894506101443,1.38761295638849,0.763090015213392,0.431804053721624,0.9144945783132,-0.586981992641346,-0.408861655992566,-0.630159758243687,-273.72957956801
-0.97154274045696,-2.20904350268769,1.93800400933674,0.0887031215351898,-0.343298551881796,0.0311440077692326,-0.610650167549371,-1.3360397777041,-0.794496231359314,-1.40447370413776,0.297036612196474,0.34539559501423,0.0109446979672894,-0.275829633158961,0.698403044692821,-0.0298104609565672,-1.6183535149653,-0.83316489644026,1.13874887884633,0.486198271567826,-1.44021973545866,-0.990866251065608,1.11918062395663,0.361670227786898,-1.80305485048101,-0.563118752511243,0.393240700314284,0.116686562252813,-0.729467925336653,2.43950021529442,0.707361031076093,1.67361521688158,0.964321403657199,1.92675273255248,1.48210198950494,1.0633722915241,-0.262627238301589,-0.59001269956027,-0.356229395540224,-0.104665091584129,0.608085780029712,-0.0115698666617482,-0.118109503402953,-2.10485371319704,-0.563433726753157,-0.345113299885517,0.0406424296654599,-0.263225324209605,0.226899810104059,1.37930871147868,0.761771168233432,0.49825201700482,1.07134548834643,-0.643734737302893,-0.414563350579172,-0.619950992575221,-273.386422965977
-1.08652937955936,-2.28337616609984,2.02081375216603,0.08841448127365,-0.347899428335233,0.0578666599705142,-0.601518761574268,-1.40808876610392,-0.668321371200205,-1.4829011381071,0.271023851717114,0.383949117783872,-0.0281325117122133,-0.310744927612833,0.682000106654952,-0.0029548064817852,-1.64711504768294,-0.871865653837858,1.20786647740849,0.521557286817185,-1.47333368772911,-1.08657802660694,1.19172621934904,0.294532969490321,-1.76485981746204,-0.503639337462065,0.408494386218299,0.116599571518028,-0.831747935739213,2.53428445603837,0.787167254562178,1.81020923414397,0.942033566607131,2.10328123889767,1.46493806960818,1.11641797782174,-0.245311019217066,-0.578175757626912,-0.325636227175831,-0.102662892960598,0.672557437476431,-6.44650242453814e-05,-0.105676443899986,-2.23524017923459,-0.706064742799928,-0.508105694673583,0.0817269909916844,-0.201107103648796,0.153813613669856,1.33920051352567,0.833324777922011,0.590419203658307,1.11503279279318,-0.6041402076176,-0.369239892681135,-0.623431154810789,-272.742831770788
-1.19435963322318,-2.34671053624066,2.17385524539989,0.082754592435694,-0.346864319635557,0.188817515451373,-0.608666375201164,-1.49337938182894,-0.647871410296734,-1.58784769098248,0.252796473945864,0.339814307233588,0.000948544445240913,-0.514956945239183,0.684370380181088,0.0440087674259521,-1.64830544502462,-0.90430945610261,1.30330855589762,0.539510397182495,-1.58345705643141,-1.08739254348488,1.28692195559412,0.238948188038581,-1.77071467047161,-0.51730387458101,0.464342992181369,0.125969728723869,-0.860556696321337,2.67122127682544,0.941714990083037,2.00902706074581,0.924243650573647,2.21039312610852,1.45258441264197,1.21322066838465,-0.200584240774792,-0.638450665976095,-0.39474489340113,-0.0661242058379015,0.693562466166052,0.0269637333743851,-0.100222048391115,-2.45448192680197,-0.920357661031348,-0.615220589613152,0.0542869856254006,-0.23617809778331,0.165364001709954,1.3343718081532,0.992750268129777,0.647411077392511,1.00664620260441,-0.494927385753308,-0.272951606916684,-0.546673932428397,-272.415644857846
-1.26701627375189,-2.39818698856332,2.36274174485437,0.0787352598386801,-0.344875333398854,0.333811942701184,-0.553225995529606,-1.54818763449032,-0.723627448798036,-1.70273371486769,0.233870821140415,0.347376273915747,-0.0143093078650202,-0.731709227268945,0.719084328711148,0.094839684317806,-1.7057702413058,-0.930355422368962,1.35836418639308,0.501293969266287,-1.66468133340905,-1.12660518179901,1.4007766583869,0.240071354086091,-1.80480302126027,-0.599255560904612,0.5805849610471,0.136503965821656,-0.797450326685642,2.84056395776408,1.11085636305706,2.2116610106321,0.924572740472858,2.22596533785929,1.48904709752786,1.35245801214593,-0.145869972314885,-0.642765201407938,-0.32356201043168,-0.0868405005903999,0.620071476901814,0.0210513961199447,-0.0727164160921177,-2.58658075886185,-0.960233983087753,-0.829652691027568,0.0167549878610794,-0.146356308602187,0.225488272676371,1.40765948935132,1.06491684471777,0.752761786564357,0.970266609064474,-0.36284680207028,-0.179462525817429,-0.600446990870011,-272.344561235143
-1.30355029933815,-2.42547946646444,2.48836866293708,0.0756857755686097,-0.349605842505094,0.409506555619122,-0.483521821211023,-1.54635726050113,-0.77654554869058,-1.793539895793,0.233525865023569,0.382525256857731,-0.0697038394216743,-0.823530355570038,0.779245327306041,0.120420939262666,-1.80912691625478,-1.00073277174632,1.37078613735427,0.442375984641749,-1.64518699023166,-1.23609239251869,1.45598035266502,0.261795330250453,-1.79084303759173,-0.661949128598212,0.708229013751076,0.144353483236501,-0.769007397271153,2.96645236066007,1.2011426085544,2.33629215885219,0.92384868832491,2.23131068787258,1.57011950263752,1.49333034335244,-0.132805623006273,-0.646615979809969,-0.340846505461542,-0.101839862888552,0.529541659925791,0.00393714889612461,-0.0766380302716807,-2.57661645036882,-1.07178051093135,-0.832619205164638,0.0337213491631744,-0.161059416470255,0.119157399620329,1.49408214624279,1.11012330444106,0.791563744388022,1.00236622876266,-0.326614405076356,-0.21740517699292,-0.606898631524476,-272.05565900431
-1.35261074726238,-2.46432163295016,2.55223043141634,0.0760132175482809,-0.351319891261341,0.387686382451486,-0.506030046245328,-1.50119749226814,-0.746040076049014,-1.86791741053743,0.247484375970073,0.379467785590701,-0.0713235371225329,-0.899500343920949,0.851220719532773,0.113858443474014,-1.84182153088364,-1.09094424493715,1.40267110623025,0.401544977422003,-1.63864750400866,-1.27159746403921,1.43877684344139,0.262532462063593,-1.77679520110126,-0.667264845911868,0.78870299519952,0.135395020053004,-0.783730454207671,3.03930206669348,1.21897938232892,2.37970069292623,0.88486224351876,2.33107103045311,1.65559473142337,1.62705234321367,-0.124011961409883,-0.653745648249483,-0.345460747996322,-0.105039538829141,0.589962300918635,-0.0386711129601249,-0.0816158831917252,-2.50440873161209,-1.04349093999321,-0.812551746418069,0.0242352222347926,-0.207027728832689,0.119004983438391,1.5502999813205,1.11824537354181,0.823077441459312,1.03987040249024,-0.380865074989589,-0.253619753378184,-0.613782860524809,-271.737393437238
-1.45404558533401,-2.52498187766441,2.60773176616875,0.0779544034348279,-0.358598680735984,0.28967176758636,-0.531497518105947,-1.41059907629682,-0.681235425013548,-2.00973243638722,0.274367298027666,0.38017369046619,-0.115723268480168,-0.978531285694172,0.979002833595891,0.0775756016031076,-1.85120398662932,-1.1465212164008,1.40301132881736,0.364486095006714,-1.668834957073,-1.42849558236035,1.54105811794825,0.238917888748419,-1.83282340149256,-0.696070226887294,0.869414480786926,0.117148131564128,-0.797920181273708,3.1672980264476,1.23455423639241,2.47089084632045,0.82578294269885,2.58966194678673,1.82840763722063,1.88575300157374,-0.194729693745524,-0.618714005416413,-0.341747038503887,-0.0839792734284436,0.647903316168727,-0.0569109878376417,-0.122769779024612,-2.43212965440897,-0.925983621194101,-0.723688982784168,0.0369660281185568,-0.216067899942824,0.0988360652961997,1.60634690502653,1.16170156414133,0.840107195687869,0.97515796522568,-0.475469271576549,-0.290212813491058,-0.579051530635841,-271.426317154147
-1.57115694446017,-2.57642367736535,2.64594490745446,0.0797525750145498,-0.373624619884108,0.212084293138316,-0.574834794347479,-1.3219365344106,-0.640427753231188,-2.1685012259411,0.300324446622983,0.371681765466894,-0.142742534815844,-0.963919248893192,1.10131086740994,0.0287252571271707,-1.87851173031456,-1.35202829979491,1.5165799182313,0.366616418708153,-1.72874946723671,-1.481549193678,1.62601791049848,0.192353797110096,-1.85325619927305,-0.777029700663957,0.908852149923372,0.0919937847727365,-0.854842616390934,3.3526594030274,1.30466597834476,2.62098847238427,0.721103585157368,2.8491420464278,1.97696096650493,2.16089641019302,-0.26329353526998,-0.629685338507883,-0.357486255640903,-0.119065392997861,0.624403215817068,-0.0126231540834562,-0.121877460393824,-2.36913403869177,-0.834663453526223,-0.614549816932807,0.0720297148317216,-0.161173395335414,0.0797414442776744,1.64488444914828,1.20012411524847,0.872582796799579,0.90251264490304,-0.510674152433962,-0.301949298057128,-0.618148538128059,-271.231610466417
-1.6456670766846,-2.60934901108859,2.69071802187747,0.0800623947123226,-0.380014103104269,0.210136223342706,-0.581145071021432,-1.28879266607798,-0.655569664397267,-2.27581713934431,0.303195010533916,0.379297963859808,-0.126708015258464,-1.00260227729883,1.16586151398235,-0.00569720659460395,-1.89601816158054,-1.38914829237147,1.6269868136744,0.364372722107261,-1.72284394965965,-1.54643908495646,1.67614015404207,0.167823644568834,-1.8801246188127,-0.860970111433851,0.943232402231833,0.0677538776986974,-0.918662875374242,3.48592544186171,1.39991846198104,2.75734427346757,0.684228168751428,2.99403894398758,2.04168609548078,2.32731661139867,-0.318615083195702,-0.62975961567456,-0.337944408897227,-0.08907564722343,0.625594873797627,0.0193104666437408,-0.0902209517930884,-2.33005737493316,-0.820231091282247,-0.619974145790785,0.069784337719815,-0.213725245341383,0.0988966151179624,1.65173443087771,1.23132271173547,0.931748927308429,0.919387317844088,-0.513475423745873,-0.338798635422516,-0.61566641228271,-271.048372623759
-1.73306780836509,-2.65687842991834,2.79652372580373,0.0793420207512844,-0.387563056103489,0.232140210280631,-0.573955740530692,-1.28136430122792,-0.666722192296137,-2.4107350603791,0.303881471665531,0.398246673162196,-0.097435151261301,-1.09609778459677,1.23900971493251,-0.0393824923630577,-1.90637522094916,-1.4364010931472,1.72781322298199,0.345302710063507,-1.73262764898563,-1.60004233471782,1.75800295351473,0.141505666756435,-1.90527289300121,-0.950380492207387,1.02696136091055,0.0232857364682407,-0.963572941197487,3.64535825699536,1.52272666303201,2.95157507799492,0.656720898694945,3.13851102385457,2.12895775553439,2.51905626813278,-0.351561753093647,-0.621920677428209,-0.336759596871396,-0.101569264826297,0.669182948316988,-0.0115778844967658,-0.138043912635698,-2.31828494713283,-0.842694005403864,-0.622384478707625,0.0739291813245646,-0.198447048386765,0.103940061347001,1.70586341094082,1.29247235040056,0.99302811464464,0.963764559403626,-0.523419917288841,-0.323852106624147,-0.594604067798894,-270.876965706231
-1.89923942690821,-2.75750375023309,3.01810466078327,0.0779709669091582,-0.396288125201976,0.282313000926484,-0.543015566864903,-1.28761292195193,-0.638038335729518,-2.66518907013461,0.315327343616013,0.394677614864084,-0.0545882770921426,-1.22739977165231,1.38099950157082,-0.0932833890622198,-1.96904478825577,-1.56170085068594,1.87838616631788,0.275164270585512,-1.77317379031427,-1.71438201223436,1.91183539626574,0.0795086120165075,-1.94846655187652,-1.07399504368778,1.22314087804751,-0.0600885262093946,-0.976009142351013,3.93039150288199,1.71679545051363,3.31734362715523,0.59213707500947,3.42244034983881,2.32928480764644,2.87700968672841,-0.372223733201045,-0.617497193605972,-0.326424781899695,-0.0419528068349144,0.694675356408224,-0.0721157607491586,-0.0878413495419498,-2.36552288983612,-0.875143861720083,-0.660191047895281,0.0450164468497184,-0.213263956160858,0.0959294645970823,1.85585613597635,1.39154209701443,1.10386955190679,1.01006588041023,-0.531196995485008,-0.257794068267375,-0.550873670004933,-270.647905638041
-2.07705728523753,-2.86325415447946,3.24249875177047,0.0765303773204158,-0.411600651293765,0.298906834367281,-0.569262426880992,-1.29818316281268,-0.582134440494322,-2.93445694518091,0.3331495459917,0.37435179569869,-0.0431468661471391,-1.41787378275418,1.54302285019238,-0.147282722197165,-2.02775144548914,-1.65409784846173,2.02764391728574,0.158403119240819,-1.81604742481561,-1.80521540382692,2.05581799716288,0.0033969749003242,-2.0116384535399,-1.1689455485132,1.45089722021396,-0.136477396922112,-0.985130546586646,4.22956093869651,1.90249071200914,3.70442335776863,0.527512208934834,3.74259748852124,2.559978750141,3.26481063409411,-0.409758688793733,-0.577022053471544,-0.334494666723003,-0.0741966287814161,0.664942819949511,-0.0250933377129308,-0.0913001510994183,-2.42276618006732,-0.923736358288529,-0.724918013542128,0.0259277836058546,-0.254557952755303,0.0979191344782414,2.01027137666099,1.50276857828416,1.21362647325375,1.05553344086729,-0.471949605341013,-0.255855246185887,-0.556128636515646,-270.481290607487
-2.20553589343356,-2.9301180466788,3.40637837177177,0.0750498027553295,-0.414296873809542,0.275190749125703,-0.54133697474475,-1.29986737220258,-0.574497429378188,-3.14795151952084,0.352339798418577,0.363036065220545,-0.0592193826051205,-1.53365068937908,1.67984289220883,-0.202051701907106,-2.10101593885426,-1.73588436968466,2.14526535742492,0.0534855033672546,-1.85702124690111,-1.88685644644632,2.18281106725476,-0.0749896259968595,-2.02020196022646,-1.22698449616693,1.62800352044213,-0.186500445982547,-1.00112358460262,4.4699060767296,2.06911056845222,4.0183557759225,0.482971149824702,3.98360901274131,2.73620189325094,3.58550933180143,-0.464968193980477,-0.634209387677513,-0.331499179895913,-0.037172231696901,0.669028995567707,0.000438405127959323,-0.134400860608877,-2.46428317060076,-0.963037881026273,-0.756466335389344,-0.00069183527201637,-0.222505568324158,0.156195313210046,2.10075836835794,1.59644776237767,1.31733848503945,1.06804118087339,-0.418316138149981,-0.298456872742073,-0.545768347597074,-270.388562837684
-2.29018035020251,-2.96083963280495,3.51241587684494,0.0746464150317981,-0.420080038092752,0.262554063684158,-0.534091194989495,-1.30034162870005,-0.598780506405018,-3.29912607816243,0.36240752108943,0.356520231771319,-0.0689246672101482,-1.60599242037682,1.77825194940385,-0.259525757072402,-2.14200941732857,-1.77313657603879,2.24136014534428,-0.0216837870272671,-1.89041513995593,-1.91823387227434,2.28945870226779,-0.135015099928298,-2.03987386009002,-1.2809706634889,1.73283876393608,-0.229548824816499,-1.00706341181674,4.64650954407604,2.20362113711038,4.24579775576606,0.449670847016444,4.14002287059189,2.8505047206215,3.82605963812524,-0.513839791753156,-0.631353783752534,-0.333103463434897,-0.04383187930351,0.701848973550829,-0.00619917407908096,-0.101374273971068,-2.48833395532202,-0.972339731306466,-0.754299232778782,0.0111894803481126,-0.19892063264148,0.139655071134575,2.13375253044267,1.68170151294319,1.39624922922801,1.06297362552532,-0.430551629563899,-0.303613867868754,-0.555253239444501,-270.289998224487
-2.41827409820763,-2.99785545784597,3.67571759247453,0.0730121686722353,-0.424628480485771,0.285463411206524,-0.552881193163387,-1.30670380260684,-0.617536184565814,-3.50415599798766,0.3535301129184,0.360778143773396,-0.059891888983648,-1.63406113599656,1.90821957925451,-0.363602250101986,-2.18333702352181,-1.82882017105024,2.37616632846331,-0.112964503610516,-1.91312995715973,-1.97252891164138,2.4500972442782,-0.215925009280035,-2.06700745562742,-1.34838668782902,1.84780536956022,-0.316346283812743,-1.02684306438015,4.87684414396083,2.37170312109141,4.54989467554412,0.393397414243338,4.35567634129692,3.00466742294477,4.16268711850713,-0.54640865153077,-0.607031961679355,-0.330458852502107,-0.0386354203483684,0.681619956576351,-0.02414178736828,-0.12966895691336,-2.49690932742689,-0.969839305327094,-0.757063852182784,0.0277472324358448,-0.202171663226152,0.142913896825408,2.19366466306991,1.79911539755295,1.50997670600289,1.04757711189793,-0.46713313473719,-0.271483333105785,-0.55488317296532,-270.178569821698
-2.55368987157275,-3.02797260369209,3.85333184913967,0.0741804487656752,-0.437628254821946,0.307317232051854,-0.526501264983339,-1.31769987354334,-0.619536342021947,-3.7273116359163,0.339217356922301,0.385061797577047,-0.0489983634481106,-1.66785305246123,2.04871535510785,-0.498740988468131,-2.1671732722672,-1.86396836968515,2.54589267068172,-0.181465724986347,-1.95609561931317,-2.01491005262753,2.61329648705314,-0.320470407461398,-2.11847995774852,-1.39559019650036,1.96764194812245,-0.439130429893247,-1.0488371421956,5.09956962864714,2.55269177785501,4.88955848336355,0.35529690484278,4.60789631364936,3.17464245659214,4.52878284272379,-0.591997758759044,-0.633101614555804,-0.318172050337983,-0.0535848720721167,0.662426497582795,-0.0294150179495367,-0.126903220203455,-2.47703219566151,-0.973353909822712,-0.759271392678476,0.0235520100182263,-0.188842994730173,0.113782488583014,2.33254121341413,1.89721609099243,1.59396697364478,1.03107441033055,-0.489444040389985,-0.256775418198788,-0.554480041006428,-270.077061527203
-2.6318094620167,-3.04234405149837,3.96509960455515,0.0751350384378602,-0.440437919204958,0.337164398466811,-0.545486424527227,-1.32686249336612,-0.61100868906257,-3.88035294440733,0.357168925723427,0.404386568284704,-0.0510117219122181,-1.66744965177587,2.14945626683708,-0.600141649076883,-2.17250914004218,-1.87191257275535,2.64434876247465,-0.230858306076321,-1.96732422561932,-2.02801286890979,2.73373830390329,-0.412775664888218,-2.13123126248786,-1.41032208509923,2.06835245884882,-0.532567261938801,-1.07513131312326,5.27368383039717,2.67403475593915,5.12947335528739,0.324801971240352,4.75255217399774,3.30188004353453,4.77050623369803,-0.615727005235242,-0.603740860522488,-0.324364980372888,-0.0435372232317348,0.684086039523722,-0.0341549056047163,-0.112257521610677,-2.47739200903556,-0.973453176566649,-0.742001234911762,0.0201470221543716,-0.165861730628593,0.113033281351178,2.43723819412661,1.95170063008579,1.64965381546872,1.01193116227321,-0.463297387010222,-0.272191993140234,-0.558728906916144,-270.025423926103
-2.68347319549252,-3.04494408131555,4.05561441298347,0.0751148051379737,-0.442689907150594,0.330110099902118,-0.523646719560042,-1.33195095691094,-0.606000005485318,-4.00748600653663,0.381333932416255,0.397593936978455,-0.0516073813652185,-1.64965643379972,2.24027662159939,-0.688207425330493,-2.18847002526174,-1.87480104476256,2.73730005093948,-0.297997556481342,-1.96862044047078,-2.02873065426438,2.81912111241156,-0.483907487966737,-2.13431482857156,-1.39298996423328,2.16375935924387,-0.610944204418303,-1.07720040067828,5.40550356083099,2.77692263745163,5.34029619552949,0.314752184299251,4.86975030912243,3.41509976831089,4.96482210839671,-0.642068760393632,-0.594337073950043,-0.32786306387078,-0.0621180547925454,0.696224085967188,-0.0306747339843132,-0.114373253237379,-2.48994809845065,-0.961534523944576,-0.743724092558436,0.0345932059020668,-0.178894116914172,0.115182668805438,2.49834669566224,2.01458692027079,1.70677328579427,0.998402226945921,-0.454562345072934,-0.257761632115163,-0.559344213553983,-269.975301749309
-2.76215766049198,-3.04685917100531,4.1917718923493,0.0750645657125413,-0.441826035980364,0.31470391226105,-0.537696153616742,-1.33855152262274,-0.60968937824284,-4.19744847548368,0.39272811472854,0.390725191552688,-0.0640148839075659,-1.62273997082605,2.38262499437611,-0.823019006071021,-2.19640542858392,-1.84774261774719,2.87618268874445,-0.431885425011858,-1.98271972358203,-2.00014666894548,2.9428166475781,-0.58213632675799,-2.1442391402708,-1.34759115513456,2.30719923707539,-0.720489664672559,-1.0573948225273,5.59531731431069,2.92881398973585,5.65355551056545,0.289545329903632,5.05584589622795,3.58322126896963,5.25782026093773,-0.659423744017197,-0.598109684572224,-0.328089457835257,-0.0567124325983841,0.683188341242449,-0.0137865024423353,-0.112400110135375,-2.49283485606039,-0.963051862747062,-0.735237866006814,0.0226690546965336,-0.161378680074389,0.100549442478331,2.5683651077905,2.11780715825375,1.81011991505546,1.01296951835497,-0.466329408659326,-0.243048551311685,-0.555250192890933,-269.906344259278
-2.81779787559487,-3.03769985631059,4.28490822964096,0.0749188276629028,-0.441068058422546,0.308634695174163,-0.5397684370397,-1.34424058596482,-0.625735372307015,-4.33232747036688,0.380330991441765,0.384718670821211,-0.0573894148971594,-1.59445306767748,2.48708700045031,-0.917461889968393,-2.20037021227827,-1.83006459338954,2.94643615064716,-0.526495146809893,-1.99134322741886,-1.94673121240046,3.07158015219018,-0.661398394204577,-2.12628672581984,-1.30087103029382,2.3978491355036,-0.786530921563896,-1.04391957036149,5.71080121030463,3.03840274798117,5.87651756001334,0.285836041939369,5.20418564939945,3.69894563585675,5.47333014717392,-0.674049492355552,-0.600333020115559,-0.329608428407739,-0.0621750143073535,0.672881790918879,-0.0212980581806605,-0.107783563739907,-2.48855490000306,-0.962723844431999,-0.741214577065359,0.0300456284850976,-0.172989461847459,0.100842570496339,2.63152675050531,2.18383617800288,1.87896190010818,1.02745344064894,-0.465031056607855,-0.258593982047011,-0.556033066943367,-269.869120866439
-2.85815928033802,-3.02198648624397,4.35273978763691,0.074768152725544,-0.438518123248362,0.303289250253571,-0.54699534824002,-1.34771978641833,-0.620545859195693,-4.43332082040984,0.362194512395578,0.388021786624884,-0.0554141032768935,-1.55874506821881,2.56701618369198,-0.98728941949293,-2.20765533463468,-1.78794910544068,3.02983235482934,-0.5910335660694,-1.97472445081765,-1.91293596459953,3.13052465031073,-0.720427735818795,-2.11793481835001,-1.25645959575918,2.47440168668223,-0.831491566906425,-1.0194884008665,5.80086605696939,3.12822141770267,6.03977170641805,0.293069547781151,5.30647844952757,3.77552346882537,5.64280797983352,-0.680434471183863,-0.604543356763666,-0.32867727187162,-0.0651707618840545,0.668519403116323,-0.0376783581459277,-0.110670003043129,-2.4917916666119,-0.959897570573527,-0.733931797022,0.0384371210734215,-0.177657358765631,0.105579172086598,2.68860004367209,2.230195675354,1.92700380862615,1.0179263959533,-0.457969969999703,-0.265662613815196,-0.565773629038142,-269.841356298386
-2.88166647373562,-3.00171010895909,4.41663235304793,0.0745832919049978,-0.435023311982754,0.289235997354034,-0.543905291804625,-1.35316669210592,-0.619397764154094,-4.53057143247195,0.360061394241844,0.389869449092581,-0.0537224759879205,-1.50988648316735,2.64185538568299,-1.05074464810259,-2.18923654186808,-1.7489917934101,3.10822157329353,-0.634816536058321,-1.96056895594189,-1.87950028062228,3.19921822252557,-0.769870507167011,-2.10794092270644,-1.20306008240013,2.55438478672868,-0.882176235267754,-0.998500651504818,5.89744411577459,3.21022284075223,6.19476345298002,0.294649527410919,5.37622904724129,3.86326610692409,5.80547782713721,-0.664985049683716,-0.602293449872562,-0.330401480523751,-0.0667793293514104,0.677561015637594,-0.0191359022444451,-0.114224252024778,-2.48291103260474,-0.964221811125871,-0.741854609902398,0.0354341263644959,-0.18376404865536,0.113030014644701,2.74148389514552,2.27769295178348,1.97511715004705,1.01305411532223,-0.467466272575441,-0.272848355311823,-0.566173112910917,-269.814227796754
-2.89021197001519,-2.99424671032298,4.45242674696659,0.0751623123258686,-0.432564988262109,0.293166407758632,-0.544293283572055,-1.35543352996635,-0.617608255413333,-4.59259962711799,0.373844365576673,0.392047651249362,-0.0550804537129016,-1.47686157348926,2.6898964214506,-1.07965524551378,-2.17023181866463,-1.71601272786722,3.15977168227492,-0.654207856925815,-1.94140903447666,-1.84428437590234,3.24248780358643,-0.789807111969119,-2.0857503822254,-1.16730673634232,2.60807248940071,-0.917180635704343,-0.993968583271581,5.95253679273776,3.25566783962562,6.28863492182137,0.318230603512747,5.42977598924541,3.92696140297506,5.90252472622319,-0.664716946237989,-0.60353024325375,-0.328711630546981,-0.0670972792874958,0.67396242351496,-0.0186079839590001,-0.117666245823893,-2.47769183749943,-0.962508218685673,-0.743320792840261,0.0181607777476535,-0.186636677165708,0.110393437011975,2.76563803404017,2.30907870868732,2.01279819925396,1.00722930200222,-0.469826926586431,-0.273966545125729,-0.571278855155432,-269.800138945951
-2.89641858486554,-2.98931222941303,4.47707889539827,0.0749559345465639,-0.428812301416509,0.300017377778685,-0.54054073536488,-1.35442083477937,-0.613027814449448,-4.64443609437103,0.384723334365041,0.38673708629627,-0.0580959324806973,-1.44377485329203,2.73162757274537,-1.09256048573935,-2.15036196260215,-1.67969980843551,3.20407774889606,-0.665408423298722,-1.92375359895892,-1.81370433450779,3.28054399531676,-0.792855652274188,-2.07280398680345,-1.1352718018633,2.64752554507217,-0.935214647704054,-0.979087404407039,5.99761301548361,3.30027315788954,6.36783447427831,0.326591724130616,5.47968632918736,3.97031131558533,5.97739809710285,-0.645900708393097,-0.606892253274704,-0.330016419069036,-0.0654417261530295,0.673856060137191,-0.0189166476096674,-0.11814225238313,-2.47024745321093,-0.959645233053973,-0.740672763098113,0.0270072931220599,-0.187413526952727,0.116091680426664,2.78980835225893,2.33449217749521,2.03878687083272,1.0103833241688,-0.469327351751308,-0.283133429498515,-0.572212065440554,-269.788514746349
-2.9286505066573,-2.97264470516754,4.58995855369959,0.0746969413889739,-0.41787600225265,0.273007672542677,-0.547875599225957,-1.33122566912853,-0.615440884350894,-4.92357069688816,0.349414775627229,0.393566736922981,-0.0565409470010327,-1.25944662133107,2.9684149713132,-1.10061646854173,-2.04243418732673,-1.51502218353889,3.42552156232431,-0.684544069791935,-1.80979868158432,-1.65834098781935,3.48566734299211,-0.799170879842773,-1.97036522621369,-0.967412329452102,2.86548507251164,-0.910135249469639,-0.905692622595584,6.27768551539912,3.55779904195285,6.78724261772515,0.417954755790376,5.73600220637775,4.17901939935755,6.37672541545433,-0.561178493433306,-0.593032488496057,-0.329075414914724,-0.0600002193626306,0.698075776493529,0.00777727062509194,-0.126031043752646,-2.43212062501346,-0.956847415962501,-0.738103606495838,0.00535237895685565,-0.20809080639531,0.128241093928608,2.95784647716783,2.44254041955721,2.16050151718075,1.00466682590289,-0.476525393817023,-0.277878817934178,-0.562182798818909,-269.776824905726
-2.93316877147832,-2.99886442059945,4.63149300922217,0.0742743082738155,-0.415165747532493,0.254861410484636,-0.547869433430485,-1.32465714576046,-0.602581666913361,-5.02454910865121,0.337576657509422,0.397900020527695,-0.0250097664977809,-1.25278377463477,3.04664540343198,-1.03682552806301,-2.0098736306616,-1.4920189769605,3.51705748956542,-0.580455484368009,-1.80261655115792,-1.64437235674378,3.55945470041405,-0.791327588931848,-1.96416092331688,-0.954933309228022,2.93671429798731,-0.887238573909737,-0.862209496228157,6.39178153081949,3.59924442113633,6.90769277271003,0.441688704804378,5.82964615342095,4.30803903864972,6.520243530933,-0.511656892014864,-0.599908442980988,-0.325814003570477,-0.0540826814252944,0.675088316699042,-0.0407414343727228,-0.123310252924637,-2.42278810433997,-0.954495575384076,-0.735718698807222,0.0286580630907821,-0.210520008096785,0.122070628657072,2.95736871711786,2.51828855524453,2.23070206728254,1.01200767368762,-0.444232968896904,-0.316104790417451,-0.571481084028716,-269.773423422498
-2.95408686388953,-3.05974512890428,4.60527636483545,0.0746915880248159,-0.423178122152505,0.317993470290622,-0.533493717146853,-1.33920139413569,-0.615685316209474,-4.99856520377818,0.371841094269136,0.38621351992728,-0.0560078745730546,-1.34588772764772,3.00933148589186,-0.948883404094141,-2.07534544055038,-1.57246646541335,3.47361851253299,-0.541326868029655,-1.83534801454199,-1.71599612329187,3.53907617426633,-0.664218987389971,-1.99032621727591,-1.06162219759252,2.91059721808785,-0.891536298454688,-0.91336212536224,6.36858245755873,3.5741851493108,6.81087269438565,0.410843993512393,5.88316462646402,4.26079953820863,6.48176227395064,-0.53616362527175,-0.608833787431879,-0.337420487522914,-0.0583561827641153,0.684388810119146,-0.012190936473961,-0.117419210309262,-2.45611359982017,-0.959052281521466,-0.740759135969441,0.0438789367726182,-0.184673797238901,0.124735103694478,2.94246967272628,2.49962980656378,2.20597495186068,0.993446130323924,-0.475409094354882,-0.308140392596258,-0.581422583149746,-269.747717754499
-2.96410529686684,-3.06819968013124,4.61527516182174,0.0747783935795559,-0.423366635973502,0.317542765338706,-0.534432341553437,-1.34100077578664,-0.609615347912376,-5.01318234309528,0.387274131507294,0.383359460235236,-0.058626678640736,-1.3511991880816,3.0179500065735,-0.941481983114299,-2.06738926046583,-1.57888971027601,3.48179795866699,-0.547890688186508,-1.83664670413329,-1.72270133557511,3.55227064731223,-0.667729087408068,-1.99217238852914,-1.06442380221946,2.91526425852096,-0.868090184484094,-0.92132382636397,6.39437652160377,3.59080160331723,6.83072917638504,0.416151016656973,5.8962810442103,4.26078360099974,6.49644175335644,-0.539913159686371,-0.609532410116328,-0.336063879171287,-0.0576419750142704,0.677907286908541,-0.0137689272948849,-0.116774988807893,-2.45576640409441,-0.956674729757661,-0.736906552390389,0.0433175237174264,-0.185836562744203,0.126104745951438,2.95600181133403,2.50519711826544,2.20995109793005,0.99773223077206,-0.481892911546354,-0.303008895240505,-0.582268656592587,-269.735751684305
-3.0298304490569,-3.12665434283331,4.74927694338036,0.0740655425892255,-0.422167423963802,0.286693786302143,-0.534328328920682,-1.33285874603005,-0.618010943696383,-5.24048518766684,0.362979072246248,0.388955551033628,-0.0600525179657908,-1.2798139327698,3.18985859730383,-0.922711871542742,-2.01957464939083,-1.55240910190533,3.65518534724199,-0.557192011628048,-1.81155546461174,-1.6985620035714,3.71452783738329,-0.694628699911668,-1.97520913724845,-1.04691838112118,3.06703685101977,-0.761827840846256,-0.8982350856792,6.64505867561065,3.77594982537287,7.1676333006384,0.455931918939561,6.13521641958905,4.42398338519263,6.76615885880764,-0.488853563122633,-0.593090928226967,-0.329327041987855,-0.0685969819529038,0.705385214335968,-0.00816294715906365,-0.129343690687964,-2.44154774735091,-0.938212806445736,-0.724066100285928,-0.00193998505436921,-0.207367330563209,0.105259261090558,3.08298512032834,2.61385644729387,2.32625968675658,1.00217133282032,-0.450837538251033,-0.293960019710967,-0.563899793442248,-269.725124410079
-3.09475903235988,-3.18084363273503,4.85271067350711,0.0746544509036639,-0.425143250003013,0.240611728176573,-0.565701189152007,-1.3195882709997,-0.610296244716448,-5.49225518815455,0.320044433039581,0.373509135336171,-0.0552712088892137,-1.28770331840577,3.38846165836834,-0.881120757023576,-1.99599579486824,-1.5296330371904,3.82828299620544,-0.49140043078094,-1.78950019458251,-1.67463852491818,3.89504326405595,-0.647268818554611,-1.94379513161028,-0.983601152023565,3.25329643915799,-0.756952743955334,-0.899536149773499,6.96689167251233,3.97386597639435,7.51880067409714,0.510993367824401,6.38284710696718,4.62014039733344,7.0975750068388,-0.490045320766502,-0.591430963510311,-0.328039064699932,-0.0408314020244651,0.667424308871341,-0.0246797494091647,-0.112392071002659,-2.42275245883363,-0.964802322418844,-0.734366522226554,0.0453996513316109,-0.201779813400179,0.133039594156616,3.2203075070548,2.72213140597736,2.42682579688324,1.0038637414012,-0.472863910122606,-0.268890638392739,-0.565236429592,-269.723137463265
-3.12944594028017,-3.21189341088522,4.883644007263,0.0749122213965635,-0.424600798589141,0.289269192807562,-0.542020585698177,-1.33897389187075,-0.608045724172609,-5.53385311237056,0.387150878463274,0.387076731771181,-0.0515793204306064,-1.33213373115407,3.40399702094656,-0.838455156099717,-2.04201442438115,-1.55871384702455,3.84727834232468,-0.454847050872638,-1.80903947365948,-1.70495085603977,3.9271843222406,-0.634378566475625,-1.96719802164981,-1.03938842533737,3.27508976843469,-0.756732148964487,-0.898032295727787,6.9980524937681,4.00131501249345,7.52290376446746,0.483957896831141,6.47026335841317,4.63355631466429,7.17814979716862,-0.478367877628849,-0.604452281341221,-0.331987650383767,-0.0554865599104017,0.666617146459032,-0.0125841235998898,-0.11954976540019,-2.4463070957406,-0.949296542702993,-0.723990008121505,0.0328711007216777,-0.195935816779556,0.123708573909215,3.22039381973432,2.75633981694792,2.4590422971207,1.00841435279697,-0.490429789434194,-0.291904393022719,-0.579683192334355,-269.693666209223
-3.13923564846089,-3.22279815134577,4.90038113753254,0.0748798802487756,-0.424642979577232,0.297280404805624,-0.538563549304696,-1.34230435925005,-0.605313080370097,-5.56070944539885,0.384392642623214,0.388519220357846,-0.050195847420051,-1.33190077541442,3.41849799468416,-0.835381609823644,-2.03621428780861,-1.56740212141994,3.87124942497748,-0.468041258363699,-1.81621157959837,-1.71285517735186,3.9466755738605,-0.617992229237216,-1.97316225728083,-1.04964285599684,3.29166157363479,-0.749183381135119,-0.905639066769876,7.02785698437737,4.01464120789797,7.5543315890212,0.48387529746869,6.50222251852465,4.66021921022582,7.21368433396448,-0.478509271855714,-0.604650563152777,-0.333267442486141,-0.0565631522136934,0.672785330755623,-0.0149443610849416,-0.118711731192864,-2.44911045745923,-0.948546822421393,-0.725431349190945,0.0339759893538567,-0.194434753929526,0.121666470979739,3.23044124948261,2.77208137589234,2.47453520564836,1.00418835423639,-0.483151094765214,-0.296606651278364,-0.579924402093759,-269.68749645825
-3.22058491473693,-3.30028502136153,5.04493515983316,0.0745494740676717,-0.424739593752928,0.290490782456818,-0.545144764914247,-1.33962671414224,-0.626534389449991,-5.80547634737002,0.365266216371545,0.37380492851796,-0.0682150051533038,-1.32014826160302,3.5905352218794,-0.823730518477405,-2.02751007040963,-1.57228499660493,4.0514460664846,-0.463441054149401,-1.81688466295494,-1.71963535175273,4.11312342071451,-0.607242242148035,-1.9770465639808,-1.0688280465999,3.46755752254423,-0.718652902443696,-0.916403026317501,7.2937175390625,4.18947287977692,7.88710340429234,0.49635722276335,6.78460905452914,4.85448270386746,7.51442597192128,-0.462992138687009,-0.60015991146698,-0.332088108981372,-0.0583002999302515,0.68584572886437,-0.0182258216582127,-0.119198224634858,-2.44333801979142,-0.95492050959185,-0.734013184761822,0.035717443262259,-0.194140837733489,0.117765139779254,3.36026137821246,2.89373102155665,2.59747559422341,0.996092636112615,-0.469182319931255,-0.2886225480932,-0.571053115581367,-269.676770210029
-3.41907366143208,-3.44479337142846,5.36504427186369,0.0742803930104842,-0.426524715192807,0.266510654904099,-0.53768376614249,-1.33838278664261,-0.602968779489086,-6.35498684928644,0.321808475465978,0.374731243601838,-0.0693192575478181,-1.32086349093947,3.98506264571411,-0.791924862077402,-2.02623282205343,-1.58538428777853,4.43598458404569,-0.435396573828727,-1.82043302580004,-1.72391495620401,4.51323072785848,-0.543536042766778,-1.9730441576999,-1.06892073373018,3.83626665566662,-0.698462616570923,-0.913684967936563,7.9212474023711,4.61197816338129,8.63159756063675,0.528076650586766,7.38148098154099,5.24589126981498,8.22055818099187,-0.435272253982939,-0.592904247018104,-0.335707736130478,-0.0596266356820552,0.696304422797582,-0.014303752250647,-0.120683155018759,-2.4492422000314,-0.93089767722233,-0.711968124006038,0.006069389488448,-0.20637962110678,0.106393099669402,3.63258302475994,3.17520319036423,2.88208701507495,1.00167598406061,-0.448896415007249,-0.298334483469475,-0.572201333279005,-269.676265490746
-3.51388369368288,-3.51611911213385,5.5143306519903,0.0751122244882998,-0.425707918533125,0.290970202819301,-0.540697501643915,-1.34626719755903,-0.613719541417837,-6.65069691573734,0.344312465669389,0.395211954545089,-0.0437786017286195,-1.33021299142558,4.19274569012856,-0.771047176144121,-2.03768965163515,-1.58325497343043,4.64874760303417,-0.421915292444725,-1.82763986109199,-1.72640851459244,4.71511738198921,-0.549195373558542,-1.98159743956305,-1.06166198540026,4.0607179070089,-0.670802060119183,-0.917367456717118,8.24732761322115,4.82448939880883,9.00720768581047,0.530919854358961,7.71953676437794,5.48522198364641,8.63035910198865,-0.434737416339796,-0.598907274711216,-0.334009444454927,-0.0579406461539216,0.686196379115192,-0.0118878087669925,-0.11851273522947,-2.44414028635409,-0.946955841967723,-0.725760948632412,0.0312193554929431,-0.195458717993028,0.115874957637304,3.77751883583253,3.31814199154753,3.02141705222093,0.995566033919827,-0.469542630571465,-0.293144905010052,-0.571858825700354,-269.657592893486
-3.64002414685218,-3.59889411131342,5.7187211659438,0.0750708630688072,-0.423491699748641,0.278803356497194,-0.548740752922134,-1.34574665103284,-0.626854707013485,-6.97461237188258,0.368586589022089,0.375499311012135,-0.0643973191038702,-1.33950233489041,4.41649189255616,-0.772876674581326,-2.04023894744008,-1.58575824658333,4.87768511938669,-0.41631735263107,-1.82603098884522,-1.73248564509553,4.94461167896489,-0.557837973549071,-1.98416600830327,-1.08020938263825,4.28543732213894,-0.68849872732651,-0.923376474379179,8.59764269350621,5.06681747973005,9.42569602826659,0.52775447633265,8.08185522901521,5.72226792031738,9.07274036781305,-0.434487726144984,-0.602687430802248,-0.334640633341428,-0.0568745252780083,0.679194068479775,-0.0234089025441336,-0.116626863477071,-2.44356059730115,-0.956693259057458,-0.73465802269539,0.0389860881296773,-0.193599427401707,0.116872091397001,3.94915282315224,3.4856840468851,3.18660901164123,0.996349126844522,-0.468796710239984,-0.290248116417995,-0.573945064208764,-269.651958661759
-3.82000741593469,-3.7159241341531,6.01181308852949,0.0749122981460932,-0.423389057833926,0.299763398978889,-0.542744852179117,-1.34738634615501,-0.621803428591837,-7.47122162246587,0.354232897393719,0.369600397087925,-0.0723207532642803,-1.34815644150026,4.766240237651,-0.782474203249562,-2.04477729433629,-1.59109033046504,5.22228336601769,-0.410652704306462,-1.83009738404964,-1.73647185040429,5.29207015726261,-0.574965399451802,-1.98794258496621,-1.08031702854843,4.65026411080803,-0.69140853524188,-0.928722267474272,9.14291741368267,5.44149630392409,10.1022634798266,0.522240969652874,8.6276082340786,6.09665488778675,9.72949960277816,-0.443059931731574,-0.605005750524736,-0.333522133383144,-0.0593387842691204,0.676614708666862,-0.0147310155096711,-0.117524632120302,-2.44802377764034,-0.945116807692231,-0.724136159502842,0.0381722287498677,-0.193756006330801,0.121637025136081,4.19679242383135,3.73875086905198,3.44086378281649,1.00332629598597,-0.482373061469299,-0.29268374266991,-0.576582432175386,-269.647873783675
-4.09151423106467,-3.89529602646553,6.45302747405532,0.0753662449593148,-0.42304554676192,0.290002776341379,-0.541361366597391,-1.34526528483927,-0.616439287759948,-8.21629704354636,0.357576665539809,0.394151282820156,-0.0465907437277882,-1.3537856374606,5.29667545117686,-0.79351198814666,-2.06514011646195,-1.59088990921648,5.75368379989224,-0.427105041281154,-1.83454936736579,-1.7350216738695,5.82421903684937,-0.576522827885372,-1.99029610093082,-1.07254804689977,5.16578893557168,-0.698914528529906,-0.922185177212815,9.96632671074094,6.00378262607594,11.1099034110805,0.513107700655316,9.44494794118732,6.65664542071596,10.7187915548016,-0.448183522459021,-0.602208608473915,-0.333841487037295,-0.0593542235562702,0.67822490193495,-0.00971277236411178,-0.119025684342625,-2.44026098155349,-0.947721110244955,-0.726282829726142,0.0308258400903007,-0.19347124855251,0.117205767568397,4.57775520830331,4.11458998769928,3.81866903289468,0.996463994475947,-0.479799328268455,-0.290908780096234,-0.573458902465129,-269.642529021851
-4.34146206777236,-4.05685989958227,6.85907135686536,0.0756213877260515,-0.423208755192237,0.280991021396392,-0.545942980909663,-1.34352866402244,-0.621746373967629,-8.8876773327604,0.358888632299484,0.395675033639049,-0.0435640666688427,-1.34345093325852,5.7705171867064,-0.803782296829004,-2.05002337498033,-1.59772631179298,6.21856655215639,-0.435023255960853,-1.84258394865229,-1.74060263755982,6.29308106033023,-0.573158652499739,-1.9965962283675,-1.07240381479211,5.65681612466467,-0.70781578959634,-0.924637555117467,10.705066216292,6.51804059894567,12.0037186714384,0.505850563525175,10.1815802406025,7.15171381882562,11.6296851764079,-0.459489901664343,-0.60163894074223,-0.334103391113051,-0.0599664894616913,0.678209112760726,-0.0180056303307152,-0.117641996074575,-2.44178639362131,-0.948443061345748,-0.729403699257294,0.0308604458333177,-0.196971234310524,0.114905036289088,4.91756559206688,4.46121561339717,4.16387721215201,0.997077224766064,-0.467266024593475,-0.29301479963522,-0.573774306385882,-269.641074935639
-4.61946961164408,-4.23694088192122,7.32194203136239,0.0750991499782323,-0.421237864172944,0.282248354208741,-0.544001804595957,-1.34296528172968,-0.61723288879897,-9.64490582484463,0.353569291668346,0.377566161082823,-0.0630631572405018,-1.35118449744495,6.30250980317012,-0.809822397566974,-2.04911138530427,-1.59734377032723,6.76854829868442,-0.442503654769971,-1.83471849229175,-1.74112259587688,6.83705604944059,-0.577828505754593,-1.99153619272436,-1.08222179451304,6.17798563140526,-0.709094660965083,-0.928622813972028,11.5332870983439,7.07868441313937,13.0171726068773,0.492352332812634,11.0064868268861,7.73551891931538,12.6568647394811,-0.474717344970292,-0.602057694568311,-0.335124798268062,-0.0591044607818215,0.68054319014017,-0.0194852907977761,-0.116260315604332,-2.44675028161616,-0.948858292458118,-0.729386055190117,0.031349391339538,-0.195146362507589,0.116924860309525,5.31127403863966,4.84839826624455,4.55174763032558,1.00389861598233,-0.46624919981943,-0.290090200374399,-0.572212589006439,-269.638363171579
-4.75732810058283,-4.33606485519325,7.55165093403557,0.075153083021676,-0.422138747467715,0.28606226133734,-0.543435599780208,-1.34244731895217,-0.618133436329784,-10.0266333897428,0.357141160820819,0.382158554706485,-0.0586588033709667,-1.34961483169685,6.57505751595218,-0.806698043685456,-2.05168751739129,-1.59345255872319,7.03729772018294,-0.440435357459093,-1.83322778667743,-1.73775545853409,7.10656630780937,-0.581188754137825,-1.99033559444062,-1.07956933477072,6.45241785815911,-0.710389996665621,-0.926035020991455,11.9516162818701,7.36950585096142,13.5409169815581,0.483201296116341,11.4300989370572,8.02483997636392,13.1578356807442,-0.481025272019056,-0.602193133995818,-0.334098196091087,-0.0591127816872872,0.67922927724292,-0.0172028434047265,-0.117026713870252,-2.44230932587865,-0.948886959951233,-0.729129725887513,0.0322568096110845,-0.194276112453253,0.117300436305964,5.50640202459003,5.04365907344968,4.74761410329979,0.997744519515947,-0.472624024950369,-0.291716107412719,-0.574099026561682,-269.636971069385
-5.00416803429811,-4.50402368767709,7.96026617944382,0.0752219432806314,-0.422843939699822,0.287835098469424,-0.543102957779563,-1.34188024234288,-0.618691631992059,-10.709083243509,0.358377413846682,0.386344352336199,-0.0542010628594855,-1.34418633242469,7.06188995862489,-0.801392627348284,-2.05032814486555,-1.58877106235794,7.51991057808116,-0.434734102745553,-1.83131016864422,-1.73308173680431,7.58949762755534,-0.57879205508357,-1.98857682686225,-1.07342277228105,6.94022246593147,-0.70584129141999,-0.922652953007889,12.7008978920812,7.88760355737386,14.4590787538179,0.472390586725039,12.1810521440639,8.54176035742728,14.0774813797877,-0.491688312863772,-0.601561310614068,-0.333623640492546,-0.0591456645441572,0.679296121571715,-0.0156936794037829,-0.117311363892411,-2.44207876154862,-0.94901420606591,-0.729047497986693,0.0322051171324756,-0.194227855924595,0.117360281349771,5.85559857805669,5.39277247026044,5.09695004515296,0.998021418900377,-0.473489906073954,-0.291108017149597,-0.573614279308525,-269.636115689822
-5.36808686496915,-4.75206178029173,8.56332186963595,0.0752163599889243,-0.423528724657159,0.287547906936256,-0.543121992620494,-1.34213032894804,-0.618143477872371,-11.7121614377487,0.358841497683481,0.387313467643437,-0.0528049215402557,-1.33833944327023,7.7751065903762,-0.791946680889648,-2.04666369488086,-1.58406219331681,8.23172338147114,-0.427455598832558,-1.82887612483987,-1.72836041471181,8.30130923754057,-0.571112309046685,-1.9864169274398,-1.06877969684383,7.65303513667835,-0.699183870763868,-0.920700373893697,13.8033756480295,8.64676972030135,15.8071194071092,0.459761666419099,13.2832114403251,9.30186792037649,15.4282437108225,-0.505207404390281,-0.600989134353294,-0.333435612223016,-0.0586618547099093,0.679558126004364,-0.0162798961352054,-0.117025456257165,-2.44243020255768,-0.949441929963178,-0.729213578605936,0.032477036269945,-0.194441632233261,0.117442971633906,6.36983500756647,5.90693557284131,5.61116892051341,0.997546317920972,-0.473666290603177,-0.291966916530358,-0.574310810058965,-269.635478612023
-5.66800753568566,-4.95474209116371,9.0586707907158,0.0752033453403142,-0.423739047497489,0.286863487449911,-0.543137362158817,-1.3421296315015,-0.617908806476585,-12.5382222320019,0.358680040817,0.386798502473694,-0.053277525857263,-1.33492103900263,8.36194214567816,-0.786879996463524,-2.04538941266851,-1.58118180755641,8.81845512354562,-0.423192540095668,-1.82787828462421,-1.72548019641975,8.88765249923899,-0.56624280577217,-1.98573915482814,-1.06620601347403,8.23842412904695,-0.694981885996336,-0.920604538957829,14.7113360965202,9.2710313932588,16.9160225837634,0.452281361918264,14.1907460062136,9.92735896337204,16.5411091491506,-0.513599630276698,-0.600554732950634,-0.333428631719024,-0.0584441170274569,0.680105458041061,-0.0166914183552967,-0.116843099844989,-2.44329706022713,-0.949662667409304,-0.72925597136101,0.0322016757910912,-0.194660081351006,0.117363943041567,6.79329258177289,6.32965831623968,6.03401796038251,0.998729231442749,-0.472619394632345,-0.291684295742415,-0.573960501694566,-269.63522990815
-5.91654682749865,-5.12198316980414,9.46682781300997,0.0752042115853002,-0.42375776665354,0.286437882718057,-0.54323014791489,-1.34246083211802,-0.617730958388409,-13.222011484637,0.358457708655345,0.386433703629466,-0.0536410858219888,-1.33379599272023,8.84680724332515,-0.784706627606994,-2.04546330869955,-1.58023422797439,9.30379912477706,-0.421610121687545,-1.82819458546753,-1.72452040712914,9.37283528834393,-0.564143948837383,-1.98616095657613,-1.0653813404157,8.72309362361611,-0.693327025814942,-0.921385213331443,15.4636610425858,9.78749699710976,17.8346745538403,0.449248874305699,14.9426442211095,10.4443799059992,17.4605576842809,-0.517215114281298,-0.600503024748344,-0.333427799731541,-0.0583625969703884,0.680216879570845,-0.0170859143079919,-0.116726904090252,-2.44357001623983,-0.94980938434398,-0.729356379478275,0.0321523928988145,-0.194797460807391,0.117400012553774,7.14287830429712,6.67897247361945,6.38339562223222,0.99877334520753,-0.472560924347854,-0.292017025874157,-0.57418635907405,-269.635116538704
-6.23088853087117,-5.33232888984173,9.97985623509516,0.0752179418685688,-0.423657329222126,0.286288084011015,-0.543290763756509,-1.34258470634419,-0.617772561509426,-14.0866559733012,0.35825285305332,0.386255889019207,-0.0538755330742264,-1.33380287169072,9.45979131188332,-0.784561486509752,-2.04645140416283,-1.58022604278847,9.91705500258976,-0.421408538898525,-1.82915546305247,-1.72449871746194,9.98601237172472,-0.563787366352464,-1.98713278023728,-1.06524611502761,9.33608189019706,-0.693039125166363,-0.922496227253415,16.4157486279621,10.440656922163,18.9968254941553,0.448882593350191,15.8945472707818,11.0975765052111,18.6228060381169,-0.51795283618685,-0.600548042241707,-0.333432308351156,-0.0584119246686508,0.680207904409052,-0.0172022637558661,-0.116700220775944,-2.44367622082243,-0.949810388465883,-0.729366188280252,0.0320704514648256,-0.194858647128723,0.117396564399245,7.58366758394932,7.11958564709544,6.82406348000739,0.99904738694579,-0.472410673453947,-0.291975360207428,-0.574105704071586,-269.635003487348
-6.66958418318432,-5.62493359895038,10.6922732444662,0.075231007711824,-0.423464700794869,0.286297051706743,-0.543362649884841,-1.34276495873044,-0.617916464441154,-15.2930398583979,0.357998943461892,0.386144051587307,-0.0540624898444168,-1.33516587199876,10.3148438657581,-0.786334803833852,-2.04775476448816,-1.58139874335619,10.7724732127824,-0.422841625149857,-1.83033918685441,-1.72565270759362,10.8415129205652,-0.565280065785251,-1.98819176372081,-1.0662220875644,10.1915904864578,-0.694325362537361,-0.923504002098743,17.7453690179043,11.352291692485,20.6193330245599,0.452524724399555,17.2240816834913,12.0087229945835,20.2444311420976,-0.514275619122872,-0.600754045415791,-0.333472674678604,-0.0585440872886801,0.680038690986618,-0.0171574531459801,-0.116751214982611,-2.44348852140683,-0.949711907321155,-0.72934316396269,0.0320677680742048,-0.194857107135936,0.11740619484659,8.19719840357235,7.73324548326974,7.43769902721664,0.998886140910746,-0.472610214566568,-0.292045694639988,-0.574167166076308,-269.634874963049
-7.19254179893171,-5.97327816647428,11.5388917799312,0.0752289425635939,-0.423305660658136,0.286482059005253,-0.543370001939696,-1.34273956713059,-0.618124704545921,-16.7312227522327,0.357888193277507,0.385987994988458,-0.0542616720126364,-1.33734489485476,11.3346288430759,-0.789402800966884,-2.048473750869,-1.5833007622233,11.7922922096179,-0.425287836891001,-1.83088335388958,-1.7275480081831,11.8615234547188,-0.5679529421484,-1.98852085268288,-1.06798924995375,11.2115576440392,-0.696655867827231,-0.923649075546483,19.3315349740394,12.4396508100798,22.5545154053365,0.459765532346981,18.8103668174094,13.0952927151508,22.1786877618688,-0.50649993399838,-0.600966869518262,-0.333552597715586,-0.058674549969056,0.679857157203796,-0.0169036451739207,-0.116874655424529,-2.44316636821552,-0.949488604903563,-0.729187487747326,0.0321401659259453,-0.19476158238456,0.117360011645392,8.9274993371112,8.46394770256826,8.16826804045849,0.998739008315932,-0.47269175379404,-0.291870809559567,-0.574059500446479,-269.634773377662
-7.6442788625031,-6.27438338155408,12.2699124827814,0.0752082569585787,-0.423289947897212,0.286592535151162,-0.543353981280852,-1.34275381821994,-0.618224408462011,-17.9736316909511,0.357899773165507,0.385758635460712,-0.0544815717352436,-1.3388613515221,12.2159594954022,-0.791555211125757,-2.04813150459508,-1.58466220432683,12.6735450616731,-0.42711336807804,-1.83047097698211,-1.7289105775576,12.7429455233515,-0.569934865680111,-1.9879402676362,-1.06941953168556,12.0927711661032,-0.698427825837772,-0.922930503533268,20.7021477612613,13.3794118482034,24.2267633131615,0.466384477114876,20.1810960444296,14.0345168385293,23.8506870194099,-0.499224916317558,-0.60107641894777,-0.333632548210093,-0.0587053352685265,0.679809314404337,-0.0166816813594227,-0.116988223034681,-2.44294132061168,-0.949332835083207,-0.729038700785393,0.0322443215054433,-0.194681514935587,0.117317894570981,9.55823752919385,9.0951043391444,8.79925541694784,0.998475047521495,-0.472800884460213,-0.291815506224521,-0.574063347162263,-269.63473172579
-7.91952272676245,-6.45821404245119,12.716147212901,0.0751899750962624,-0.423359572589515,0.286634041462289,-0.543324325660659,-1.34271876425148,-0.618230870442706,-18.7307328921143,0.358002822333059,0.385590526476962,-0.0546172451962246,-1.3392709168092,12.7532907473715,-0.792204982016645,-2.04754528953079,-1.58505132448435,13.210703259584,-0.427683372770726,-1.82989293172759,-1.72930507566766,13.280161396643,-0.570536293875553,-1.98730205130843,-1.06990972122724,12.629778136798,-0.699010801773563,-0.92225931922207,21.5371978382766,13.952216475529,25.2458303261369,0.469353736365111,21.0162182692245,14.6071889127805,24.8699943669212,-0.495910820844987,-0.60106606938804,-0.333666232260031,-0.0586703990364268,0.679856365381398,-0.0165800420676828,-0.117041107445625,-2.44290033397455,-0.949273036333259,-0.72893900577111,0.0323084545654774,-0.194643514536872,0.117283764963087,9.94291490860429,9.47997928368201,9.18403297864333,0.998431308925192,-0.47275497901085,-0.291744392840134,-0.574022108722499,-269.634722160517
-8.10462995654574,-6.58209080628087,13.0171753750501,0.0751788270308596,-0.423428075397612,0.286626568545915,-0.543309991445368,-1.34272420723949,-0.618204330226397,-19.2398875631305,0.358079179554924,0.385506385967825,-0.0546779522966802,-1.33919376106534,13.1146623780946,-0.792176332968443,-2.04712733165216,-1.5850031105259,13.5719881425574,-0.42770233949212,-1.82949933843393,-1.72925928205076,13.6414520603293,-0.570544018695848,-1.98690227170814,-1.06993671128433,12.9909514736117,-0.699050312512388,-0.921865982013106,22.0984564207236,14.3373876454634,25.931010466835,0.470166626522104,21.5774954621572,14.9923914675384,25.5554582696834,-0.494972493776566,-0.601032246309163,-0.333673175423152,-0.0586310807819486,0.679915841863043,-0.0165550846734055,-0.117059052752823,-2.44292451871758,-0.949276160833643,-0.728905157064019,0.0323350424991475,-0.194640527782636,0.117274073800244,10.2019916841227,9.73911437119303,9.44312892283217,0.99840372488594,-0.472746473834337,-0.291752685106017,-0.574033389743299,-269.634718754119
