"...1"	"ViajeId"	"MUESTRA"	"VALIDAR"	"GENERO"	"TIEMPO_PROFESION"	"HORAS_TRABAJO"	"NIVEL_EDUCATIVO"	"EDAD"	"DISTAlt1"	"TIEMPOAlt1"	"CONG_A1"	"DISTAlt2"	"TIEMPOAlt2"	"CONG_A2"	"DISTAlt3"	"TIEMPOAlt3"	"CONG_A3"	"DISTEC"	"TIEMPOEC"	"Semaf_A1"	"Semaf_A2"	"Semaf_A3"	"Semaf_EC"	"CamFD_A1"	"CamFD_A2"	"CamFD_A3"	"CamFD_EC"	"ZER_A1"	"ZER_A2"	"ZER_A3"	"ZER_EC"	"MtrP_A1"	"MtrP_A2"	"MtrP_A3"	"MtrP_EC"	"Acc_EC"	"Acc_A1"	"Acc_A2"	"Acc_A3"	"Paneles_EC"	"Paneles_A1"	"Paneles_A2"	"Paneles_A3"	"INFOTRAFICO"	"CLIMA"	"CONGESTION"	"PAVIMENTO"	"INCIDENTE"	"MERIDIANO"	"HPICOHVALLE"	"COSTO"	"CHOICE"	"Experiencia"	"PasoPeaton"	"UsoPito"	"CinSeg"	"FRbr"	"UsoDirec"	"EnfCond"	"AFrSem"	"CulFr"	"OmLmVel"	"IgPare"	"UsoCel"	"ComVrb"	"Ans"	"ComAfec"	"PrPer"	"AmbTr"	"StrC"	"ConCl"	"DispMob"	"JOVEN30"	"ADULTO40"	"ADULTO60"	"ADULTOMAYOR"	"EDUBASICA"	"EDUSUP"	"EDUNR"	"HPICO"	"HVALLE"	"CSECO"	"CLLUVIA"	"CONG_AB_A1"	"CONG_CD_A1"	"CONG_EF_A1"	"CONG_AB_A2"	"CONG_CD_A2"	"CONG_EF_A2"	"CONG_AB_A3"	"CONG_CD_A3"	"CONG_EF_A3"	"CONG_AB_EC"	"CONG_CD_EC"	"CONG_EF_EC"	"SININFOTRF"	"CONINFOTRF"	"USOCINTURON"	"NOUSOCINTURON"	"USODISPMOB"	"NOUSODISPMOB"	"NO_MTRP_A1"	"NO_MTRP_A2"	"NO_MTRP_A3"	"NO_MTRP_EC"	"SI_MTRP_A1"	"SI_MTRP_A2"	"SI_MTRP_A3"	"SI_MTRP_EC"	"NO_ZER_A1"	"NO_ZER_A2"	"NO_ZER_A3"	"NO_ZER_EC"	"SI_ZER_A1"	"SI_ZER_A2"	"SI_ZER_A3"	"SI_ZER_EC"	"HTRB_1"	"HTRB_2"	"HTRB_3"	"SEMF_A1_1"	"SEMF_A1_2"	"SEMF_A1_3"	"SEMF_A2_1"	"SEMF_A2_2"	"SEMF_A2_3"	"SEMF_A3_1"	"SEMF_A3_2"	"SEMF_A3_3"	"SEMF_EC_1"	"SEMF_EC_2"	"SEMF_EC_3"	"NO_CAMFD_A1"	"SI_CAMFD_A1"	"NO_CAMFD_A2"	"SI_CAMFD_A2"	"NO_CAMFD_A3"	"SI_CAMFD_A3"	"NO_CAMFD_EC"	"SI_CAMFD_EC"	"ACC_A1_0"	"ACC_A1_1"	"ACC_A1_2"	"ACC_A2_0"	"ACC_A2_1"	"ACC_A2_2"	"ACC_A3_0"	"ACC_A3_1"	"ACC_A3_2"	"ACC_EC_0"	"ACC_EC_1"	"ACC_EC_2"	"NO_PANEL_A1"	"SI_PANEL_A1"	"NO_PANEL_A2"	"SI_PANEL_A2"	"NO_PANEL_A3"	"SI_PANEL_A3"	"NO_PANEL_EC"	"SI_PANEL_EC"	"EXP_1"	"EXP_2"	"EXP_3"	"EXP_4"	"EXP_5"	"SEM_A1_km"	"SEM_A2_km"	"SEM_A3_km"	"SEM_EC_km"	"Panel_A1_km"	"Panel_A2_km"	"Panel_A3_km"	"Panel_EC_km"	"ZER_A1_km"	"ZER_A2_km"	"ZER_A3_km"	"ZER_EC_km"	"T_Alt_1"	"T_Alt_2"	"T_Alt_3"	"T_Alt_4"	"D_Alt_1"	"D_Alt_2"	"D_Alt_3"	"D_Alt_4"	"Vel_fl_Alt1"	"Vel_fl_Alt2"	"Vel_fl_Alt3"	"Vel_fl_Alt4"	"T_fl_Alt1"	"T_fl_Alt2"	"T_fl_Alt3"	"T_fl_Alt4"	"CG_Alt_1"	"CG_Alt_2"	"CG_Alt_3"	"CG_Alt_4"	"UsoCel_Poco"	"UsoCel_Frec"
"1"	"1"	"{00793F3F-F1CC-E811-914C-74867AD5B714}"	0	1	1	10	14	1	4	10.1	24	2	11.1	27	3	8.4	30	3	7.73476294124306	22.1199999968211	21	20	21	18	3	2	5	5	0	0	1	0	2	2	1	1	0	0	0	0	0	2	0	0	1	2	2	1	1	2	1	14800	3	4	5	2	1	2	4	2	2	2	2	2	4	1	3	2	2	2	3	1	3	0	0	0	1	1	0	0	1	0	0	1	0	1	0	0	0	1	0	0	1	1	0	0	1	0	0	1	1	0	0	0	0	0	1	1	1	1	1	1	0	1	0	0	1	0	0	0	1	0	0	1	0	0	1	0	0	1	0	0	1	0	1	0	1	0	1	0	1	1	0	0	1	0	0	1	0	0	1	0	0	0	1	1	0	1	0	1	0	0	0	0	1	0	2.07920792079208	1.8018018018018	2.5	2.32715600164305	0.198019801980198	0	0	0	0	0	0.119047619047619	0	0.448529411925834	0.724264705962917	1	0.275735294037083	0.711419454702841	1	0.480555018465115	0.0288580545297158	0.466666666666667	0.466666666666667	0.466666666666667	0.466666666666667	21.6428571428571	23.7857142857143	18	16.5744920169494	1.10891089108911	1.13513513513514	1.66666666666667	1.33458087126898	0	1
"2"	"3"	"{01579974-02D2-E811-8FB7-74867AD5B714}"	0	1	1	10	12	4	2	5.8	18	3	5.4	20	3	6.7	25	3	4.6118611667335	19.8945500016212	14	17	12	12	2	0	2	1	0	0	1	1	2	2	2	0	0	0	0	1	0	0	0	2	1	1	2	1	1	1	2	9800	4	4	3	2	2	2	5	2	2	3	2	2	2	5	1	1	3	3	1	1	1	0	1	0	0	0	0	1	0	1	1	0	0	0	1	0	0	1	0	0	1	1	0	0	1	0	1	0	0	1	0	0	0	1	1	1	1	0	1	1	0	0	0	0	1	1	0	0	1	0	1	0	0	0	1	0	1	0	0	1	0	0	1	1	0	0	1	0	1	1	0	0	1	0	0	0	1	0	1	0	0	1	0	1	0	0	1	1	0	0	0	0	1	0	2.41379310344828	3.14814814814815	1.7910447761194	2.60198639251307	0	0	0.298507462686567	0	0	0	0.149253731343284	0.216832199376089	0.3	0.5	1	0.48945500016212	0.588691546296237	0.405887789094565	1.41130845370376	0.0457009393004179	0.366666666666667	0.366666666666667	0.366666666666667	0.366666666666667	15.8181818181818	14.7272727272727	18.2727272727273	12.5778031820005	1.13793103448276	1.35802469135802	1.3681592039801	1.58171897856467	0	1
"3"	"12"	"{071F74A3-0FD2-E811-8FB7-74867AD5B714}"	0	1	1	7	12	1	3	3.4	10	3	4.2	12	2	3.9	14	3	2.76399721459216	7.22566666603088	11	13	13	11	2	3	2	2	3	6	6	0	1	2	1	1	1	0	0	0	0	0	1	1	1	1	1	1	1	1	2	7300	1	3	4	1	2	1	1	1	1	1	1	1	2	5	2	2	2	3	1	1	1	0	0	1	0	1	0	0	0	1	1	0	0	0	1	0	1	0	0	0	1	1	0	0	1	0	1	0	0	1	0	0	0	0	1	1	1	1	0	0	0	1	1	1	1	0	0	0	1	0	1	0	0	1	0	0	1	0	0	1	0	0	1	0	1	0	1	0	1	1	0	0	1	0	0	1	0	0	0	1	0	1	0	0	1	0	1	1	0	0	0	1	0	0	3.23529411764706	3.09523809523809	3.33333333333333	3.97974351852706	0	0.238095238095238	0.256410256410256	0	0.882352941176471	1.42857142857143	1.53846153846154	0	0.590764928580996	0.795382464290498	1	0.306926303564253	0.479167611152747	1	1.39062429163544	0.0651040486059067	0.366666666666667	0.366666666666667	0.366666666666667	0.366666666666667	9.27272727272727	11.4545454545455	10.6363636363636	7.53817422161498	1.07843137254902	1.04761904761905	1.31623931623932	0.958543336039114	0	1
"4"	"14"	"{09CAC4F7-D8D2-E811-8FB7-74867AD5B714}"	0	1	1	18	12	4	3	2.4	8	2	2.4	8	1	2.6	9	2	2.46359452833276	8.91083333492279	5	5	5	5	1	1	1	0	0	0	0	0	0	0	0	0	0	0	0	0	0	0	0	0	1	1	1	1	1	1	2	6600	2	5	3	2	2	2	5	2	2	2	2	2	2	3	1	1	1	1	1	1	1	0	0	1	0	0	0	1	0	1	1	0	0	1	0	1	0	0	0	1	0	1	0	0	1	0	1	0	0	1	1	1	1	1	0	0	0	0	1	1	1	1	0	0	0	0	0	0	1	1	0	0	1	0	0	1	0	0	1	0	0	0	1	0	1	0	1	1	0	1	0	0	1	0	0	1	0	0	1	0	0	1	0	1	0	1	0	1	0	0	0	0	0	1	2.08333333333333	2.08333333333333	1.92307692307692	2.02955475931494	0	0	0	0	0	0	0	0	0.75	0.75	1	0.977708333730698	0.333333333333333	0.333333333333333	4	0.545315094442533	0.366666666666667	0.366666666666667	0.366666666666667	0.366666666666667	6.54545454545455	6.54545454545455	7.09090909090909	6.71889416818025	1.22222222222222	1.22222222222222	1.26923076923077	1.32623510831935	0	1
"5"	"15"	"{0AFFFCBB-0AD2-E811-8FB7-74867AD5B714}"	0	1	1	10	14	1	3	5.4	14	2	5.5	14	2	5.6	16	2	5.30979527223473	20.4150666673978	10	15	16	15	2	3	4	3	3	4	2	4	1	1	2	1	1	0	0	0	1	0	1	1	2	1	2	1	1	1	2	11500	4	4	4	1	2	1	4	1	1	1	1	1	3	5	2	2	2	2	2	1	1	0	0	1	0	1	0	0	0	1	1	0	0	1	0	0	1	0	0	1	0	1	0	0	0	1	1	0	0	1	0	0	0	0	1	1	1	1	0	0	0	0	1	1	1	1	0	0	1	0	1	0	0	1	0	0	0	0	0	1	0	0	1	0	1	0	1	0	1	1	0	0	1	0	0	1	0	0	0	1	0	1	0	0	1	0	1	0	1	0	0	0	1	0	1.85185185185185	2.72727272727273	2.85714285714286	2.82496767407135	0	0.181818181818182	0.178571428571429	0.188331178271423	0.555555555555555	0.727272727272727	0.357142857142857	0.753324713085693	0.31863821106953	0.31863821106953	0.531063685115884	1	0.487448547470417	0.743724273735208	3.30648153638313	0.256275726264792	0.366666666666667	0.366666666666667	0.366666666666667	0.366666666666667	14.7272727272727	15	15.2727272727273	14.4812598333674	0.950617283950617	0.933333333333333	1.04761904761905	1.40975763865225	0	1
"6"	"16"	"{0B4811D4-93C6-E811-914C-74867AD5B714}"	0	1	1	10	16	2	2	7.3	19	3	8.1	20	3	6.8	20	3	6.60283796996291	20.5518833359083	18	27	21	22	4	1	5	4	0	0	0	0	2	2	2	2	0	0	0	0	0	1	1	1	1	1	4	1	1	2	2	12500	3	4	2	2	2	1	4	1	1	1	1	1	1	4	4	2	1	1	3	1	4	0	1	0	0	0	1	0	0	1	1	0	0	0	1	0	0	1	0	0	1	0	1	0	1	0	1	0	1	0	0	0	0	0	1	1	1	1	1	1	1	1	0	0	0	0	0	0	1	0	0	1	0	0	1	0	0	1	0	0	1	0	1	0	1	0	1	0	1	1	0	0	1	0	0	1	0	0	1	0	0	0	1	0	1	0	1	1	0	0	0	0	1	0	2.46575342465753	3.33333333333333	3.08823529411765	3.33190063122563	0.136986301369863	0.123456790123457	0.147058823529412	0	0	0	0	0	0.659067857986164	0.878757143981553	0.878757143981553	1	0.499111558530212	1	0.749555779265106	0.0626110551837232	0.366666666666667	0.366666666666667	0.366666666666667	0.366666666666667	19.9090909090909	22.0909090909091	18.5454545454545	18.0077399180807	0.954337899543379	0.905349794238683	1.07843137254902	1.14128055099647	1	0
"7"	"17"	"{0C1D8C2A-12E2-E811-8FB7-74867AD5B714}"	0	1	1	20	15	1	3	5.7	23	3	5.4	30	3	5.7	34	3	5.18778293730232	70.8360499978066	13	13	12	12	1	4	3	3	3	2	1	0	1	2	2	2	1	1	0	0	1	0	1	1	2	2	6	2	1	2	2	21500	3	5	1	3	2	1	3	3	1	4	1	1	1	4	4	4	2	1	5	2	2	0	0	1	0	1	0	0	0	1	0	1	0	0	1	0	0	1	0	0	1	0	0	1	0	1	1	0	1	0	0	0	0	0	1	1	1	1	0	0	0	1	1	1	1	0	0	0	1	0	1	0	0	1	0	0	1	0	0	1	0	0	1	0	1	0	1	0	1	0	1	0	1	0	0	1	0	0	0	1	0	1	0	0	1	0	1	0	1	0	0	0	0	1	2.28070175438596	2.40740740740741	2.10526315789474	2.31312684918157	0	0.185185185185185	0.175438596491228	0.19276057076513	0.526315789473684	0.37037037037037	0.175438596491228	0	0.059013239622855	0.19671079874285	0.27539511823999	1	1	0.509977721499501	2.4700668355015	0.163340759500166	0.366666666666667	0.366666666666667	0.366666666666667	0.366666666666667	15.5454545454545	14.7272727272727	15.5454545454545	14.1484989199154	1.47953216374269	2.03703703703704	2.18713450292398	5.00661239038565	1	0
"8"	"19"	"{0C97D2B2-DCD3-E811-8FB7-74867AD5B714}"	0	1	2	8	12	1	3	7.6	21	3	7	23	3	7.2	23	3	5.65309412435009	14.4128999988238	6	8	12	9	4	3	2	0	8	9	10	0	2	2	2	2	0	0	0	0	1	1	0	1	1	1	1	1	1	2	1	14000	4	3	4	1	2	1	1	1	1	1	1	1	3	5	3	1	1	1	3	1	3	0	0	1	0	1	0	0	1	0	1	0	0	0	1	0	0	1	0	0	1	1	0	0	1	0	1	0	1	0	0	0	0	0	1	1	1	1	0	0	0	1	1	1	1	0	0	0	1	1	0	0	0	1	0	0	1	0	0	1	0	0	1	0	1	0	1	1	0	1	0	0	1	0	0	1	0	0	1	0	0	0	1	1	0	0	1	0	1	0	0	1	0	0	0.789473684210526	1.14285714285714	1.66666666666667	1.59204849627985	0.131578947368421	0	0.138888888888889	0.176894277364427	1.05263157894737	1.28571428571429	1.38888888888889	0	0.827394257424465	1	1	0.258908613863302	1	0.706874650594525	1.24427112450456	0.0488542249009124	0.466666666666667	0.466666666666667	0.466666666666667	0.466666666666667	16.2857142857143	15	15.4285714285714	12.1137731236073	1.28947368421053	1.53333333333333	1.49074074074074	1.18979444734159	0	1
"9"	"31"	"{14ECDC53-57E7-E811-8FB7-74867AD5B714}"	0	1	1	1	18	1	3	5.8	15	3	5.6	17	3	7.4	18	3	3.15650373100609	18.1158333301544	6	10	9	25	1	2	1	2	6	0	6	2	1	2	1	2	1	0	0	0	0	0	0	1	1	1	2	1	1	1	1	10900	4	1	4	1	1	1	2	1	1	1	1	1	2	5	4	2	1	3	5	1	1	0	0	1	0	1	0	0	1	0	1	0	0	0	1	0	0	1	0	0	1	1	0	0	1	0	0	1	0	1	0	0	0	0	1	1	1	1	0	1	0	0	1	0	1	1	0	0	1	1	0	0	0	1	0	0	1	0	0	0	1	0	1	0	1	0	1	0	1	1	0	0	1	0	0	1	0	0	0	1	0	1	0	1	0	0	1	1	0	1	0	0	0	0	1.03448275862069	1.78571428571429	1.21621621621622	7.92015537774499	0	0	0.135135135135135	0	1.03448275862069	0	0.810810810810811	0.633612430219599	0.490530045220226	0.817550075367043	0.981060090440451	1	0.631633158885938	0.58558730374668	1.20720634812666	0.0230229275696289	0.466666666666667	0.466666666666667	0.466666666666667	0.466666666666667	12.4285714285714	12	15.8571428571429	6.76393656644162	1.20689655172414	1.41666666666667	1.13513513513514	2.67829734241355	0	1
"10"	"34"	"{160BB759-80CD-E811-914C-74867AD5B714}"	0	1	1	20	15	2	3	5.1	13	2	5.4	14	2	5.3	16	3	3.80938883249998	11.7963333328565	6	8	8	7	1	3	2	1	1	1	0	1	0	0	0	0	0	0	0	0	2	2	0	0	1	1	2	1	1	2	1	8600	1	5	3	2	1	2	5	2	2	3	2	2	3	2	1	1	1	3	1	1	1	0	0	1	0	0	1	0	1	0	1	0	0	1	0	0	1	0	0	0	1	1	0	0	1	0	0	1	0	1	1	1	1	1	0	0	0	0	0	0	1	0	1	1	0	1	0	0	1	1	0	0	0	1	0	0	1	0	1	0	0	0	1	0	1	0	1	0	1	1	0	0	1	0	0	1	0	0	1	0	0	0	1	1	0	1	0	0	1	0	0	0	0	1	1.17647058823529	1.48148148148148	1.50943396226415	1.8375651076307	0.392156862745098	0	0	0.525018602180199	0.196078431372549	0.185185185185185	0	0.2625093010901	0.583545416713513	0.722363611142342	1	0.416454583286487	0.82254937991234	1	1.47320165356709	0.0591502066958864	0.466666666666667	0.466666666666667	0.466666666666667	0.466666666666667	10.9285714285714	11.5714285714286	11.3571428571429	8.16297606964281	1.18954248366013	1.20987654320988	1.40880503144654	1.44510203536254	0	1
"11"	"41"	"{1A27CCF2-1FCF-E811-914C-74867AD5B714}"	0	1	1	15	10	4	3	7	15	1	7.2	16	2	7.6	16	2	7.09674130805823	15.2309999982516	7	9	7	7	3	5	3	3	2	4	1	2	2	2	2	2	0	0	0	0	0	0	1	1	1	1	1	1	1	2	1	12100	1	5	3	1	2	1	4	1	1	3	1	1	2	3	1	1	1	1	1	1	1	0	0	1	0	0	0	1	1	0	1	0	1	0	0	0	1	0	0	1	0	1	0	0	1	0	1	0	0	1	0	0	0	0	1	1	1	1	0	0	0	0	1	1	1	1	0	1	0	1	0	0	0	1	0	1	0	0	1	0	0	0	1	0	1	0	1	0	1	1	0	0	1	0	0	1	0	0	1	0	0	1	0	0	1	0	1	1	0	0	0	0	0	1	1	1.25	0.921052631578947	0.986368207060277	0	0.138888888888889	0.131578947368421	0	0.285714285714286	0.555555555555556	0.131578947368421	0.281819487731508	0.75	1	1	0.8077499995629	0.142857142857142	0.428571428571429	2.28571428571429	0.281059011511757	0.466666666666667	0.466666666666667	0.466666666666667	0.466666666666667	15	15.4285714285714	16.2857142857143	15.2073028029819	1	1.03703703703704	0.982456140350877	1.00155827733403	0	1
"12"	"42"	"{1B8E1A94-98C2-E811-914C-74867AD5B714}"	0	1	1	8	12	1	3	4.8	14	3	4.7	17	3	5.3	18	3	4.6130956407692	14.6347333351771	8	14	8	8	2	2	1	2	0	2	0	0	1	2	1	1	0	0	0	0	0	1	0	0	1	2	2	1	1	2	1	10000	1	3	4	2	2	4	5	4	4	4	2	2	4	3	3	2	2	2	3	1	1	0	0	1	0	1	0	0	1	0	0	1	0	0	1	0	0	1	0	0	1	1	0	0	1	0	1	0	0	1	0	0	0	0	1	1	1	1	1	0	1	1	0	1	0	0	0	0	1	0	1	0	0	1	0	0	1	0	0	1	0	0	1	0	1	0	1	0	1	1	0	0	1	0	0	1	0	0	1	0	0	0	1	1	0	1	0	1	0	0	0	1	0	0	1.66666666666667	2.97872340425532	1.50943396226415	1.73419339701053	0.208333333333333	0	0	0	0	0.425531914893617	0	0	0.428571428571429	0.857142857142857	1	0.519247619311014	0.36459876713766	0.237518520565192	2.14372221915221	0.127080246572468	0.466666666666667	0.466666666666667	0.466666666666667	0.466666666666667	10.2857142857143	10.0714285714286	11.3571428571429	9.88520494450543	1.36111111111111	1.68794326241135	1.58490566037736	1.48046837848432	0	1
"13"	"44"	"{1CEB8473-D4DE-E811-8FB7-74867AD5B714}"	0	1	1	14	14	2	3	6.3	22	3	6.6	25	3	7.6	26	3	6.33638655798182	26.6689500013987	19	19	20	17	4	3	3	4	2	0	1	0	1	1	1	1	0	0	0	0	0	1	1	1	1	1	1	1	1	2	1	13000	1	5	4	1	2	1	4	1	1	1	1	1	2	5	2	1	1	1	1	1	1	0	0	1	0	0	1	0	1	0	1	0	0	0	1	0	0	1	0	0	1	1	0	0	1	0	1	0	0	1	0	0	0	0	1	1	1	1	0	1	0	1	1	0	1	0	0	0	1	0	0	1	0	0	1	0	0	1	0	0	1	0	1	0	1	0	1	0	1	1	0	0	1	0	0	1	0	0	1	0	0	0	1	0	1	0	1	1	0	0	0	0	0	1	3.01587301587302	2.87878787878788	2.63157894736842	2.68291712389066	0.158730158730159	0.151515151515152	0.131578947368421	0	0.317460317460317	0	0.131578947368421	0	0.391187841810528	0.782375683621055	0.912771630891231	1	0.0714285714285712	0.285714285714285	1.64285714285714	0.0974189699870141	0.466666666666667	0.466666666666667	0.466666666666667	0.466666666666667	13.5	14.1428571428571	16.2857142857143	13.5779711956753	1.62962962962963	1.76767676767677	1.59649122807018	1.96413364095904	0	1
"14"	"45"	"{1CF86FD7-96E2-E811-8FB7-74867AD5B714}"	0	1	1	12	15	1	3	6.7	17	2	6.9	20	3	7.3	21	3	7.08514356867066	20.6709999998411	10	10	14	9	2	2	3	3	0	0	4	0	1	2	1	2	0	0	0	0	2	2	2	0	1	1	4	1	1	1	1	12500	4	4	1	1	2	1	4	1	1	4	1	1	2	4	1	1	3	1	1	1	4	0	0	1	0	1	0	0	1	0	1	0	0	1	0	0	0	1	0	0	1	0	1	0	1	0	1	0	1	0	0	0	0	0	1	1	1	1	1	1	0	1	0	0	1	0	0	0	1	0	1	0	0	1	0	0	1	0	0	1	0	0	1	0	1	0	1	0	1	1	0	0	1	0	0	1	0	0	1	0	0	0	1	0	1	1	0	0	1	0	0	0	1	0	1.49253731343284	1.44927536231884	1.91780821917808	1.2702636033794	0.298507462686567	0.289855072463768	0	0.282280800750979	0	0	0.547945205479452	0	0.428571428571429	0.857142857142857	1	0.9529999999773	0.142857142857142	0.428571428571429	2.28571428571429	0.693062240958086	0.466666666666667	0.466666666666667	0.466666666666667	0.466666666666667	14.3571428571429	14.7857142857143	15.6428571428571	15.1824505042943	1.18407960199005	1.35265700483092	1.34246575342466	1.36150616753168	0	1
"15"	"54"	"{24059CC8-75CD-E811-914C-74867AD5B714}"	0	1	1	35	14	1	3	4.3	15	3	5.7	17	3	5.5	18	3	4.38871899411864	31.9890499989192	17	20	11	17	3	4	2	3	0	0	0	0	2	2	2	2	0	0	0	0	0	0	0	0	1	1	2	1	1	1	1	9500	1	5	2	2	2	1	4	1	1	2	1	1	1	2	2	2	1	1	2	2	3	0	0	1	0	1	0	0	1	0	1	0	0	0	1	0	0	1	0	0	1	1	0	0	1	0	1	0	1	0	0	0	0	0	1	1	1	1	1	1	1	1	0	0	0	0	0	0	1	0	0	1	0	0	1	0	1	0	0	0	1	0	1	0	1	0	1	0	1	1	0	0	1	0	0	1	0	0	1	0	0	1	0	1	0	1	0	1	0	0	0	0	0	1	3.95348837209302	3.50877192982456	2	3.87356766810129	0	0	0	0	0	0	0	0	0.150082169996183	0.250136949993639	0.300164339992367	1	0.0666666666666664	1	1.46666666666667	0.12581266274576	0.466666666666667	0.466666666666667	0.466666666666667	0.466666666666667	9.21428571428571	12.2142857142857	11.7857142857143	9.40439784453994	1.62790697674419	1.39181286549708	1.52727272727273	3.40149901436715	1	0
"16"	"55"	"{248C222D-70DF-E811-8FB7-74867AD5B714}"	0	1	1	42	10	1	4	4.3	13	2	5.2	14	2	4.5	15	3	4.09073760330632	11.5539333343506	10	10	11	8	2	3	3	2	0	0	0	0	1	2	2	2	0	0	0	0	0	0	1	0	1	1	1	1	1	1	1	9000	4	5	5	2	2	2	5	2	2	2	2	2	4	5	4	1	2	2	2	1	1	0	0	0	1	1	0	0	1	0	1	0	0	1	0	0	1	0	0	0	1	1	0	0	1	0	1	0	0	1	0	0	0	0	1	1	1	1	1	1	1	1	0	0	0	0	0	1	0	0	1	0	0	1	0	0	1	0	0	1	0	0	1	0	1	0	1	0	1	1	0	0	1	0	0	1	0	0	1	0	0	1	0	0	1	1	0	1	0	0	0	0	0	1	2.32558139534884	1.92307692307692	2.44444444444444	1.95563753430042	0	0.192307692307692	0	0	0	0	0	0	0.689733273988951	0.844866636994475	1	0.465400089016574	0.255744656857977	1	1.16539007625378	0.0826950381268915	0.466666666666667	0.466666666666667	0.466666666666667	0.466666666666667	9.21428571428571	11.1428571428571	9.64285714285714	8.76586629279926	1.41085271317829	1.25641025641026	1.55555555555556	1.31805949901855	0	1
"17"	"62"	"{2BA6331C-A0C6-E811-914C-74867AD5B714}"	0	1	1	1	12	1	1	7.1	20	3	8.5	22	3	7.3	25	3	7.46795409376879	23.3891666650772	12	11	19	21	3	2	4	3	0	0	0	0	1	1	2	2	0	0	0	0	0	1	0	0	2	1	2	2	1	2	1	13000	3	1	2	5	2	2	3	2	2	2	2	3	2	5	2	2	2	1	2	3	1	1	0	0	0	1	0	0	1	0	1	0	0	0	1	0	0	1	0	0	1	1	0	0	0	1	1	0	0	1	0	0	0	0	1	1	1	1	1	1	1	1	0	0	0	0	0	0	1	0	1	0	0	1	0	0	0	1	0	0	1	0	1	0	1	0	1	0	1	1	0	0	1	0	0	1	0	0	1	0	0	0	1	1	0	1	0	1	0	1	0	0	0	0	1.69014084507042	1.29411764705882	2.6027397260274	2.8120151431464	0.140845070422535	0	0	0	0	0	0	0	0.375	0.625	1	0.79864583313465	0.0666666666666664	1	0.8	0.31196939584586	0.466666666666667	0.466666666666667	0.466666666666667	0.466666666666667	15.2142857142857	18.2142857142857	15.6428571428571	16.0027587723617	1.31455399061033	1.2078431372549	1.59817351598174	1.46157090772827	0	1
"18"	"65"	"{2C98D15C-8366-E811-95E4-74867AD5B714}"	0	1	1	25	10	0	4	6	17	3	4.5	20	3	4.9	22	3	5.42730943222081	12.7379999995232	9	16	17	9	1	3	2	0	1	2	3	0	1	2	2	1	0	0	0	0	0	0	0	0	1	1	5	1	1	1	1	9900	1	5	1	1	2	1	3	1	1	1	4	1	2	3	4	4	5	5	3	5	0	0	0	0	1	1	0	0	1	0	1	0	0	0	1	0	0	1	0	0	1	0	0	1	1	0	1	0	1	0	0	0	0	0	1	1	1	1	0	0	0	1	1	1	1	0	0	1	0	0	1	0	0	0	0	0	0	1	0	1	0	0	1	0	1	0	1	1	0	1	0	0	1	0	0	1	0	0	1	0	0	1	0	1	0	1	0	1	0	0	0	0	0	1	1.5	3.55555555555556	3.46938775510204	1.65828024224469	0	0	0	0	0.166666666666667	0.444444444444444	0.612244897959184	0	0.592236176822249	0.8368944707289	1	0.24465829390665	1	0.0624999999999998	0.875	0.642068395138006	0.466666666666667	0.466666666666667	0.466666666666667	0.466666666666667	12.8571428571429	9.64285714285714	10.5	11.6299487833303	1.32222222222222	2.07407407407407	2.0952380952381	1.09527567462559	0	1
"19"	"66"	"{2CA75D4B-DBC5-E811-914C-74867AD5B714}"	0	1	1	3	12	1	3	5.1	15	2	7.3	16	2	6.7	18	2	4.73736064190911	17.7182666699092	13	11	11	13	4	4	4	4	1	1	1	1	2	2	2	2	0	0	0	0	0	0	0	0	1	1	1	1	1	2	1	9500	1	2	4	1	2	1	4	1	1	1	1	1	2	5	2	1	1	1	1	1	1	0	0	1	0	1	0	0	1	0	1	0	0	1	0	0	1	0	0	1	0	1	0	0	1	0	1	0	0	1	0	0	0	0	1	1	1	1	0	0	0	0	1	1	1	1	0	0	1	0	1	0	0	1	0	0	1	0	0	1	0	0	1	0	1	0	1	0	1	1	0	0	1	0	0	1	0	0	1	0	0	1	0	1	0	1	0	1	0	0	1	0	0	0	2.54901960784314	1.50684931506849	1.64179104477612	2.7441440461584	0	0	0	0	0.196078431372549	0.136986301369863	0.149253731343284	0.211088003550646	0.5	0.666666666666667	1	0.953044444984867	0.173752166880986	1	1.11267015906168	0.0375567196872278	0.466666666666667	0.466666666666667	0.466666666666667	0.466666666666667	10.9285714285714	15.6428571428571	14.3571428571429	10.1514870898052	1.37254901960784	1.02283105022831	1.25373134328358	1.74538631760691	0	1
"20"	"68"	"{2D736D0E-A2DC-E811-8FB7-74867AD5B714}"	0	1	1	28	15	1	3	6.6	23	3	6.7	27	3	6.5	26	3	5.91130071093373	33.6188999970754	8	19	17	16	2	3	2	2	2	0	2	1	1	1	1	1	0	0	0	0	0	1	0	0	1	2	3	1	1	2	1	14000	3	5	3	3	2	1	4	3	1	1	1	1	3	4	1	1	3	2	1	1	1	0	0	1	0	1	0	0	1	0	0	1	0	0	1	0	0	1	0	0	1	0	1	0	1	0	1	0	0	1	0	0	0	0	1	1	1	1	0	1	0	0	1	0	1	1	0	0	1	0	1	0	0	0	1	0	0	1	0	0	0	0	1	0	1	0	1	0	1	1	0	0	1	0	0	1	0	0	1	0	0	0	1	1	0	1	0	1	0	0	0	0	0	1	1.21212121212121	2.83582089552239	2.61538461538462	2.70668010010147	0.151515151515152	0	0	0	0.303030303030303	0	0.307692307692308	0.169167506256342	0.220282108000223	0.513991585333854	0.440564216000446	1	0.887475998652967	1	1.78766800942923	0.112524001347032	0.466666666666667	0.466666666666667	0.466666666666667	0.466666666666667	14.1428571428571	14.3571428571429	13.9285714285714	12.6670729520009	1.62626262626263	1.88059701492537	1.86666666666667	2.65403855527374	0	1
"21"	"74"	"{33AA04C6-D6D2-E811-8FB7-74867AD5B714}"	0	1	1	30	13	2	3	3.9	10	1	4.4	12	1	4.2	12	1	4.07525029408923	13.4006000002225	6	4	8	4	1	0	1	1	0	0	0	0	0	0	0	0	1	0	0	0	0	0	0	0	1	1	1	1	1	1	2	9200	4	5	4	4	2	2	5	2	2	4	2	2	4	3	1	1	3	3	1	1	1	0	0	1	0	0	1	0	0	1	1	0	1	0	0	1	0	0	1	0	0	1	0	0	1	0	1	0	0	1	1	1	1	1	0	0	0	0	1	1	1	1	0	0	0	0	0	0	1	1	0	0	1	0	0	0	1	0	1	0	0	0	1	1	0	0	1	0	1	1	0	0	1	0	0	1	0	0	0	1	0	1	0	1	0	1	0	1	0	0	0	0	0	1	1.53846153846154	0.909090909090909	1.9047619047619	0.98153480432886	0	0	0	0	0	0	0	0	0.468706058790693	0.781176764651156	0.781176764651156	1	0.166666666666667	1	2.16666666666667	0.458750490148716	0.366666666666667	0.366666666666667	0.366666666666667	0.366666666666667	10.6363636363636	12	11.4545454545455	11.1143189838797	0.94017094017094	1	1.04761904761905	1.20570590241821	0	1
"22"	"75"	"{33DEF5A1-5DE8-E811-8FB7-74867AD5B714}"	0	1	1	25	15	1	3	6.4	29	3	6.3	30	3	6.7	30	3	6.00751792225942	39.7268333355586	11	8	6	16	1	1	2	2	0	0	0	3	2	2	2	2	0	0	0	0	1	1	1	0	2	2	6	1	1	2	2	14400	4	5	5	2	2	4	5	2	2	5	2	2	4	3	1	1	1	1	1	1	1	0	0	1	0	1	0	0	0	1	0	1	0	0	1	0	0	1	0	0	1	0	0	1	0	1	1	0	0	1	0	0	0	0	1	1	1	1	1	1	1	0	0	0	0	1	0	0	1	0	1	0	0	1	0	1	0	0	0	0	0	0	1	0	1	0	1	0	1	1	0	0	1	0	0	1	0	0	1	0	0	0	1	0	1	1	0	0	1	0	0	0	0	1	1.71875	1.26984126984127	0.895522388059702	2.66332954924959	0.15625	0.158730158730159	0	0.166458096828099	0	0	0	0.499374290484298	0.218550041853329	0.291400055804438	0.291400055804438	1	0.621442543085239	0.495256724113651	2.13567237074428	0.126185818971587	0.366666666666667	0.366666666666667	0.366666666666667	0.366666666666667	17.4545454545455	17.1818181818182	18.2727272727273	16.3841397879802	1.66145833333333	1.74603174603175	1.64179104477612	2.42471279234953	0	1
"23"	"85"	"{3819A850-CBC5-E811-914C-74867AD5B714}"	0	1	1	3	12	1	1	8.3	28	3	9.3	32	3	8.8	34	3	7.45356234115071	39.3309500018756	17	16	15	15	2	1	3	1	2	2	2	2	1	1	1	1	1	1	1	1	0	1	0	1	1	1	6	1	2	2	2	15000	4	2	2	2	2	2	4	2	2	2	1	1	1	3	4	2	4	4	3	2	4	1	0	0	0	1	0	0	0	1	1	0	0	0	1	0	0	1	0	0	1	0	0	1	1	0	1	0	1	0	0	0	0	0	1	1	1	1	0	0	0	0	1	1	1	1	0	0	1	0	0	1	0	0	0	0	1	0	0	1	0	0	1	0	1	0	1	0	1	0	1	0	0	1	0	0	1	0	0	1	0	0	1	1	0	0	1	1	0	0	1	0	0	0	2.04819277108434	1.72043010752688	1.70454545454545	2.01246052738914	0.120481927710843	0	0.113636363636364	0	0.240963855421687	0.21505376344086	0.227272727272727	0.268328070318552	0.209337133937901	0.48845331252177	0.628011401813704	1	0.486240930731279	1	1.20550362770749	0.0513759069268719	0.366666666666667	0.366666666666667	0.366666666666667	0.366666666666667	22.6363636363636	25.3636363636364	24	20.3278972940474	1.23694779116466	1.26164874551971	1.41666666666667	1.93482628492977	1	0
"24"	"87"	"{3B02B1F0-0EE2-E811-8FB7-74867AD5B714}"	0	1	1	1	12	2	2	4.1	15	3	5.2	20	3	5.2	26	3	3.32041920432399	20.2890499989192	11	19	17	11	4	3	6	4	0	1	0	0	2	2	2	2	0	0	0	0	0	0	0	0	2	1	3	1	1	2	1	10200	1	1	4	1	2	1	4	1	1	1	1	1	1	5	2	2	2	2	2	1	3	0	1	0	0	0	1	0	1	0	1	0	0	0	1	0	0	1	0	0	1	0	1	0	0	1	1	0	1	0	0	0	0	0	1	1	1	1	1	0	1	1	0	1	0	0	0	0	1	0	1	0	0	0	1	0	0	1	0	1	0	0	1	0	1	0	1	0	1	1	0	0	1	0	0	1	0	0	1	0	0	1	0	1	0	1	0	1	0	1	0	0	0	0	2.68292682926829	3.65384615384615	3.26923076923077	3.312834712459	0	0	0	0	0	0.192307692307692	0	0	0.214285714285714	0.571428571428571	1	0.5920749999228	0.444326797672151	1	1.45464171099551	0.0505157456661681	0.466666666666667	0.466666666666667	0.466666666666667	0.466666666666667	8.78571428571428	11.1428571428571	11.1428571428571	7.11518400926569	1.70731707317073	1.79487179487179	2.33333333333333	2.85151444748273	1	0
"25"	"96"	"{47212798-FAEB-E811-8FB7-74867AD5B714}"	0	1	1	35	12	1	3	5.2	16	2	7.5	21	3	5.2	16	0	7.9856613284706	18.8832833329837	13	13	13	15	2	3	999	2	1	1	1	1	2	2	999	2	0	1	0	999	0	0	0	1	1	2	4	1	1	1	2	10400	1	5	4	2	2	1	4	2	1	2	1	1	2	2	1	1	1	1	1	1	1	0	0	1	0	1	0	0	0	1	0	1	0	1	0	0	0	1	0	1	0	0	1	0	1	0	1	0	0	1	0	0	0	0	1	1	1	1	0	0	0	0	1	1	1	1	0	0	1	0	1	0	0	1	0	0	0	1	0	1	0	0	1	0	1	0	1	0	1	0	1	0	1	0	0	0	0	1	1	0	0	1	0	1	0	0	1	1	0	0	0	0	0	1	2.5	1.73333333333333	2.5	1.87836666031926	0	0	0.192307692307692	0	0.192307692307692	0.133333333333333	0.192307692307692	0.125224444021284	0.375	1	0.375	0.735410416622963	0.0346541013019707	0.831698431247301	0.346541013019709	1	0.366666666666667	0.366666666666667	0.366666666666667	0.366666666666667	14.1818181818182	20.4545454545455	14.1818181818182	21.7790763503744	1.12820512820513	1.02666666666667	1.12820512820513	0.86703784077873	0	1
"26"	"99"	"{494F40B8-A8CC-E811-914C-74867AD5B714}"	0	1	1	10	10	1	3	4.8	12	1	9.5	16	1	6.9	17	2	4.70605301356862	9.64128333330154	7	6	5	3	3	3	2	0	4	0	4	4	0	2	0	0	0	0	0	0	0	0	3	0	1	1	1	1	1	1	1	9300	4	4	4	2	2	2	5	2	2	4	2	2	2	2	1	1	1	1	1	1	1	0	0	1	0	1	0	0	1	0	1	0	1	0	0	1	0	0	0	1	0	1	0	0	1	0	1	0	0	1	1	0	1	1	0	1	0	0	0	1	0	0	1	0	1	1	0	1	0	1	0	0	1	0	0	1	0	0	1	0	0	0	1	0	1	0	1	1	0	1	0	0	1	0	0	1	0	0	1	0	0	1	0	0	1	1	0	1	0	0	0	0	1	0	1.45833333333333	0.631578947368421	0.72463768115942	0.637476881656522	0	0.315789473684211	0	0	0.833333333333333	0	0.579710144927536	0.849969175542029	0.517314725281157	0.903462945056231	1	0.289611164831306	0.0396299728969488	1	0.652632117856343	0.0204334048319797	0.466666666666667	0.466666666666667	0.466666666666667	0.466666666666667	10.2857142857143	20.3571428571429	14.7857142857143	10.0843993147899	1.16666666666667	0.785964912280702	1.14975845410628	0.956059258696898	0	1
"27"	"106"	"{4C90677E-E1E2-E811-8FB7-74867AD5B714}"	0	1	3	12	11	1	3	4.2	13	2	4.2	13	2	5.4	17	3	3.72626720054955	13.2605000019073	16	11	19	11	2	1	4	0	0	0	1	1	0	0	2	0	0	0	0	0	0	1	0	1	1	1	1	1	1	2	2	8800	4	4	1	4	1	1	1	1	1	1	1	1	3	5	2	1	2	5	3	1	5	0	0	1	0	1	0	0	0	1	1	0	0	1	0	0	1	0	0	0	1	1	0	0	1	0	0	1	1	0	1	1	0	1	0	0	1	0	1	1	0	0	0	0	1	1	0	0	1	0	0	0	0	1	0	0	0	1	0	1	0	0	1	0	1	0	1	1	0	1	0	0	1	0	0	1	0	0	1	0	0	0	1	1	0	0	1	1	0	0	0	0	1	0	3.80952380952381	2.61904761904762	3.51851851851852	2.95201589364759	0.238095238095238	0	0.185185185185185	0	0	0	0.185185185185185	0.26836508124069	0.428571428571429	0.428571428571429	1	0.465785714558186	0.323460669852983	0.323460669852983	1.50740449761026	0.0563782775122514	0.366666666666667	0.366666666666667	0.366666666666667	0.366666666666667	11.4545454545455	11.4545454545455	14.7272727272727	10.1625469105897	1.13492063492063	1.13492063492063	1.15432098765432	1.30484022544481	0	1
"28"	"107"	"{4D0F0833-12E5-E811-8FB7-74867AD5B714}"	0	1	1	25	12	2	3	4	12	3	4.3	13	3	4.8	13	2	4.18896493236783	13.6909500002861	6	12	2	11	1	3	1	3	0	0	0	0	0	0	0	0	0	0	0	0	1	0	1	0	2	1	2	1	1	2	1	9800	4	5	5	2	1	2	5	2	2	2	2	2	4	2	4	3	2	2	3	2	1	0	0	1	0	0	1	0	1	0	1	0	0	0	1	0	0	1	0	1	0	1	0	0	0	1	0	1	0	1	1	1	1	1	0	0	0	0	1	1	1	1	0	0	0	0	0	0	1	1	0	0	0	1	0	1	0	0	0	1	0	0	1	0	1	0	1	0	1	1	0	0	1	0	0	1	0	0	1	0	0	1	0	0	1	1	0	0	1	0	0	0	0	1	1.5	2.7906976744186	0.416666666666667	2.62594702452718	0	0.232558139534884	0	0.238722456775198	0	0	0	0	0.639529306391462	0.852705741855283	0.852705741855283	1	0.111111111111111	0.444444444444444	2	0.321072147075367	0.466666666666667	0.466666666666667	0.466666666666667	0.466666666666667	8.57142857142857	9.21428571428571	10.2857142857143	8.97635342650249	1.4	1.41085271317829	1.26388888888889	1.52522403583886	0	1
"29"	"109"	"{4FBD7528-FBE8-E811-8FB7-74867AD5B714}"	0	1	1	8	14	1	2	5.5	17	3	6.1	21	3	7.2	26	3	4.62833208804925	15.8730666677157	8	14	9	11	2	0	2	2	0	0	0	0	2	2	1	1	0	0	0	0	1	1	1	1	1	1	2	1	1	2	1	9200	1	3	5	2	1	2	5	2	2	3	2	2	3	2	1	1	3	3	1	1	1	0	1	0	0	1	0	0	1	0	1	0	0	0	1	0	0	1	0	0	1	1	0	0	1	0	0	1	0	1	0	0	0	0	1	1	1	1	1	1	1	1	0	0	0	0	0	0	1	0	1	0	0	1	0	0	1	0	0	1	0	0	1	1	0	0	1	0	1	1	0	0	1	0	0	1	0	0	1	0	0	0	1	0	1	0	1	0	1	0	0	1	0	0	1.45454545454545	2.29508196721312	1.25	2.37666610578851	0.181818181818182	0.163934426229508	0.138888888888889	0.216060555071682	0	0	0	0	0.314386706157374	0.619103725642985	1	0.228537764614209	0.363693372070811	0.588272181928171	1.33686821478604	0.0374298016428934	0.466666666666667	0.466666666666667	0.466666666666667	0.466666666666667	11.7857142857143	13.0714285714286	15.4285714285714	9.91785447439125	1.44242424242424	1.60655737704918	1.68518518518519	1.60045367762769	0	1
"30"	"115"	"{514E2B7D-02D6-E811-8FB7-74867AD5B714}"	0	1	1	20	14	1	3	4.8	14	2	5.3	17	2	6.5	18	2	4.56210227379283	15.5092333316803	14	13	15	14	3	2	3	3	0	0	0	0	2	2	1	2	0	0	0	1	0	0	0	0	1	1	1	1	1	1	1	9300	1	5	4	1	2	1	2	1	1	1	1	1	2	5	3	1	3	3	1	1	1	0	0	1	0	1	0	0	1	0	1	0	0	1	0	0	1	0	0	1	0	1	0	0	1	0	1	0	0	1	0	0	0	0	1	1	1	1	1	1	1	1	0	0	0	0	0	0	1	0	1	0	0	1	0	0	1	0	0	1	0	0	1	0	1	0	1	0	1	1	0	0	1	0	0	0	1	0	1	0	0	1	0	1	0	1	0	1	0	0	0	0	0	1	2.91666666666667	2.45283018867925	2.30769230769231	3.06876066335109	0	0	0	0	0	0	0	0	0.428571428571429	0.857142857142857	1	0.644176190240043	0.165807008792364	0.411157888559315	1.44163158358051	0.0490701759533902	0.466666666666667	0.466666666666667	0.466666666666667	0.466666666666667	10.2857142857143	11.3571428571429	13.9285714285714	9.77593344384178	1.36111111111111	1.49685534591195	1.29230769230769	1.5864708388998	0	1
"31"	"119"	"{536715D9-2DC7-E811-914C-74867AD5B714}"	0	1	1	5	12	1	2	4.7	12	2	5.3	13	2	6.4	17	3	4.23554152460858	17.95643333594	11	8	18	8	3	3	6	3	0	0	0	0	0	0	0	0	0	0	0	0	0	1	0	0	1	1	3	1	1	2	1	9300	4	2	5	3	2	2	5	2	2	2	2	2	2	4	1	1	3	3	2	1	3	0	1	0	0	1	0	0	1	0	1	0	0	1	0	0	1	0	0	0	1	0	1	0	1	0	1	0	1	0	1	1	1	1	0	0	0	0	1	1	1	1	0	0	0	0	0	0	1	0	1	0	0	1	0	0	0	1	0	1	0	0	1	0	1	0	1	0	1	1	0	0	1	0	0	1	0	0	1	0	0	0	1	1	0	1	0	1	0	0	1	0	0	0	2.34042553191489	1.50943396226415	2.8125	1.88877855488368	0.212765957446809	0	0	0	0	0	0	0	0.33495476240098	0.446606349867973	0.893212699735947	1	0.249268635978786	0.514232646809802	1.39744601624653	0.044160668471836	0.466666666666667	0.466666666666667	0.466666666666667	0.466666666666667	10.0714285714286	11.3571428571429	13.7142857142857	9.07616040987553	1.19148936170213	1.14465408805031	1.23958333333333	1.97841736208211	0	1
"32"	"122"	"{54F72912-A0D4-E811-8FB7-74867AD5B714}"	0	1	2	1	12	2	3	11.6	24	2	8.2	27	3	9.8	26	3	7.70884999009309	30.1344000021617	21	21	16	21	7	4	6	4	1	0	0	0	2	1	1	1	0	2	1	1	1	1	0	1	1	2	2	1	1	2	1	15300	2	1	4	1	2	2	4	1	1	1	1	1	1	4	2	1	1	1	4	1	1	0	0	1	0	0	1	0	1	0	0	1	0	1	0	0	0	1	0	0	1	1	0	0	1	0	1	0	0	1	0	0	0	0	1	1	1	1	0	1	1	1	1	0	0	0	0	0	1	0	0	1	0	0	1	0	0	0	0	0	1	0	1	0	1	0	1	0	1	0	0	1	0	1	0	0	1	0	1	0	0	0	1	1	0	0	1	0	1	1	0	0	0	0	1.81034482758621	2.5609756097561	1.63265306122449	2.72414173670364	0.0862068965517241	0	0.102040816326531	0.129721035081126	0.0862068965517241	0	0	0	0.328428796559165	0.65685759311833	0.547381327598608	1	1	0.148115207005386	0.774501084207308	0.0250554350880768	0.466666666666667	0.466666666666667	0.466666666666667	0.466666666666667	24.8571428571429	17.5714285714286	21	16.5189642644852	0.96551724137931	1.53658536585366	1.23809523809524	1.82423059458691	1	0
"33"	"124"	"{5639E9B2-3ECB-E811-914C-74867AD5B714}"	0	1	1	3	12	0	2	7	20	2	6.2	20	3	7	20	0	6.14257868389767	28.3620500008265	11	14	11	14	2	2	999	2	0	0	0	0	1	1	999	1	1	0	0	999	2	0	2	1	2	2	2	2	1	2	1	11400	2	2	4	2	1	2	4	2	2	4	2	2	4	4	1	1	4	3	3	1	1	0	1	0	0	1	0	0	1	0	0	1	0	1	0	0	0	1	0	1	0	1	0	0	0	1	0	1	0	1	0	0	0	0	1	1	1	1	1	1	0	1	0	0	1	0	0	0	1	0	1	0	0	1	0	0	0	1	0	1	0	0	1	0	1	0	1	0	1	1	0	0	1	0	0	0	0	1	0	1	0	1	0	0	1	0	1	0	1	0	1	0	0	0	1.57142857142857	2.25806451612903	1.57142857142857	2.27917308356179	0	0.32258064516129	0.142857142857143	0.325596154794542	0	0	0	0	0.264036859526386	0.264036859526386	0.264036859526386	1	1	0.164422196847667	1.94002502854638	0.104447225394041	0.466666666666667	0.466666666666667	0.466666666666667	0.466666666666667	15	13.2857142857143	15	13.1626686083522	1.33333333333333	1.50537634408602	1.33333333333333	2.15473403188392	0	1
"34"	"125"	"{56FF6CE7-E9C8-E811-914C-74867AD5B714}"	0	1	1	20	8	4	3	2.3	7	1	2.3	7	0	2.3	7	0	2.26533439650018	8.337433330218	3	3	3	5	0	999	999	0	0	0	0	0	0	999	999	0	0	0	999	999	0	0	1	1	1	1	1	1	1	2	1	6000	4	5	2	2	2	3	5	3	5	3	2	2	2	1	5	5	3	3	4	3	1	0	0	1	0	0	0	1	1	0	1	0	1	0	0	0	1	0	0	1	0	1	0	0	1	0	1	0	0	1	1	0	0	1	0	1	1	0	1	0	0	1	0	1	1	0	0	1	0	1	0	0	0	0	1	0	0	1	1	0	0	1	0	0	1	0	1	1	0	1	0	0	0	0	1	0	0	1	1	0	0	1	0	0	1	0	1	1	0	0	0	0	0	1	1.30434782608696	1.30434782608696	1.30434782608696	2.20717965865204	0	0.434782608695652	0.434782608695652	0	0	0	0	0	0.691653282391598	0.691653282391598	0.691653282391598	1	1	1	7.68322107954763	0.742580119949738	0.466666666666667	0.466666666666667	0.466666666666667	0.466666666666667	4.92857142857143	4.92857142857143	4.92857142857143	4.85428799250039	1.42028985507246	1.42028985507246	1.42028985507246	1.71753990350364	0	1
"35"	"127"	"{57646952-ACCC-E811-914C-74867AD5B714}"	0	1	1	4	13	2	2	2.4	8	2	2.6	10	2	3.4	10	2	2.79338084021125	9.60693333148956	4	5	4	4	1	1	1	1	0	0	0	0	0	0	0	0	0	0	0	0	0	0	0	0	1	1	1	1	1	1	1	7000	1	2	5	2	2	2	5	2	2	2	2	2	4	5	1	1	2	4	1	2	5	0	1	0	0	0	1	0	1	0	1	0	0	1	0	0	1	0	0	1	0	1	0	0	1	0	1	0	1	0	1	1	1	1	0	0	0	0	1	1	1	1	0	0	0	0	0	0	1	1	0	0	1	0	0	1	0	0	1	0	0	0	1	0	1	0	1	0	1	1	0	0	1	0	0	1	0	0	1	0	0	1	0	1	0	1	0	1	0	0	1	0	0	0	1.66666666666667	1.92307692307692	1.17647058823529	1.43195655329887	0	0	0	0	0	0	0	0	0.6	1	1	0.921386666297912	0.090909090909091	0.272727272727273	1.81818181818182	0.448528036555682	0.466666666666667	0.466666666666667	0.466666666666667	0.466666666666667	5.14285714285714	5.57142857142857	7.28571428571429	5.98581608616696	1.55555555555556	1.79487179487179	1.37254901960784	1.60494963313204	0	1
"36"	"129"	"{5DE3C6B9-A278-E811-B124-74867AD5B714}"	0	1	1	40	10	1	4	5.7	15	2	6.6	18	2	5.7	15	0	4.83113454065247	15.5004499991735	13	13	13	15	1	2	999	0	0	1	0	0	2	2	999	2	0	0	0	999	0	0	2	1	2	1	1	1	1	2	1	9300	4	5	1	2	2	4	2	4	4	4	2	2	1	5	4	2	3	2	2	2	0	0	0	0	1	1	0	0	1	0	1	0	0	1	0	0	1	0	0	1	0	1	0	0	0	1	1	0	1	0	0	0	0	0	1	1	1	1	1	0	0	1	0	1	1	0	0	1	0	0	1	0	0	1	0	0	0	1	0	1	0	0	1	0	1	0	1	1	0	1	0	0	1	0	0	0	0	1	1	0	0	1	0	0	1	0	1	1	0	0	0	0	0	1	2.28070175438596	1.96969696969697	2.28070175438596	3.10486074725921	0	0.303030303030303	0.175438596491228	0	0	0.151515151515152	0	0	0.5	1	0.5	0.583408333195583	0.518424402624353	1	1	0.0535083997084051	0.466666666666667	0.466666666666667	0.466666666666667	0.466666666666667	12.2142857142857	14.1428571428571	12.2142857142857	10.352431158541	1.2280701754386	1.27272727272727	1.2280701754386	1.49727631720451	1	0
"37"	"130"	"{5E9CC871-20E5-E811-8FB7-74867AD5B714}"	0	1	1	8	12	1	2	7.5	28	3	5.6	30	3	5.5	32	3	5.19121817331661	25.8201666673024	22	20	16	18	2	2	2	3	0	2	1	0	2	1	1	1	0	0	0	0	1	0	1	1	1	1	6	2	2	2	1	11600	4	3	1	2	1	1	4	1	1	2	1	2	1	4	1	1	3	2	1	1	2	0	1	0	0	1	0	0	1	0	1	0	0	0	1	0	0	1	0	0	1	0	0	1	1	0	0	1	1	0	0	0	0	0	1	1	1	1	1	0	0	1	0	1	1	0	0	0	1	0	0	1	0	0	1	0	0	0	0	0	1	0	1	0	1	0	1	0	1	1	0	0	1	0	0	1	0	0	1	0	0	1	0	0	1	0	1	0	1	0	0	1	0	0	2.93333333333333	3.57142857142857	2.90909090909091	3.46739424139826	0	0.178571428571429	0.181818181818182	0.192633013411014	0	0.357142857142857	0.181818181818182	0	0.564262241477477	0.782131120738738	1	0.326803318891893	1	0.211219555481254	0.543337637383884	0.0415147602378286	0.466666666666667	0.466666666666667	0.466666666666667	0.466666666666667	16.0714285714286	12	11.7857142857143	11.1240389428213	1.74222222222222	2.5	2.71515151515152	2.32111437221864	1	0
"38"	"133"	"{60D70C69-4FCB-E811-914C-74867AD5B714}"	0	1	1	9	16	1	3	5.6	18	3	4.7	19	3	4.9	20	3	4.60026668614235	18.2788333336512	21	20	17	10	3	2	2	3	2	6	0	0	2	2	2	1	0	0	0	0	0	0	1	0	2	2	2	1	1	2	2	10000	2	4	2	5	2	4	4	5	4	4	4	2	5	1	5	5	4	4	5	5	1	0	0	1	0	1	0	0	0	1	0	1	0	0	1	0	0	1	0	0	1	1	0	0	0	1	1	0	0	1	0	0	0	0	1	1	1	1	0	0	1	1	1	1	0	0	0	0	1	0	0	1	0	0	1	0	0	1	0	1	0	0	1	0	1	0	1	0	1	1	0	0	1	0	0	1	0	0	1	0	0	1	0	0	1	1	0	1	0	0	0	0	1	0	3.75	4.25531914893617	3.46938775510204	2.17378701763608	0	0.212765957446809	0	0	0.357142857142857	1.27659574468085	0	0	0.6	0.8	1	0.65576666673024	1	0.181619772121865	1.18186227286181	0.0909311364309036	0.366666666666667	0.366666666666667	0.366666666666667	0.366666666666667	15.2727272727273	12.8181818181818	13.3636363636364	12.5461818712973	1.17857142857143	1.4822695035461	1.49659863945578	1.45692398860157	0	1
"39"	"134"	"{6113CA0C-0CD2-E811-8FB7-74867AD5B714}"	0	1	1	10	8	3	4	5.3	13	2	5.4	14	2	5.3	13	0	4.98484594165401	17.2079499999682	9	14	9	12	2	2	999	2	0	0	0	0	1	2	999	1	0	1	0	999	0	0	0	1	1	1	3	1	1	1	2	10000	4	4	5	2	2	2	5	2	2	2	2	2	2	5	1	1	1	1	1	1	1	0	0	0	1	0	1	0	0	1	1	0	0	1	0	0	1	0	0	1	0	0	1	0	1	0	1	0	0	1	0	0	0	0	1	1	1	1	1	1	0	1	0	0	1	0	0	1	0	0	1	0	0	1	0	0	0	1	0	1	0	0	1	0	1	0	1	0	1	0	1	0	1	0	0	0	0	1	1	0	0	1	0	1	0	0	1	1	0	0	0	0	1	0	1.69811320754717	2.59259259259259	1.69811320754717	2.40729606099287	0	0	0.188679245283019	0	0	0	0	0	0.416207104657113	0.554942806209484	0.416207104657113	1	0.805883311254363	1	2.55293350996509	0.194116688745636	0.366666666666667	0.366666666666667	0.366666666666667	0.366666666666667	14.4545454545455	14.7272727272727	14.4545454545455	13.5950343863291	0.89937106918239	0.950617283950617	0.89937106918239	1.26575259105429	0	1
"40"	"136"	"{6272E1C4-E3C8-E811-914C-74867AD5B714}"	0	1	1	9	14	1	2	3.9	13	3	4.3	15	3	4.4	17	3	4.11416604935264	17.2242166678111	10	12	8	9	0	2	1	0	0	0	0	0	2	2	0	2	0	0	0	0	0	0	0	0	1	1	1	1	1	2	1	8600	1	4	4	1	2	1	4	1	1	1	1	1	2	3	1	1	2	1	1	2	1	0	1	0	0	1	0	0	1	0	1	0	0	0	1	0	0	1	0	0	1	1	0	0	1	0	1	0	0	1	0	0	1	0	1	1	0	1	1	1	1	1	0	0	0	0	0	0	1	0	1	0	0	1	0	0	1	0	0	1	0	1	0	0	1	0	1	1	0	1	0	0	1	0	0	1	0	0	1	0	0	1	0	1	0	1	0	1	0	0	0	0	1	0	2.56410256410256	2.7906976744186	1.81818181818182	2.18756362578417	0	0	0	0	0	0	0	0	0.415269936928537	0.692116561547562	0.968963186166586	1	0.166666666666667	0.833333333333333	2.5	0.5236100822544	0.466666666666667	0.466666666666667	0.466666666666667	0.466666666666667	8.35714285714286	9.21428571428571	9.42857142857143	8.81607010575566	1.55555555555556	1.62790697674419	1.8030303030303	1.95372954856224	0	1
"41"	"137"	"{64557BBA-09D6-E811-8FB7-74867AD5B714}"	0	1	1	7	10	1	3	3.7	9	2	3.7	9	0	3.7	9	0	3.68057878393072	10.0606666684151	14	14	14	14	2	999	999	2	0	0	0	0	1	999	999	1	0	0	999	999	0	0	1	1	1	1	1	1	1	1	1	8900	1	3	4	2	2	4	5	4	4	2	2	2	4	4	3	1	2	1	2	1	1	0	0	1	0	1	0	0	1	0	1	0	0	1	0	0	1	0	0	1	0	1	0	0	1	0	1	0	0	1	0	0	0	0	1	1	1	1	1	0	0	1	0	1	1	0	0	1	0	0	1	0	0	0	1	0	0	1	0	1	0	0	1	0	1	0	1	0	1	1	0	0	0	0	1	0	0	1	1	0	0	1	0	0	1	0	1	1	0	0	0	1	0	0	3.78378378378378	3.78378378378378	3.78378378378378	3.80374957903999	0	0.27027027027027	0.27027027027027	0	0	0	0	0	0.738794943040946	0.738794943040946	0.738794943040946	1	1	1	8.53634931566833	0.837372146185371	0.466666666666667	0.466666666666667	0.466666666666667	0.466666666666667	7.92857142857143	7.92857142857143	7.92857142857143	7.8869545369944	1.13513513513514	1.13513513513514	1.13513513513514	1.27560855349485	0	1
"42"	"138"	"{650344A4-14D7-E811-8FB7-74867AD5B714}"	0	1	1	5	12	1	2	5.2	11	2	5.9	17	3	4.8	15	3	4.59708356378862	14.566833337148	5	8	9	8	2	2	0	2	0	0	0	0	0	0	0	0	0	1	0	0	0	0	1	0	2	2	2	1	1	2	2	9500	4	2	4	1	2	1	2	1	1	1	1	1	1	2	2	2	3	1	5	1	5	0	1	0	0	1	0	0	0	1	0	1	0	1	0	0	0	1	0	0	1	1	0	0	0	1	1	0	1	0	1	1	1	1	0	0	0	0	1	1	1	1	0	0	0	0	0	0	1	1	0	0	0	1	0	0	1	0	0	1	0	0	1	0	1	1	0	0	1	0	1	0	1	0	0	1	0	0	1	0	0	1	0	0	1	1	0	1	0	0	1	0	0	0	0.961538461538461	1.35593220338983	1.875	1.74023375668353	0	0.169491525423729	0	0	0	0	0	0	0.333333333333333	1	0.777777777777778	0.729648148572	0.501039419075899	1	0.857439834021685	0.0712800829891571	0.366666666666667	0.366666666666667	0.366666666666667	0.366666666666667	14.1818181818182	16.0909090909091	13.0909090909091	12.5375006285144	0.775641025641026	1.05649717514124	1.14583333333333	1.1618610254757	1	0
"43"	"139"	"{653E753C-29DE-E811-8FB7-74867AD5B714}"	0	1	1	1	12	0	1	3.5	9	2	3.6	10	1	4.4	11	2	3.52759194362303	8.06611666679382	3	7	6	3	2	0	3	2	1	1	2	2	1	1	2	1	0	0	0	0	1	1	0	1	1	1	4	1	1	2	2	8200	1	1	2	1	2	1	4	1	1	2	1	1	2	4	1	1	3	1	1	1	1	1	0	0	0	1	0	0	0	1	1	0	0	1	0	1	0	0	0	1	0	0	1	0	1	0	1	0	0	1	0	0	0	0	1	1	1	1	0	0	0	0	1	1	1	1	0	0	1	1	0	0	1	0	0	1	0	0	1	0	0	0	1	1	0	0	1	0	1	1	0	0	1	0	0	1	0	0	1	0	0	0	1	1	0	0	1	0	1	1	0	0	0	0	0.857142857142857	1.94444444444444	1.36363636363636	0.85043849967489	0.285714285714286	0	0.227272727272727	0.28347949989163	0.285714285714286	0.277777777777778	0.454545454545455	0.56695899978326	0.66295259146604	0.83147629573302	1	0.50557111280094	0.1	0.2	1.9	0.12759194362303	0.366666666666667	0.366666666666667	0.366666666666667	0.366666666666667	9.54545454545455	9.81818181818182	12	9.62070530079008	0.942857142857143	1.01851851851852	0.916666666666667	0.838412196882426	0	1
"44"	"145"	"{69766D01-9AD3-E811-8FB7-74867AD5B714}"	0	1	1	6	14	4	3	5.5	13	2	7.3	16	3	6.9	17	3	4.8920643213181	14.8771666646004	4	8	5	6	1	1	2	1	0	0	2	0	1	0	2	1	0	0	0	1	0	0	0	1	1	1	1	1	1	1	2	9800	1	3	5	2	2	2	5	2	2	4	2	2	2	3	1	1	1	1	1	1	1	0	0	1	0	0	0	1	0	1	1	0	0	1	0	0	0	1	0	0	1	1	0	0	1	0	1	0	0	1	0	1	0	0	1	0	1	1	1	1	0	1	0	0	1	0	0	0	1	1	0	0	0	1	0	1	0	0	1	0	0	0	1	0	1	0	1	0	1	1	0	0	1	0	0	0	1	0	1	0	0	1	0	1	0	0	1	1	0	0	0	1	0	0	0.727272727272727	1.0958904109589	0.72463768115942	1.22647610618157	0	0	0.144927536231884	0	0	0	0.289855072463768	0	0.428571428571429	0.857142857142857	1	0.696738094942914	0.282278243696414	1	1.19936715452877	0.0398734309057547	0.366666666666667	0.366666666666667	0.366666666666667	0.366666666666667	15	19.9090909090909	18.8181818181818	13.3419936035948	0.866666666666667	0.80365296803653	0.903381642512077	1.11506324366637	0	1
"45"	"148"	"{6FF3DFAA-2ADE-E811-8FB7-74867AD5B714}"	0	1	1	40	12	0	4	6.2	19	3	6.6	20	3	7.3	18	3	5.80897486184733	25.8637166659037	23	14	13	11	3	2	3	0	1	3	1	5	2	2	2	1	0	0	0	0	0	0	0	0	1	1	6	1	1	2	2	11500	4	5	3	3	2	2	5	3	2	3	2	2	3	3	1	1	1	1	1	1	1	0	0	0	1	1	0	0	0	1	1	0	0	0	1	0	0	1	0	0	1	0	0	1	1	0	1	0	0	1	0	0	0	0	1	1	1	1	0	0	0	0	1	1	1	1	0	0	1	0	0	1	0	1	0	0	1	0	0	1	0	0	1	0	1	0	1	1	0	1	0	0	1	0	0	1	0	0	1	0	0	1	0	1	0	1	0	1	0	0	0	0	0	1	3.70967741935484	2.12121212121212	1.78082191780822	1.89362155313267	0	0	0	0	0.161290322580645	0.454545454545455	0.136986301369863	0.860737069605761	0.368198115158341	0.460247643947926	0.276148586368756	1	0.308621860445773	0.560032093010946	1.56567302327164	0.0628525581412931	0.366666666666667	0.366666666666667	0.366666666666667	0.366666666666667	16.9090909090909	18	19.9090909090909	15.8426587141291	1.12365591397849	1.11111111111111	0.904109589041096	1.6325363774224	0	1
"46"	"150"	"{7075AD0F-47CB-E811-914C-74867AD5B714}"	0	1	1	9	15	1	2	7.4	28	3	7.2	30	3	9.2	30	3	8.24730037842145	53.3516166647275	23	24	26	27	4	2	4	2	3	3	1	6	2	2	2	1	1	2	0	1	0	0	1	1	2	2	5	1	1	2	2	17500	4	4	1	4	2	1	3	3	3	1	3	1	4	5	3	1	2	2	2	1	3	0	1	0	0	1	0	0	0	1	0	1	0	0	1	0	0	1	0	0	1	0	0	1	0	1	1	0	1	0	0	0	0	0	1	1	1	1	0	0	0	0	1	1	1	1	0	0	1	0	0	1	0	0	1	0	0	1	0	0	1	0	1	0	1	0	1	0	1	0	0	1	1	0	0	0	1	0	0	1	0	1	0	0	1	0	1	1	0	0	0	0	1	0	3.10810810810811	3.33333333333333	2.82608695652174	3.27379854753973	0	0.138888888888889	0.108695652173913	0	0.405405405405405	0.416666666666667	0.108695652173913	0.727510788342162	0.105814071750354	0.17635678625059	0.17635678625059	1	0.142857142857143	0.0476190476190475	1.42857142857143	0.546333513534024	0.366666666666667	0.366666666666667	0.366666666666667	0.366666666666667	20.1818181818182	19.6363636363636	25.0909090909091	22.4926373956949	1.38738738738739	1.52777777777778	1.19565217391304	2.37195913161073	0	1
"47"	"151"	"{707EA9A3-FEEB-E811-8FB7-74867AD5B714}"	0	1	1	1	12	4	3	5.9	20	3	7.1	19	3	5.9	20	3	6.86103242350522	20.5562333345413	19	12	18	14	3	2	2	4	3	2	1	3	2	2	0	2	0	0	0	0	0	0	0	1	1	2	2	1	2	1	2	10800	4	1	4	1	2	1	4	1	1	2	1	1	2	2	1	1	1	2	1	1	1	0	0	1	0	0	0	1	0	1	0	1	0	0	1	0	0	1	0	0	1	1	0	0	1	0	1	0	0	1	0	0	1	0	1	1	0	1	0	0	0	0	1	1	1	1	0	0	1	0	0	1	0	1	0	0	0	1	0	1	0	0	1	0	1	0	1	0	1	1	0	0	1	0	0	1	0	0	1	0	0	1	0	1	0	0	1	1	0	1	0	0	0	0	3.22033898305085	1.69014084507042	3.05084745762712	2.0405092318231	0	0	0.169491525423729	0	0.508474576271186	0.28169014084507	0.169491525423729	0.437251978247807	0.877918163162445	0.658438622371834	0.877918163162445	1	0.0769230769230767	1	0.76923076923077	0.816178787311708	0.366666666666667	0.366666666666667	0.366666666666667	0.366666666666667	16.0909090909091	19.3636363636364	16.0909090909091	18.7119066095597	1.24293785310734	0.981220657276995	1.24293785310734	1.09856433999298	0	1
"48"	"158"	"{7B9D1F2D-6CEE-E811-A484-74867AD5B714}"	0	1	1	20	12	4	4	5	14	2	6.4	17	1	6.1	17	2	5.10842429399663	14.3307333310445	12	14	16	9	1	1	2	0	6	6	6	3	2	2	2	1	0	0	0	0	0	0	0	0	2	1	4	1	1	1	1	9200	4	5	1	2	1	2	2	4	4	4	2	2	2	4	2	2	5	5	5	3	4	0	0	0	1	0	0	1	1	0	1	0	0	1	0	1	0	0	0	1	0	0	1	0	0	1	0	1	1	0	0	0	0	0	1	1	1	1	0	0	0	0	1	1	1	1	0	0	1	0	1	0	0	1	0	0	0	0	0	1	0	0	1	0	1	0	1	1	0	1	0	0	1	0	0	1	0	0	1	0	0	1	0	1	0	1	0	1	0	0	0	0	0	1	2.4	2.1875	2.62295081967213	1.76179570882096	0	0	0	0	1.2	0.9375	0.983606557377049	0.587265236273653	0.5	1	1	0.55512222184075	0.0666666666666664	1	1.4	0.138949529331086	0.466666666666667	0.466666666666667	0.466666666666667	0.466666666666667	10.7142857142857	13.7142857142857	13.0714285714286	10.9466234871356	1.30666666666667	1.23958333333333	1.30054644808743	1.30914645487587	0	1
"49"	"159"	"{7DC817C9-35E4-E811-8FB7-74867AD5B714}"	0	1	1	0.5	16	0	1	7.4	18	2	7.3	17	2	8	20	3	6.53910558443523	26.0719999988874	15	13	14	15	4	2	2	2	0	0	1	0	0	0	0	2	0	0	0	0	0	0	0	1	1	1	3	1	1	1	1	12400	2	1	3	2	2	2	5	2	2	3	2	2	3	4	1	1	1	1	1	1	1	1	0	0	0	1	0	0	1	0	1	0	0	1	0	0	1	0	0	0	1	0	1	0	1	0	1	0	0	1	1	1	1	0	0	0	0	1	1	1	0	1	0	0	1	0	0	0	1	0	1	0	0	1	0	0	1	0	0	1	0	0	1	0	1	0	1	0	1	1	0	0	1	0	0	1	0	0	1	0	0	1	0	1	0	0	1	1	0	1	0	0	0	0	2.02702702702703	1.78082191780822	1.75	2.29389169609127	0	0	0.125	0	0	0	0.125	0	0.331345261793295	0.248508946344971	0.497017892689942	1	0.615605005683293	0.551539173297175	1.57659249147506	0.0640658323861177	0.466666666666667	0.466666666666667	0.466666666666667	0.466666666666667	15.8571428571429	15.6428571428571	17.1428571428571	14.0123691095041	1.13513513513514	1.08675799086758	1.16666666666667	1.86064182260256	0	1
"50"	"164"	"{80300F0C-90E2-E811-8FB7-74867AD5B714}"	0	1	1	10	12	4	3	6.9	17	2	6.8	17	2	6.8	18	2	7.11844985127695	18.8272833347321	15	12	18	18	4	3	4	4	4	4	0	2	0	0	2	2	0	0	0	0	0	0	0	0	1	1	6	1	1	1	2	12800	3	4	2	2	2	1	4	1	1	2	1	1	2	2	1	1	1	1	1	1	1	0	0	1	0	0	0	1	0	1	1	0	0	1	0	0	1	0	0	1	0	0	0	1	1	0	1	0	0	1	1	1	0	0	0	0	1	1	0	0	1	0	1	1	0	1	0	0	1	0	1	0	0	1	0	0	0	1	0	0	1	0	1	0	1	0	1	0	1	1	0	0	1	0	0	1	0	0	1	0	0	1	0	1	0	1	0	1	0	0	0	0	1	0	2.17391304347826	1.76470588235294	2.64705882352941	2.52864041695413	0	0	0	0	0.579710144927536	0.588235294117647	0	0.280960046328236	0.62146756093953	0.62146756093953	0.82862341458604	1	0.477954525230864	0.238977262615431	2.38977262615432	1	0.366666666666667	0.366666666666667	0.366666666666667	0.366666666666667	18.8181818181818	18.5454545454545	18.5454545454545	19.4139541398462	0.903381642512077	0.916666666666667	0.970588235294118	0.969780972959547	0	1
"51"	"167"	"{8116154C-40CB-E811-914C-74867AD5B714}"	0	1	1	4	6	1	2	4.2	14	3	4	15	3	4.8	21	3	3.70190928827676	12.9816666682561	9	13	12	13	2	3	3	3	0	0	0	0	0	0	0	0	0	0	0	0	0	0	0	0	1	2	2	1	1	2	1	8000	2	2	5	2	2	2	5	2	2	2	2	2	2	5	2	1	2	2	1	1	1	0	1	0	0	1	0	0	1	0	0	1	0	0	1	0	0	1	0	0	1	1	0	0	1	0	1	0	0	1	1	1	1	1	0	0	0	0	1	1	1	1	0	0	0	0	1	0	0	0	1	0	0	1	0	0	1	0	0	1	0	0	1	0	1	0	1	0	1	1	0	0	1	0	0	1	0	0	1	0	0	1	0	1	0	1	0	1	0	0	1	0	0	0	2.14285714285714	3.25	2.5	3.51170139181112	0	0	0	0	0	0	0	0	0.364695204869783	0.455453032745528	1	0.272273483627236	0.499203195443351	0.332270927257801	1.75119520683497	0.0834661340927749	0.466666666666667	0.466666666666667	0.466666666666667	0.466666666666667	9	8.57142857142857	10.2857142857143	7.93266276059306	1.55555555555556	1.75	2.04166666666667	1.63648286332616	0	1
"52"	"174"	"{83E52D59-AAD8-E811-8FB7-74867AD5B714}"	0	1	1	30	14	0	3	7.1	24	3	6.2	29	3	7.1	32	3	5.65713060662664	33.6253333330154	12	8	12	11	2	2	5	1	0	4	1	2	0	0	0	0	0	0	0	0	0	1	0	0	1	1	6	1	2	2	2	12500	4	5	2	2	2	1	4	2	1	4	1	1	1	2	1	2	3	3	1	1	1	0	0	1	0	1	0	0	0	1	1	0	0	0	1	0	0	1	0	0	1	0	0	1	1	0	1	0	0	1	1	1	1	1	0	0	0	0	1	0	0	0	0	1	1	1	0	0	1	0	1	0	0	1	0	0	1	0	0	1	0	0	1	0	1	0	1	0	1	1	0	0	1	0	0	1	0	0	1	0	0	0	1	1	0	1	0	1	0	0	0	0	0	1	1.69014084507042	1.29032258064516	1.69014084507042	1.94444865513885	0.140845070422535	0	0	0	0	0.645161290322581	0.140845070422535	0.353536119116155	0.237617488653148	0.633646636408395	0.871264125061543	1	1	0.416671298383707	1.58332870161629	0.0648143001795879	0.366666666666667	0.366666666666667	0.366666666666667	0.366666666666667	19.3636363636364	16.9090909090909	19.3636363636364	15.4285380180727	1.23943661971831	1.71505376344086	1.65258215962441	2.17942447259925	1	0
"53"	"178"	"{85E8BE6A-06DD-E811-8FB7-74867AD5B714}"	0	1	1	5	12	4	4	5.2	15	3	5.9	16	3	5.3	15	3	4.63080525204337	16.5272833307584	6	6	9	6	2	2	1	2	0	0	1	0	0	0	0	0	0	0	0	0	0	0	1	0	1	1	4	1	1	1	2	9800	1	2	3	2	2	2	5	2	2	3	2	2	3	3	1	2	3	3	1	1	5	0	0	0	1	0	0	1	0	1	1	0	0	0	1	0	0	1	0	0	1	0	1	0	1	0	1	0	1	0	1	1	1	1	0	0	0	0	1	1	0	1	0	0	1	0	0	0	1	1	0	0	1	0	0	0	1	0	1	0	0	0	1	0	1	0	1	0	1	1	0	0	1	0	0	1	0	0	1	0	0	1	0	0	1	1	0	1	0	0	1	0	0	0	1.15384615384615	1.01694915254237	1.69811320754717	1.29567098451235	0	0.169491525423729	0	0	0	0	0.188679245283019	0	0.662649050395847	0.883532067194462	0.662649050395847	1	0.488750595162104	1	1.21910688778767	0.0730356292625563	0.366666666666667	0.366666666666667	0.366666666666667	0.366666666666667	14.1818181818182	16.0909090909091	14.4545454545455	12.6294688692092	1.05769230769231	0.994350282485876	1.0377358490566	1.30862853394034	0	1
"54"	"179"	"{8693C4FD-66D4-E811-8FB7-74867AD5B714}"	0	1	1	17	12	1	2	6.2	17	2	7.2	19	2	7.1	19	1	5.80596658606115	16.2860500017802	23	26	20	23	4	4	3	4	0	0	0	0	1	1	1	1	0	0	0	0	1	1	0	0	1	1	1	1	1	1	2	12800	1	5	4	4	2	4	2	4	2	4	2	2	4	1	4	2	2	1	4	1	3	0	1	0	0	1	0	0	0	1	1	0	0	1	0	0	1	0	1	0	0	1	0	0	1	0	1	0	1	0	0	0	0	0	1	1	1	1	1	1	1	1	0	0	0	0	0	0	1	0	0	1	0	0	1	0	0	1	0	0	1	0	1	0	1	0	1	0	1	1	0	0	1	0	0	1	0	0	1	0	0	0	1	1	0	1	0	0	1	0	0	0	0	1	3.70967741935484	3.61111111111111	2.8169014084507	3.96144201987279	0.161290322580645	0	0	0.172236609559686	0	0	0	0	0.649979436182832	1	1	0.525030845725752	0.330670926988431	1	1.53546325840925	0.0669329073011566	0.366666666666667	0.366666666666667	0.366666666666667	0.366666666666667	16.9090909090909	19.6363636363636	19.3636363636364	15.8344543256213	1.00537634408602	0.967592592592593	0.981220657276995	1.02851981298959	0	1
"55"	"182"	"{880C34B5-7F66-E811-95E4-74867AD5B714}"	0	1	1	0.5	12	2	1	4	19	3	5.4	19	3	4.8	24	3	4.59410471068975	19.1248333334923	22	12	24	23	4	1	1	3	1	0	0	0	2	2	2	2	0	0	0	0	0	0	1	1	0	1	4	1	1	1	1	9400	1	1	1	1	2	1	4	1	1	4	3	1	1	2	2	1	1	2	1	1	2	1	0	0	0	0	1	0	1	0	1	0	0	0	1	0	0	1	0	0	1	0	1	0	0	0	1	0	1	0	0	0	0	0	1	1	1	1	0	1	1	1	1	0	0	0	0	0	1	0	0	1	0	1	0	0	0	1	0	0	1	0	1	0	1	0	1	0	1	1	0	0	1	0	0	1	0	0	1	0	0	1	0	0	1	0	1	1	0	1	0	0	0	0	5.5	2.22222222222222	5	5.00641614599743	0	0.185185185185185	0.208333333333333	0	0.25	0	0	0	0.375	0.375	1	0.390604166686538	0.0666666666666667	1	1.2	0.462736473793167	0.466666666666667	0.466666666666667	0.466666666666667	0.466666666666667	8.57142857142857	11.5714285714286	10.2857142857143	9.84451009433518	2.21666666666667	1.64197530864198	2.33333333333333	1.94269020502069	1	0
"56"	"184"	"{89405035-CC53-E811-884F-74867AD5B714}"	0	1	1	18	12	1	3	6.9	19	3	6	20	3	5.3	22	3	4.80135417056955	19.633266667525	20	15	14	14	1	3	2	1	3	0	0	5	0	0	0	0	0	1	0	1	0	0	0	0	1	2	5	2	1	2	1	12500	4	5	2	1	1	1	2	1	1	2	2	1	2	1	2	3	3	5	1	2	4	0	0	1	0	1	0	0	1	0	0	1	0	0	1	0	0	1	0	0	1	0	0	1	1	0	0	1	1	0	1	1	1	1	0	0	0	0	0	1	1	0	1	0	0	1	0	0	1	0	0	1	0	1	0	0	1	0	0	1	0	0	1	0	1	0	1	0	1	0	1	0	1	0	0	0	1	0	1	0	0	1	0	1	0	1	0	1	0	0	0	0	0	1	2.89855072463768	2.5	2.64150943396226	2.91584405204153	0	0	0	0	0.434782608695652	0	0	1.04137287572912	0.5	0.666666666666667	1	0.6055444445875	1	0.590657127240388	0.681622210075857	0.0454825414177345	0.466666666666667	0.466666666666667	0.466666666666667	0.466666666666667	14.7857142857143	12.8571428571429	11.3571428571429	10.2886160797919	1.28502415458937	1.55555555555556	1.93710691823899	1.90825146115493	0	1
"57"	"192"	"{90244FAC-8DE2-E811-8FB7-74867AD5B714}"	0	1	1	8	12	4	2	5.9	14	2	5.8	14	2	5.5	13	3	4.66913890251942	12.368833331267	16	20	11	14	4	3	3	3	1	0	0	1	2	2	2	1	0	0	0	0	0	0	0	0	1	1	4	1	1	1	2	9300	4	3	4	2	2	2	5	2	2	4	2	2	2	2	1	1	1	1	1	1	1	0	1	0	0	0	0	1	0	1	1	0	0	1	0	0	1	0	0	0	1	0	1	0	1	0	1	0	0	1	0	0	0	0	1	1	1	1	0	1	1	0	1	0	0	1	0	0	1	0	0	0	0	0	1	0	1	0	0	1	0	0	1	0	1	0	1	0	1	1	0	0	1	0	0	1	0	0	1	0	0	1	0	1	0	1	0	1	0	0	0	1	0	0	2.71186440677966	3.44827586206897	2	2.99841154702974	0	0	0	0	0.169491525423729	0	0	0.214172253359267	1	1	0.784071688295861	0.647784935112418	1	0.924860678406403	1.37569660796798	0.0751393215935962	0.366666666666667	0.366666666666667	0.366666666666667	0.366666666666667	16.0909090909091	15.8181818181818	15	12.7340151886893	0.870056497175141	0.885057471264368	0.866666666666667	0.971322332193644	0	1
"58"	"196"	"{93260574-3CCE-E811-914C-74867AD5B714}"	0	1	1	8	12	1	1	3.6	11	3	4	12	3	4.6	13	3	3.69848809924649	12.3528833349546	7	5	9	7	0	0	0	0	0	0	0	0	1	1	1	1	0	0	0	0	1	1	0	0	2	1	1	1	1	1	1	8300	1	3	4	1	2	3	4	1	3	3	1	1	2	3	1	1	3	3	1	1	1	1	0	0	0	1	0	0	1	0	1	0	0	0	1	0	0	1	0	0	1	1	0	0	0	1	1	0	0	1	0	0	0	0	1	1	1	1	1	1	1	1	0	0	0	0	0	0	1	1	0	0	1	0	0	0	1	0	1	0	0	1	0	1	0	1	0	1	0	1	0	0	1	0	0	1	0	0	1	0	0	0	1	1	0	1	0	0	1	0	0	1	0	0	1.94444444444444	1.25	1.95652173913044	1.8926652762317	0.277777777777778	0	0	0.270380753747385	0	0	0	0	0.6	0.8	1	0.87057666699092	0.090909090909091	0.454545454545455	1.81818181818182	0.180443726587718	0.466666666666667	0.466666666666667	0.466666666666667	0.466666666666667	7.71428571428571	8.57142857142857	9.85714285714286	7.92533164124248	1.42592592592593	1.4	1.31884057971015	1.55865822329398	0	1
"59"	"199"	"{96293207-17D7-E811-8FB7-74867AD5B714}"	0	1	1	10	13	1	2	7.2	23	3	8.4	32	3	9	33	3	6.67491892426702	19.2669499993324	10	10	19	10	3	2	2	2	0	0	0	0	2	2	0	0	0	0	0	0	0	0	0	2	2	1	2	2	1	2	2	13000	1	4	1	4	2	2	2	1	2	2	1	1	2	4	2	2	2	2	3	2	1	0	1	0	0	1	0	0	0	1	1	0	0	0	1	0	0	1	0	0	1	1	0	0	0	1	1	0	0	1	0	0	1	1	1	1	0	0	1	1	1	1	0	0	0	0	0	0	1	0	1	0	0	1	0	0	0	1	0	1	0	0	1	0	1	0	1	0	1	1	0	0	1	0	0	1	0	0	1	0	0	1	0	1	0	0	1	1	0	0	0	0	1	0	1.38888888888889	1.19047619047619	2.11111111111111	1.49814553756518	0	0	0.222222222222222	0	0	0	0	0	0.402380319212515	0.940238031921251	1	0.179285904236246	0.257756774397346	0.752585591465782	1.37112161280133	0.0412357347557028	0.366666666666667	0.366666666666667	0.366666666666667	0.366666666666667	19.6363636363636	22.9090909090909	24.5454545454545	18.2043243389101	1.1712962962963	1.3968253968254	1.34444444444444	1.05837215601301	0	1
"60"	"203"	"{9785B1AF-E8C8-E811-914C-74867AD5B714}"	0	1	1	17	12	3	4	5	21	3	5.2	23	3	6.1	26	3	6.00974863439719	38.7713333328565	12	13	15	11	1	1	1	1	2	2	2	2	2	1	2	2	0	0	0	0	0	0	0	0	0	1	5	2	2	2	1	13000	4	5	5	2	2	2	5	2	2	2	2	2	4	5	3	1	2	2	3	1	1	0	0	0	1	0	1	0	1	0	1	0	0	0	1	0	0	1	0	0	1	0	0	1	0	0	1	0	0	1	0	0	0	0	1	1	1	1	0	0	0	0	1	1	1	1	0	0	1	0	1	0	0	1	0	0	1	0	0	1	0	0	1	0	1	0	1	0	1	1	0	0	1	0	0	1	0	0	1	0	0	1	0	1	0	1	0	1	0	0	0	0	0	1	2.4	2.5	2.45901639344262	1.8303594158732	0	0	0	0	0.4	0.384615384615385	0.327868852459016	0.332792621067855	0.144429823157021	0.240716371928368	0.385146195085389	1	0.0833333333333331	0.25	1.75	0.924790528664325	0.466666666666667	0.466666666666667	0.466666666666667	0.466666666666667	10.7142857142857	11.1428571428571	13.0714285714286	12.878032787994	1.96	2.06410256410256	1.98907103825137	3.01065651649858	0	1
"61"	"205"	"{97B6A3B9-E3E2-E811-8FB7-74867AD5B714}"	0	1	1	20	12	1	4	3.3	11	2	4.5	15	3	4.4	14	3	3.99237313908985	19.442733335495	7	11	9	8	1	3	1	2	0	1	1	2	0	2	2	1	1	0	0	0	1	1	1	0	1	1	2	1	1	2	2	9000	4	5	2	5	1	2	1	2	2	2	2	2	3	5	2	2	3	3	4	2	1	0	0	0	1	1	0	0	0	1	1	0	0	1	0	0	0	1	0	0	1	1	0	0	1	0	0	1	0	1	1	0	0	0	0	1	1	1	1	0	0	0	0	1	1	1	0	0	1	1	0	0	0	1	0	0	1	0	0	1	0	0	1	0	1	0	1	0	1	1	0	0	1	0	0	1	0	0	0	1	0	0	1	0	1	1	0	0	1	0	0	0	0	1	2.12121212121212	2.44444444444444	2.04545454545455	2.00382071547144	0.303030303030303	0.222222222222222	0	0.250477589433931	0	0.222222222222222	0.227272727272727	0.500955178867861	0.262175121279292	0.611741949651682	0.524350242558584	1	0.076923076923077	1	1.61538461538462	0.609517799299885	0.366666666666667	0.366666666666667	0.366666666666667	0.366666666666667	9	12.2727272727273	12	10.888290379336	1.22222222222222	1.22222222222222	1.16666666666667	1.78565529188989	0	1
"62"	"208"	"{99B31F4B-A8E9-E811-8FB7-74867AD5B714}"	0	1	1	12	15	1	4	4.3	14	3	4.2	17	3	4.4	18	3	4.00718270429793	21.2267833312353	8	10	10	10	3	4	4	3	0	0	0	0	2	0	2	2	1	0	0	0	0	0	0	0	1	1	6	3	1	1	1	10300	4	4	3	3	2	2	5	3	2	3	2	3	3	4	4	2	2	2	3	1	1	0	0	0	1	1	0	0	1	0	1	0	0	0	1	0	0	1	0	0	1	0	0	1	1	0	1	0	0	1	0	1	0	0	1	0	1	1	1	1	1	1	0	0	0	0	0	0	1	0	1	0	0	1	0	0	1	0	0	1	0	0	1	0	1	0	1	0	1	1	0	0	1	0	0	1	0	0	0	1	0	1	0	1	0	1	0	1	0	0	0	0	1	0	1.86046511627907	2.38095238095238	2.27272727272727	2.49551885649597	0	0	0	0	0	0	0	0	0.29334737060843	0.586694741216861	0.684477198086338	1	0.797085043743158	0.594170087486318	2.82623460631156	0.202914956256841	0.466666666666667	0.466666666666667	0.466666666666667	0.466666666666667	9.21428571428571	9	9.42857142857143	8.58682008063842	1.51937984496124	1.88888888888889	1.90909090909091	2.47201910973976	0	1
"63"	"213"	"{9DE61FDB-58D1-E811-8FB7-74867AD5B714}"	0	1	1	20	14	4	2	9	18	2	9.1	20	2	9.2	20	2	9.12147634141476	23.7089499990145	7	12	9	12	3	4	3	3	0	0	0	0	1	1	1	1	0	1	0	1	1	1	1	1	1	1	3	1	1	1	1	15400	4	5	2	2	2	3	5	2	3	5	2	2	2	2	3	2	1	1	3	1	1	0	1	0	0	0	0	1	1	0	1	0	0	1	0	0	1	0	0	1	0	0	1	0	1	0	1	0	0	1	0	0	0	0	1	1	1	1	1	1	1	1	0	0	0	0	0	0	1	1	0	0	0	1	0	0	1	0	0	1	0	0	1	0	1	0	1	0	1	0	1	0	1	0	0	0	1	0	1	0	0	0	1	0	1	0	1	0	1	0	0	0	0	1	0.777777777777778	1.31868131868132	0.978260869565218	1.3155765087627	0.111111111111111	0.10989010989011	0.108695652173913	0.109631375730225	0	0	0	0	0.344473214375956	0.574122023959926	0.574122023959926	1	0.333333333333333	0.666666666666667	4.00000000000001	0.738254471382538	0.466666666666667	0.466666666666667	0.466666666666667	0.466666666666667	19.2857142857143	19.5	19.7142857142857	19.5460207316031	0.933333333333333	1.02564102564103	1.01449275362319	1.2129809092385	0	1
"64"	"215"	"{9E88E04A-45E7-E811-8FB7-74867AD5B714}"	0	1	1	18	15	0	2	6.9	15	2	7	19	3	7.1	19	3	6.64791897101758	16.3150000015895	12	26	21	14	5	4	4	3	7	1	1	0	1	2	2	1	1	1	1	1	0	1	1	1	1	1	4	1	1	1	2	12300	4	5	4	2	2	2	5	2	2	4	2	2	2	5	1	1	1	1	1	1	3	0	1	0	0	1	0	0	0	1	1	0	0	1	0	0	0	1	0	0	1	0	1	0	1	0	1	0	1	0	0	0	0	0	1	1	1	1	0	0	0	1	1	1	1	0	0	0	1	0	1	0	0	0	1	0	0	1	0	1	0	0	1	0	1	0	1	0	1	0	1	0	0	1	0	0	1	0	0	1	0	0	1	0	1	0	1	1	0	0	0	0	0	1	1.73913043478261	3.71428571428571	2.95774647887324	2.10592217820866	0.144927536231884	0.142857142857143	0.140845070422535	0	1.01449275362319	0.142857142857143	0.140845070422535	0	0.428571428571429	1	1	0.616428571655643	0.637734336989203	0.818867168494601	2.63019548354859	0.181132831505399	0.366666666666667	0.366666666666667	0.366666666666667	0.366666666666667	18.8181818181818	19.0909090909091	19.3636363636364	18.1306881027752	0.797101449275362	0.995238095238095	0.981220657276995	0.899855532735804	0	1
"65"	"216"	"{9F160EA4-7A7F-E811-B124-74867AD5B714}"	0	1	1	5	10	0	3	6.6	20	2	7.9	19	2	7.4	22	2	5.03966567506179	18.5812333345413	10	10	17	13	1	1	3	1	1	1	0	0	2	0	2	2	0	0	0	0	1	2	0	0	2	1	3	1	1	1	1	12500	1	2	3	3	2	4	3	4	4	4	3	3	5	1	5	5	5	5	5	5	0	0	0	1	0	1	0	0	1	0	1	0	0	1	0	0	1	0	0	1	0	0	1	0	0	1	1	0	1	0	0	1	0	0	1	0	1	1	0	0	1	1	1	1	0	0	0	1	0	0	1	0	0	1	0	0	0	1	0	1	0	0	1	0	1	0	1	0	1	1	0	0	1	0	0	1	0	0	1	0	0	0	1	1	0	1	0	0	1	0	1	0	0	0	1.51515151515152	1.26582278481013	2.2972972972973	2.57953619112653	0.303030303030303	0	0	0.198425860855887	0.151515151515152	0.126582278481013	0	0	0.688413661963661	0.532620492945491	1	0.467379507054509	0.560860410579763	1	1.13511987366777	0.0337799684169412	0.466666666666667	0.466666666666667	0.466666666666667	0.466666666666667	14.1428571428571	16.9285714285714	15.8571428571429	10.7992835894181	1.41414141414141	1.12236286919831	1.38738738738739	1.72059870274621	0	1
"66"	"223"	"{A3037126-FDCB-E811-914C-74867AD5B714}"	0	1	1	9	10	1	2	6.6	20	3	8	22	2	8.4	24	3	6.88453578225444	20.3467333316803	11	16	14	10	1	3	1	0	0	0	0	1	2	0	0	1	0	0	0	0	0	1	0	2	1	2	2	1	1	2	1	13000	4	4	2	5	1	2	4	5	2	2	2	2	4	5	2	1	2	2	3	1	1	0	1	0	0	1	0	0	1	0	0	1	0	0	1	0	1	0	0	0	1	1	0	0	1	0	0	1	0	1	0	1	1	0	1	0	0	1	1	1	1	0	0	0	0	1	0	1	0	0	1	0	0	0	0	0	1	0	0	1	0	0	1	0	1	0	1	1	0	1	0	0	1	0	0	1	0	0	1	0	0	0	1	1	0	0	1	1	0	0	0	0	1	0	1.66666666666667	2	1.66666666666667	1.45253076115545	0.151515151515152	0	0.238095238095238	0	0	0	0	0.145253076115545	0.428571428571429	0.714285714285714	1	0.478104761668614	0.0526315789473682	0.789473684210526	1.47368421052632	0.202387253818127	0.466666666666667	0.466666666666667	0.466666666666667	0.466666666666667	14.1428571428571	17.1428571428571	18	14.7525766762595	1.41414141414141	1.28333333333333	1.33333333333333	1.37919861582032	0	1
"67"	"228"	"{A5FCB53E-EEDE-E811-8FB7-74867AD5B714}"	0	1	1	10	14	1	3	8.3	23	3	7.8	38	3	8.3	23	0	7.67473188046829	30.5377166668574	9	7	9	8	0	0	999	8	0	0	0	1	2	1	999	2	0	0	0	999	0	1	1	1	1	2	2	1	1	2	2	14200	4	4	1	1	2	1	4	1	1	4	1	1	3	4	1	1	1	1	1	1	1	0	0	1	0	1	0	0	0	1	0	1	0	0	1	0	0	1	0	1	0	1	0	0	1	0	1	0	0	1	0	0	0	0	1	1	1	1	1	1	0	0	0	0	1	1	0	0	1	0	1	0	1	0	0	0	0	1	0	1	0	1	0	1	0	0	1	0	1	1	0	0	1	0	0	0	0	1	1	0	0	0	1	0	1	0	1	1	0	0	0	0	1	0	1.08433734939759	0.897435897435897	1.08433734939759	1.04238169158189	0.120481927710843	0.128205128205128	0.120481927710843	0	0	0	0	0.130297711447736	0.166666666666667	1	0.166666666666667	0.5854287037143	1	0.310599781605126	2.24092039311077	0.137880043678974	0.366666666666667	0.366666666666667	0.366666666666667	0.366666666666667	22.6363636363636	21.2727272727273	22.6363636363636	20.9310869467317	1.01606425702811	1.78632478632479	1.01606425702811	1.45896468466133	0	1
"68"	"231"	"{A7A63304-3DD2-E811-8FB7-74867AD5B714}"	0	1	1	20	12	2	3	5.8	16	3	5.7	16	3	6.4	17	3	5.3670167120749	17.2035666664441	10	10	6	11	2	1	1	1	0	0	0	0	2	2	1	2	0	0	0	1	1	1	1	0	1	1	2	1	1	2	1	10000	4	5	4	1	2	1	4	1	1	1	1	1	2	5	2	1	2	1	1	1	1	0	0	1	0	0	1	0	1	0	1	0	0	0	1	0	0	1	0	0	1	1	0	0	1	0	1	0	0	1	0	0	0	0	1	1	1	1	1	1	1	1	0	0	0	0	0	0	1	0	1	0	0	1	0	1	0	0	0	1	0	0	1	0	1	0	1	0	1	1	0	0	1	0	0	0	1	0	1	0	0	0	1	0	1	1	0	0	1	0	0	0	0	1	1.72413793103448	1.75438596491228	0.9375	2.04955575697236	0.172413793103448	0.175438596491228	0	0.186323250633851	0	0	0	0	0.71367965303088	0.71367965303088	0.95157287070784	1	0.47042466875322	0.382162113545424	1.79436299687017	0.0882625552077962	0.466666666666667	0.466666666666667	0.466666666666667	0.466666666666667	12.4285714285714	12.2142857142857	13.7142857142857	11.5007500973034	1.28735632183908	1.30994152046784	1.23958333333333	1.49586474976775	0	1
"69"	"232"	"{A83D77D6-44DC-E811-8FB7-74867AD5B714}"	0	1	1	25	12	1	3	2.4	6	2	2.4	6	0	2.4	6	0	2.55816780271752	7.74599999984105	7	7	7	7	1	999	999	1	0	0	0	0	2	999	999	2	0	0	999	999	0	0	1	1	1	1	1	1	1	1	2	6800	1	5	3	2	2	2	5	2	2	3	2	2	3	3	1	1	1	1	1	1	1	0	0	1	0	1	0	0	0	1	1	0	0	1	0	0	1	0	0	1	0	1	0	0	1	0	1	0	0	1	0	0	0	0	1	1	1	1	1	0	0	1	0	1	1	0	0	0	1	1	0	0	0	0	1	0	0	1	1	0	0	0	1	0	1	0	1	0	1	1	0	0	0	0	1	0	0	1	1	0	0	1	0	0	1	0	1	1	0	0	0	0	0	1	2.91666666666667	2.91666666666667	2.91666666666667	2.73633339946033	0	0.416666666666667	0.416666666666667	0	0	0	0	0	0.632111251601448	0.632111251601448	0.632111251601448	1	0.387344970780176	0.387344970780176	3.87344970780175	1	0.366666666666667	0.366666666666667	0.366666666666667	0.366666666666667	6.54545454545455	6.54545454545455	6.54545454545455	6.97682128013869	0.916666666666667	0.916666666666667	0.916666666666667	1.11024773156968	0	1
"70"	"236"	"{AA6A7427-7FDC-E811-8FB7-74867AD5B714}"	0	1	1	20	13	1	3	7	22	3	7.2	24	3	7.6	24	3	5.11087051002903	19.6557166655858	13	15	13	13	3	5	3	3	3	4	3	0	2	2	2	1	0	0	0	1	0	0	1	1	1	2	3	2	1	2	1	12200	3	5	4	2	2	4	4	4	4	4	4	4	2	1	4	3	3	2	3	5	1	0	0	1	0	1	0	0	1	0	0	1	0	0	1	0	0	1	0	0	1	0	1	0	1	0	1	0	0	1	0	0	0	0	1	1	1	1	0	0	0	1	1	1	1	0	0	0	1	0	1	0	0	1	0	0	1	0	0	1	0	0	1	0	1	0	1	0	1	1	0	0	1	0	0	0	1	0	1	0	0	1	0	0	1	0	1	1	0	0	0	0	0	1	1.85714285714286	2.08333333333333	1.71052631578947	2.54359799851907	0	0.138888888888889	0.131578947368421	0	0.428571428571429	0.555555555555556	0.394736842105263	0	0.72767935155384	1	1	0.40848097266924	0.76826188017088	0.84550792011392	1.34760717974368	0.0386230199715198	0.466666666666667	0.466666666666667	0.466666666666667	0.466666666666667	15	15.4285714285714	16.2857142857143	10.9518653786336	1.46666666666667	1.55555555555556	1.47368421052632	1.7947368768733	0	1
"71"	"237"	"{AB4A427D-EBC8-E811-914C-74867AD5B714}"	0	1	1	3	15	1	1	5.9	17	2	5.3	18	3	6.2	19	2	5.08489743239253	21.2827333331108	16	15	13	14	2	0	0	0	0	0	0	0	0	0	0	0	0	0	0	0	0	0	0	0	1	1	1	1	1	2	2	10400	2	2	4	2	2	2	5	2	2	4	2	2	2	4	1	1	3	3	1	1	4	1	0	0	0	1	0	0	0	1	1	0	0	1	0	0	0	1	0	1	0	1	0	0	1	0	1	0	1	0	1	1	1	1	0	0	0	0	1	1	1	1	0	0	0	0	0	0	1	0	0	0	0	1	0	0	1	0	0	1	0	0	1	1	0	1	0	1	0	1	0	0	1	0	0	1	0	0	1	0	0	1	0	1	0	1	0	1	0	0	1	0	0	0	2.71186440677966	2.83018867924528	2.09677419354839	2.75325120833613	0	0	0	0	0	0	0	0	0.411933248518185	0.54924433135758	0.686555414196975	1	0.753107261890905	0.259321785672715	1.74067821432729	0.082297579369698	0.366666666666667	0.366666666666667	0.366666666666667	0.366666666666667	16.0909090909091	14.4545454545455	16.9090909090909	13.8679020883433	1.05649717514124	1.24528301886792	1.12365591397849	1.53467577125455	0	1
"72"	"244"	"{AE8170B6-E6C7-E811-914C-74867AD5B714}"	0	1	1	5	12	2	2	4.5	22	3	6.1	30	3	5.7	31	3	5.31076097059055	25.3168333331744	13	14	18	14	2	2	3	1	0	0	0	0	1	2	2	1	0	0	0	0	0	1	0	1	1	1	1	1	1	1	1	11700	4	2	5	2	2	2	5	2	2	2	2	2	4	5	1	1	1	1	1	1	1	0	1	0	0	0	1	0	1	0	1	0	0	0	1	0	0	1	0	0	1	1	0	0	1	0	1	0	0	1	0	0	0	0	1	1	1	1	1	1	1	1	0	0	0	0	0	0	1	0	1	0	0	1	0	0	0	1	0	1	0	0	1	0	1	0	1	0	1	1	0	0	1	0	0	1	0	0	1	0	0	0	1	1	0	0	1	1	0	0	1	0	0	0	2.88888888888889	2.29508196721312	3.15789473684211	2.63615705499229	0.222222222222222	0	0.175438596491228	0	0	0	0	0	0.25	0.916666666666667	1	0.526402777764533	0.0588235294117645	1	1.29411764705882	0.535741747406206	0.466666666666667	0.466666666666667	0.466666666666667	0.466666666666667	9.64285714285714	13.0714285714286	12.2142857142857	11.3802020798369	2.28148148148148	2.29508196721311	2.53801169590643	2.22463829337706	0	1
"73"	"246"	"{B0201823-7FC1-E811-914C-74867AD5B714}"	0	1	1	23	12	1	4	9.8	24	0	10.8	28	0	11.4	42	0	11.9266631685472	44.5809999982516	16	6	16	22	3	4	3	7	0	0	0	0	2	2	1	2	0	0	2	2	2	3	0	0	2	1	6	1	2	1	2	20800	4	5	5	4	2	4	5	4	4	4	2	2	2	2	5	3	3	3	3	1	4	0	0	0	1	1	0	0	0	1	1	0	0	1	0	0	1	0	0	1	0	0	0	1	0	1	1	0	1	0	0	0	0	0	1	1	1	1	1	1	1	1	0	0	0	0	0	0	1	0	0	0	1	0	0	0	0	0	0	0	1	0	1	0	1	0	1	0	1	1	0	0	0	0	1	0	0	1	1	0	0	0	1	1	0	1	0	0	1	0	0	0	0	1	1.63265306122449	0.555555555555555	1.40350877192982	1.84460646612525	0.306122448979592	0	0	0.167691496920477	0	0	0	0	0.127221067818262	0.296849158242611	0.890547474727833	1	0.0449102501952486	0.494012752147736	1.16766650507647	1	0.366666666666667	0.366666666666667	0.366666666666667	0.366666666666667	26.7272727272727	29.4545454545455	31.0909090909091	32.5272631869469	0.897959183673469	0.950617283950617	1.35087719298246	1.37057334771841	0	1
"74"	"249"	"{B286DAF7-02D6-E811-8FB7-74867AD5B714}"	0	1	1	2	14	3	2	4.8	13	2	5.7	15	2	7	17	3	4.47642988618897	14.433383333683	11	13	17	10	1	1	1	0	0	0	0	0	2	2	2	1	0	0	0	0	0	0	1	0	1	1	4	1	1	1	1	8700	4	1	4	2	1	2	5	2	2	4	2	2	2	5	1	1	1	1	1	1	3	0	1	0	0	0	1	0	1	0	1	0	0	1	0	0	1	0	0	0	1	0	1	0	1	0	0	1	1	0	0	0	0	0	1	1	1	1	1	1	1	1	0	0	0	0	0	0	1	0	1	0	0	1	0	0	0	1	0	1	0	0	1	0	1	0	1	1	0	1	0	0	1	0	0	1	0	0	1	0	0	1	0	0	1	1	0	1	0	1	0	0	0	0	2.29166666666667	2.28070175438596	2.42857142857143	2.23392307134147	0	0.175438596491228	0	0	0	0	0	0	0.428571428571429	0.714285714285714	1	0.633340476240429	0.161447987069706	0.504491992359372	1.34304400528967	0.0381160005877405	0.466666666666667	0.466666666666667	0.466666666666667	0.466666666666667	10.2857142857143	12.2142857142857	15	9.59234975611922	1.26388888888889	1.2280701754386	1.13333333333333	1.50467650790939	0	1
"75"	"250"	"{B2AEB536-36C0-E811-914C-74867AD5B714}"	0	1	1	45	17	1	3	4.3	14	3	5.6	15	2	4.5	16	3	3.49942863757503	8.85538333257039	10	16	14	13	2	4	4	5	0	0	0	0	1	2	2	2	0	0	0	0	1	0	1	0	2	1	1	1	1	2	1	9500	4	5	2	2	1	5	1	2	5	5	2	3	2	3	4	2	2	2	5	2	1	0	0	1	0	1	0	0	1	0	1	0	0	0	1	0	1	0	0	0	1	1	0	0	0	1	0	1	0	1	0	0	0	0	1	1	1	1	1	1	1	1	0	0	0	0	0	0	1	0	1	0	0	0	0	0	1	0	0	1	0	0	1	0	1	0	1	0	1	1	0	0	1	0	0	1	0	0	1	0	0	1	0	0	1	1	0	0	1	0	0	0	0	1	2.32558139534884	2.85714285714286	3.11111111111111	3.71489215708325	0	0.178571428571429	0	0.28576093516025	0	0	0	0	0.802851101666442	0.901425550833221	1	0.295723347500337	0.409244334358948	1	0.9091145129783	0.0454427435108502	0.466666666666667	0.466666666666667	0.466666666666667	0.466666666666667	9.21428571428571	12	9.64285714285714	7.49877565194649	1.51937984496124	1.25	1.65925925925926	1.18091055708164	0	1
"76"	"257"	"{B759BE4B-F8EB-E811-8FB7-74867AD5B714}"	0	1	1	18	12	1	3	5.6	15	2	6.1	19	3	6	20	3	5.88810177281286	13.9858333349228	13	17	14	10	1	3	2	2	0	0	0	0	2	2	0	0	0	0	0	0	0	0	0	0	2	2	4	1	1	1	2	10400	4	5	2	1	1	1	2	1	1	2	1	1	1	3	1	1	1	1	1	1	3	0	0	1	0	1	0	0	0	1	0	1	0	1	0	0	0	1	0	0	1	0	1	0	0	1	0	1	1	0	0	0	1	1	1	1	0	0	1	1	1	1	0	0	0	0	0	0	1	0	1	0	0	0	1	0	1	0	0	1	0	0	1	0	1	0	1	0	1	1	0	0	1	0	0	1	0	0	1	0	0	1	0	1	0	1	0	1	0	0	0	0	0	1	2.32142857142857	2.78688524590164	2.33333333333333	1.69834020977236	0	0	0	0	0	0	0	0	0.445317555601555	0.889063511120311	1	0.332809466639067	0.166666666666666	1	2.33333333333334	0.646836288021433	0.366666666666667	0.366666666666667	0.366666666666667	0.366666666666667	15.2727272727273	16.6363636363636	16.3636363636364	16.0584593803987	0.982142857142857	1.14207650273224	1.22222222222222	0.870932447728715	1	0
"77"	"258"	"{B780DF7F-0DD7-E811-8FB7-74867AD5B714}"	0	1	1	10	12	4	3	5.3	20	3	5.2	19	3	6.1	23	3	6.08561309108838	40.9663833340009	13	12	13	13	2	1	2	2	0	0	0	0	2	2	2	2	0	1	0	0	0	1	0	0	1	2	6	1	2	2	2	14700	3	4	2	2	2	1	4	2	1	2	1	1	2	1	1	3	1	1	1	1	1	0	0	1	0	0	0	1	0	1	0	1	0	0	1	0	0	1	0	0	1	0	0	1	1	0	1	0	0	1	0	0	0	0	1	1	1	1	1	1	1	1	0	0	0	0	0	0	1	0	1	0	0	1	0	0	1	0	0	1	0	0	1	0	1	0	1	0	1	0	1	0	1	0	0	1	0	0	1	0	0	0	1	1	0	1	0	1	0	0	0	0	1	0	2.45283018867925	2.30769230769231	2.13114754098361	2.13618575571899	0.188679245283019	0	0	0	0	0	0	0	0.16021543635247	0.120161577264353	0.280377013616823	1	0.199999999999999	0.0999999999999997	1.9	0.98561309108838	0.366666666666667	0.366666666666667	0.366666666666667	0.366666666666667	14.4545454545455	14.1818181818182	16.6363636363636	16.5971266120592	1.38364779874214	1.33974358974359	1.38251366120219	2.46828166655277	0	1
"78"	"261"	"{BB9B2829-A0E9-E811-8FB7-74867AD5B714}"	0	1	1	15	14	1	3	5.3	15	2	6.2	15	2	5.6	17	3	5.41640033387919	15.598766664664	15	12	17	17	2	4	4	2	0	0	2	0	1	1	2	1	0	0	0	0	0	0	0	1	1	1	4	1	1	1	2	10500	1	5	5	2	2	2	5	2	2	4	2	2	4	4	1	1	1	1	1	1	1	0	0	1	0	1	0	0	0	1	1	0	0	1	0	0	1	0	0	0	1	0	1	0	1	0	1	0	0	1	0	0	0	0	1	1	1	1	1	1	0	1	0	0	1	0	0	0	1	0	1	0	0	1	0	0	0	1	0	0	1	0	1	0	1	0	1	0	1	1	0	0	1	0	0	1	0	0	1	0	0	1	0	1	0	0	1	1	0	0	0	0	0	1	2.83018867924528	1.93548387096774	3.03571428571429	3.13861586147284	0	0	0.178571428571429	0	0	0	0.357142857142857	0	0.6	0.6	1	0.7197533329328	0.0999999999999996	1	1.3	0.21640033387919	0.366666666666667	0.366666666666667	0.366666666666667	0.366666666666667	14.4545454545455	16.9090909090909	15.2727272727273	14.7720009105796	1.0377358490566	0.887096774193548	1.11309523809524	1.05596843373414	0	1
"79"	"262"	"{BD29DDF5-27DA-E811-8FB7-74867AD5B714}"	0	1	1	20	15	2	3	2.8	8	3	3	7	2	3.7	10	3	3.01967999181809	8.68023333549499	5	3	8	6	0	0	2	0	0	0	0	0	2	0	1	2	0	0	0	0	0	0	0	0	1	1	4	1	1	2	1	7000	4	5	4	2	2	2	5	2	2	4	2	2	2	2	1	1	1	1	1	1	5	0	0	1	0	0	1	0	1	0	1	0	0	0	1	0	1	0	0	0	1	0	1	0	1	0	1	0	1	0	0	1	0	0	1	0	1	1	1	1	1	1	0	0	0	0	0	0	1	1	0	0	1	0	0	0	1	0	1	0	0	1	0	1	0	0	1	1	0	1	0	0	1	0	0	1	0	0	1	0	0	1	0	1	0	1	0	1	0	0	0	0	0	1	1.78571428571429	1	2.16216216216216	1.98696551166255	0	0	0	0	0	0	0	0	0.666666666666667	0.5	1	0.780038889249165	0.1	0.3	1.9	0.31967999181809	0.466666666666667	0.466666666666667	0.466666666666667	0.466666666666667	6	6.42857142857143	7.92857142857143	6.47074283961019	1.33333333333333	1.08888888888889	1.26126126126126	1.3414585543965	0	1
"80"	"264"	"{BE04651F-E1D7-E811-8FB7-74867AD5B714}"	0	1	1	19	12	1	3	7.9	23	2	5.8	30	3	6.8	30	3	6.21782447821802	32.8849999984105	15	19	13	12	2	2	1	1	1	1	0	3	2	2	2	1	0	0	0	0	1	0	1	1	1	2	2	1	1	2	2	12500	4	5	5	2	2	2	3	2	2	2	2	2	2	4	3	2	2	3	4	2	1	0	0	1	0	1	0	0	0	1	0	1	0	1	0	0	0	1	0	0	1	1	0	0	1	0	1	0	0	1	0	0	0	0	1	1	1	1	0	0	1	0	1	1	0	1	0	0	1	0	1	0	0	0	1	0	1	0	0	1	0	0	1	0	1	0	1	0	1	1	0	0	1	0	0	1	0	0	1	0	0	1	0	0	1	0	1	0	1	0	0	0	0	1	1.89873417721519	3.27586206896552	1.91176470588235	1.92993546891486	0	0.172413793103448	0.147058823529412	0.160827955742905	0.126582278481013	0.172413793103448	0	0.482483867228715	0.232828870808699	0.776096236028995	0.776096236028995	1	1	0.0454545454545453	0.909090909090909	0.235374762826373	0.366666666666667	0.366666666666667	0.366666666666667	0.366666666666667	21.5454545454545	15.8181818181818	18.5454545454545	16.9577031224128	1.06751054852321	1.89655172413793	1.61764705882353	1.93923668559493	0	1
"81"	"267"	"{C2E8DA1B-A0D3-E811-8FB7-74867AD5B714}"	0	1	1	8	12	2	3	4.4	12	2	3.9	13	3	4.4	14	2	3.9205273310027	12.8683333317439	3	9	9	9	0	0	0	0	4	1	1	1	0	0	2	0	0	0	0	0	0	0	0	0	1	1	3	1	1	1	2	8300	2	3	4	2	2	2	5	2	2	4	2	2	2	3	1	1	1	1	1	1	1	0	0	1	0	0	1	0	0	1	1	0	0	1	0	0	0	1	0	1	0	0	1	0	1	0	1	0	0	1	1	1	0	1	0	0	1	0	0	0	0	0	1	1	1	1	0	0	1	1	0	0	0	1	0	0	1	0	0	1	0	1	0	1	0	1	0	1	0	1	0	0	1	0	0	1	0	0	1	0	0	1	0	1	0	1	0	1	0	0	0	1	0	0	0.681818181818182	2.30769230769231	2.04545454545455	2.29560955456933	0	0	0	0	0.909090909090909	0.256410256410256	0.227272727272727	0.255067728285481	0.6	0.8	1	0.77366666634878	1	0.166666666666667	2.5	0.2008788850045	0.366666666666667	0.366666666666667	0.366666666666667	0.366666666666667	12	10.6363636363636	12	10.692347266371	1	1.22222222222222	1.16666666666667	1.20350873490769	0	1
"82"	"268"	"{C2F6EF0D-5B7A-E811-B124-74867AD5B714}"	0	1	1	10	14	1	4	8.3	19	2	7.5	21	3	6.3	27	3	5.66825396255132	40.7876666665077	23	23	28	19	2	3	3	2	4	1	2	5	2	2	2	2	1	0	0	0	0	0	0	0	1	1	6	1	1	2	2	12800	4	4	1	1	2	3	3	1	3	3	3	3	3	2	3	3	5	5	3	3	0	0	0	0	1	1	0	0	0	1	1	0	0	1	0	0	0	1	0	0	1	0	0	1	1	0	1	0	1	0	0	0	0	0	1	1	1	1	0	0	0	0	1	1	1	1	0	0	1	0	0	1	0	0	1	0	0	1	0	0	1	0	1	0	1	0	1	0	1	1	0	0	1	0	0	1	0	0	0	1	0	1	0	1	0	1	0	1	0	0	0	0	1	0	2.7710843373494	3.06666666666667	4.44444444444444	3.35200224364117	0	0	0	0	0.481927710843373	0.133333333333333	0.317460317460317	0.882105853589783	0.121027930557639	0.201713217596065	0.443769078711344	1	1	0.707147008165092	0.597327136227002	0.0366066239793633	0.366666666666667	0.366666666666667	0.366666666666667	0.366666666666667	22.6363636363636	20.4545454545455	17.1818181818182	15.4588744433218	0.839357429718875	1.02666666666667	1.57142857142857	2.63846289819165	0	1
"83"	"269"	"{C301E37A-15CC-E811-914C-74867AD5B714}"	0	1	1	3	16	1	3	8.8	33	3	9	37	3	9.3	36	3	7.38606559844173	42.3804499983788	22	19	17	19	6	5	3	4	1	0	2	0	1	1	1	1	0	1	1	0	0	1	0	0	2	2	3	1	2	2	2	16400	2	2	1	1	1	1	4	2	2	1	2	1	2	5	1	1	2	1	2	2	6	0	0	1	0	1	0	0	0	1	0	1	0	0	1	0	0	1	0	0	1	0	1	0	0	1	0	1	1	0	0	0	0	0	1	1	1	1	0	1	0	1	1	0	1	0	0	0	1	0	0	1	0	0	1	0	0	1	0	0	1	0	1	0	1	0	1	0	1	0	1	0	0	1	0	1	0	0	1	0	0	0	1	1	0	1	0	1	0	0	1	0	0	0	2.5	2.11111111111111	1.82795698924731	2.57241148846668	0.113636363636364	0	0	0	0.113636363636364	0	0.21505376344086	0	0.242317524838988	0.565407557957638	0.484635049677975	1	0.751729748688374	0.851037849213024	1.44688645236093	0.0496540502623249	0.366666666666667	0.366666666666667	0.366666666666667	0.366666666666667	24	24.5454545454545	25.3636363636364	20.1438152684774	1.375	1.50740740740741	1.41935483870968	2.10389389663928	0	1
"84"	"278"	"{CD42E40B-0BCC-E811-914C-74867AD5B714}"	0	1	1	20	12	1	2	3.4	16	3	3.6	16	3	3.4	16	0	2.71702148821917	19.8486166675886	11	14	11	8	2	2	999	1	0	0	0	0	2	1	999	1	0	0	0	999	0	0	0	1	1	2	2	1	1	2	1	7500	4	5	2	1	2	2	2	1	2	2	1	1	2	5	1	1	3	1	2	3	1	0	1	0	0	1	0	0	1	0	0	1	0	0	1	0	0	1	0	1	0	1	0	0	1	0	1	0	0	1	0	0	0	0	1	1	1	1	1	1	0	1	0	0	1	0	0	0	1	0	1	0	0	1	0	0	0	1	0	1	0	0	1	0	1	0	1	0	1	1	0	0	1	0	0	0	0	1	1	0	0	1	0	1	0	0	1	1	0	0	0	0	0	1	3.23529411764706	3.88888888888889	3.23529411764706	2.94440071036887	0	0	0.294117647058824	0	0	0	0	0	0.438044665895471	0.438044665895471	0.438044665895471	1	0.796536752733621	1	1.71212136543233	0.101731623633189	0.466666666666667	0.466666666666667	0.466666666666667	0.466666666666667	7.28571428571429	7.71428571428571	7.28571428571429	5.82218890332679	2.19607843137255	2.07407407407407	2.19607843137255	3.40913305926009	0	1
"85"	"281"	"{CF50D986-0AE2-E811-8FB7-74867AD5B714}"	0	1	1	3	12	2	1	5.3	15	3	5.4	15	3	5.3	15	0	4.77208945504161	25.6709499994914	12	12	12	11	2	2	999	2	0	0	0	0	0	0	999	0	0	0	0	999	0	0	0	1	1	1	2	1	1	2	1	11600	4	2	2	2	2	2	4	2	2	5	5	2	4	3	1	1	2	1	4	1	1	1	0	0	0	0	1	0	1	0	1	0	0	0	1	0	0	1	0	1	0	1	0	0	1	0	1	0	0	1	1	1	0	1	0	0	1	0	1	1	0	1	0	0	1	0	0	0	1	0	1	0	0	1	0	0	0	1	0	1	0	0	1	0	1	0	1	0	1	1	0	0	1	0	0	0	0	1	1	0	0	1	0	1	0	0	1	1	0	0	1	0	0	0	2.26415094339623	2.22222222222222	2.26415094339623	2.30506994967974	0	0	0.188679245283019	0	0	0	0	0	0.219443418351439	0.219443418351439	0.219443418351439	1	0.862620481743788	1	2.09903614604969	0.137379518256211	0.466666666666667	0.466666666666667	0.466666666666667	0.466666666666667	11.3571428571429	11.5714285714286	11.3571428571429	10.2259059750892	1.32075471698113	1.2962962962963	1.32075471698113	2.51038392706007	0	1
"86"	"284"	"{D69D89B8-F2DE-E811-8FB7-74867AD5B714}"	0	1	1	3	12	1	1	4.6	19	3	5.7	23	3	6	24	3	3.86194467872151	23.1580000003179	10	10	12	8	0	0	1	0	0	0	0	0	1	2	1	1	0	0	0	0	0	0	0	0	1	2	2	1	1	2	2	10000	4	2	2	4	1	2	4	4	2	5	2	2	4	2	1	1	2	1	1	1	1	1	0	0	0	1	0	0	0	1	0	1	0	0	1	0	0	1	0	0	1	1	0	0	1	0	0	1	0	1	0	0	0	0	1	1	1	1	1	1	1	1	0	0	0	0	0	0	1	0	1	0	0	1	0	0	1	0	0	1	0	1	0	1	0	0	1	1	0	1	0	0	1	0	0	1	0	0	1	0	0	1	0	1	0	1	0	1	0	0	1	0	0	0	2.17391304347826	1.75438596491228	2	2.07149523505044	0	0	0	0	0	0	0	0	0.375	0.875	1	0.894750000039738	0.374456928437207	0.865955056093687	1.40213483171894	0.044681647968771	0.366666666666667	0.366666666666667	0.366666666666667	0.366666666666667	12.5454545454545	15.5454545454545	16.3636363636364	10.5325763965132	1.51449275362319	1.47953216374269	1.46666666666667	2.19870230497301	0	1
"87"	"285"	"{D6EAAAB4-15CC-E811-914C-74867AD5B714}"	0	1	1	8	14	1	2	5.5	19	3	4.3	20	3	5.8	31	3	5.04052394632007	30.0437833309174	16	19	22	15	2	2	3	2	2	4	2	3	2	1	2	1	0	0	0	0	0	0	0	0	1	2	2	1	1	2	2	10200	2	3	2	1	2	1	4	1	2	2	1	1	4	5	1	1	1	1	1	1	1	0	1	0	0	1	0	0	0	1	0	1	0	0	1	0	0	1	0	0	1	1	0	0	1	0	1	0	0	1	0	0	0	0	1	1	1	1	0	0	0	0	1	1	1	1	0	0	1	0	0	0	0	0	1	0	0	1	0	1	0	0	1	0	1	0	1	0	1	1	0	0	1	0	0	1	0	0	1	0	0	1	0	1	0	1	0	1	0	0	0	1	0	0	2.90909090909091	4.41860465116279	3.79310344827586	2.97588111072283	0	0	0	0	0.363636363636364	0.930232558139535	0.344827586206897	0.595176222144566	0.2	0.266666666666667	1	0.93625222206116	0.8125	0.0624999999999998	1.5625	0.525327466450044	0.366666666666667	0.366666666666667	0.366666666666667	0.366666666666667	15	11.7272727272727	15.8181818181818	13.7468834899638	1.26666666666667	1.70542635658915	1.95977011494253	2.18549777866754	0	1
"88"	"291"	"{D9F97132-22DE-E811-8FB7-74867AD5B714}"	0	1	1	6	12	1	3	4.2	16	3	6	18	2	5.1	20	3	4.93732047897073	16.8468333323797	10	11	12	7	1	1	0	1	0	0	0	0	1	1	2	1	0	0	0	0	0	0	0	0	1	1	3	1	2	2	1	10000	4	3	4	2	2	4	5	2	2	4	2	2	4	5	1	1	1	1	1	1	1	0	0	1	0	1	0	0	1	0	1	0	0	0	1	0	1	0	0	0	1	0	1	0	1	0	1	0	0	1	0	0	0	0	1	1	1	1	1	1	1	1	0	0	0	0	0	0	1	0	1	0	0	1	0	0	1	0	1	0	0	0	1	0	1	1	0	0	1	1	0	0	1	0	0	1	0	0	1	0	0	1	0	1	0	1	0	1	0	0	0	1	0	0	2.38095238095238	1.83333333333333	2.35294117647059	1.41777306735804	0	0	0	0	0	0	0	0	0.428571428571429	0.714285714285714	1	0.549547618911386	0.0526315789473683	1	1	0.440694988931963	0.466666666666667	0.466666666666667	0.466666666666667	0.466666666666667	9	12.8571428571429	10.9285714285714	10.5799724549373	1.77777777777778	1.4	1.83006535947712	1.59233243792784	0	1
"89"	"295"	"{DDF987D7-46E4-E811-8FB7-74867AD5B714}"	0	1	1	25	12	0	4	5.1	15	3	4.5	19	3	4.7	19	3	4.87373613376537	20.0161666631699	12	18	15	12	3	2	2	3	0	0	0	0	2	2	1	2	0	0	0	0	0	0	0	0	1	1	6	1	2	2	1	11000	1	5	5	2	2	2	5	2	2	4	2	2	4	5	1	1	1	1	1	1	1	0	0	0	1	1	0	0	1	0	1	0	0	0	1	0	0	1	0	0	1	0	0	1	1	0	1	0	0	1	0	0	0	0	1	1	1	1	1	1	1	1	0	0	0	0	0	0	1	0	1	0	0	0	1	0	1	0	0	1	0	0	1	0	1	0	1	0	1	1	0	0	1	0	0	1	0	0	1	0	0	1	0	1	0	1	0	1	0	0	0	0	0	1	2.35294117647059	4	3.19148936170213	2.46217679222798	0	0	0	0	0	0	0	0	0.374243715987522	0.873235337304218	0.873235337304218	1	1	0.142857142857142	1.71428571428572	0.676765905379101	0.466666666666667	0.466666666666667	0.466666666666667	0.466666666666667	10.9285714285714	9.64285714285714	10.0714285714286	10.4437202866401	1.37254901960784	1.97037037037037	1.88652482269504	1.91657437328872	0	1
"90"	"298"	"{E169F7E6-AAE3-E811-8FB7-74867AD5B714}"	0	1	1	32	12	1	3	4.5	17	3	4.7	17	3	3.7	21	3	3.50111781858289	19.7058333317439	10	9	9	8	1	0	0	0	1	1	1	4	1	2	2	1	0	0	0	0	0	0	0	0	1	1	2	1	1	2	2	8000	4	5	2	2	2	1	4	1	1	2	1	1	1	3	1	1	1	1	1	1	1	0	0	1	0	1	0	0	0	1	1	0	0	0	1	0	0	1	0	0	1	1	0	0	1	0	1	0	0	1	0	0	0	0	1	1	1	1	0	0	0	0	1	1	1	1	0	0	1	0	1	0	0	1	0	0	1	0	0	1	0	0	1	1	0	1	0	1	0	1	0	0	1	0	0	1	0	0	1	0	0	1	0	1	0	1	0	1	0	0	0	0	0	1	2.22222222222222	1.91489361702128	2.43243243243243	2.28498451481364	0	0	0	0	0.222222222222222	0.212765957446809	0.27027027027027	1.14249225740682	0.428571428571429	0.428571428571429	1	0.815119047391986	0.846021446085437	1	0.923010723042718	0.0769892769572817	0.366666666666667	0.366666666666667	0.366666666666667	0.366666666666667	12.2727272727273	12.8181818181818	10.0909090909091	9.5485031415897	1.38518518518519	1.32624113475177	2.08108108108108	2.06376151733277	1	0
"91"	"302"	"{E67B3B86-A1E3-E811-8FB7-74867AD5B714}"	0	1	1	3	15	1	4	7.9	18	2	7.8	20	3	8.5	29	3	9.08545834301329	19.9940500020981	15	11	12	15	5	2	2	5	0	0	1	0	0	0	0	0	0	0	0	0	1	1	0	1	1	1	2	1	1	2	1	13800	1	2	2	2	2	1	4	2	1	2	1	1	4	4	1	1	2	2	1	1	1	0	0	0	1	1	0	0	1	0	1	0	0	1	0	0	0	1	0	0	1	1	0	0	1	0	1	0	0	1	1	1	1	1	0	0	0	0	1	1	0	1	0	0	1	0	0	0	1	0	1	0	0	1	0	0	1	0	0	1	0	0	1	0	1	0	1	0	1	1	0	0	1	0	0	1	0	0	1	0	0	0	1	1	0	0	1	0	1	0	1	0	0	0	1.89873417721519	1.41025641025641	1.41176470588235	1.65098990427214	0.126582278481013	0	0.117647058823529	0.110065993618142	0	0	0.117647058823529	0	0.214285714285714	0.357142857142857	1	0.356717857292721	0.144356559696347	0.0721782798481733	1.22703075741895	1	0.466666666666667	0.466666666666667	0.466666666666667	0.466666666666667	16.9285714285714	16.7142857142857	18.2142857142857	19.468839306457	1.06329113924051	1.1965811965812	1.5921568627451	1.02697699063482	0	1
"92"	"307"	"{EB47DF38-AECC-E811-914C-74867AD5B714}"	0	1	1	15	12	4	3	5.1	12	2	4.9	13	2	4.6	14	2	4.7309125729437	11.8762666662534	7	16	17	15	4	3	2	2	1	1	1	1	1	1	1	1	0	0	0	0	2	1	1	1	1	1	1	1	1	2	1	9500	2	5	2	5	1	3	3	3	3	2	2	2	3	5	4	3	4	3	3	2	1	0	0	1	0	0	0	1	1	0	1	0	0	1	0	0	1	0	0	1	0	1	0	0	1	0	0	1	0	1	0	0	0	0	1	1	1	1	0	0	0	0	1	1	1	1	0	0	1	1	0	0	0	0	0	0	0	1	0	1	0	0	1	0	1	0	1	0	1	1	0	0	1	0	0	1	0	0	1	0	0	0	1	0	1	0	1	0	1	0	0	0	0	1	1.37254901960784	3.26530612244898	3.69565217391304	3.17063563714656	0.196078431372549	0.204081632653061	0.217391304347826	0.422751418286207	0.196078431372549	0.204081632653061	0.217391304347826	0.211375709143104	0.609659623222907	0.804829811611453	1	0.58551056516564	1	0.666666666666668	1.66666666666667	0.3848542882395	0.466666666666667	0.466666666666667	0.466666666666667	0.466666666666667	10.9285714285714	10.5	9.85714285714286	10.1376697991651	1.09803921568627	1.23809523809524	1.42028985507246	1.17149866799089	0	1
"93"	"310"	"{ED0B3C26-9CD3-E811-8FB7-74867AD5B714}"	0	1	1	1	14	1	2	3.3	10	2	3.9	9	1	5.5	12	2	3.40458586628116	13.5252166668574	4	4	3	4	0	0	2	0	0	0	0	0	0	0	0	0	0	0	0	0	0	0	0	1	1	1	1	1	1	1	2	7800	1	1	3	2	2	3	1	3	3	2	2	2	4	5	2	1	1	2	2	2	3	0	1	0	0	1	0	0	0	1	1	0	0	1	0	1	0	0	0	1	0	1	0	0	1	0	1	0	1	0	1	1	1	1	0	0	0	0	1	1	1	1	0	0	0	0	0	0	1	1	0	0	1	0	0	1	0	0	1	0	0	1	0	1	0	0	1	1	0	1	0	0	1	0	0	1	0	0	1	0	0	1	0	1	0	0	1	1	0	1	0	0	0	0	1.21212121212121	1.02564102564103	0.545454545454545	1.17488592066829	0	0	0.181818181818182	0	0	0	0	0	0.531546157018551	0.398659617763913	0.797319235527826	1	0.0434782608695653	0.304347826086957	1.39130434782609	0.0889503766439828	0.366666666666667	0.366666666666667	0.366666666666667	0.366666666666667	9	10.6363636363636	15	9.2852341807668	1.11111111111111	0.846153846153846	0.8	1.4566371082889	0	1
"94"	"312"	"{ED8107AB-D1D2-E811-8FB7-74867AD5B714}"	0	1	1	8	12	1	2	7.4	18	2	5.9	20	3	6.1	20	3	5.93585378835139	22.2861666639646	14	24	24	18	2	2	3	1	0	1	1	2	2	2	2	2	0	0	1	1	0	0	0	0	1	1	2	1	1	1	2	11200	4	3	2	2	1	5	2	4	4	4	5	5	4	2	4	3	2	2	3	2	1	0	1	0	0	1	0	0	0	1	1	0	0	1	0	0	0	1	0	0	1	1	0	0	1	0	0	1	0	1	0	0	0	0	1	1	1	1	1	0	0	0	0	1	1	1	0	0	1	0	1	0	0	0	1	0	0	1	0	0	1	0	1	0	1	0	1	0	1	1	0	0	0	1	0	0	1	0	1	0	0	1	0	1	0	1	0	1	0	0	0	1	0	0	1.89189189189189	4.06779661016949	3.9344262295082	3.03241970604523	0	0	0	0	0	0.169491525423729	0.163934426229508	0.336935522893915	0.411739140532865	0.686231900888109	0.686231900888109	1	1	0.0624999999999998	0.75	0.0849086177196185	0.366666666666667	0.366666666666667	0.366666666666667	0.366666666666667	20.1818181818182	16.0909090909091	16.6363636363636	16.1886921500492	0.891891891891892	1.24293785310734	1.20218579234973	1.37665022334104	0	1
"95"	"316"	"{EEAE2D90-E2C7-E811-914C-74867AD5B714}"	0	1	1	1	10	1	2	6.3	15	2	6	17	2	6.8	18	3	6.53285073898882	16.7752333323161	12	10	10	13	3	1	1	3	0	0	0	0	0	2	0	0	0	0	0	0	0	0	1	1	2	1	1	1	1	1	1	12000	1	1	1	4	1	1	2	1	1	1	1	1	2	5	3	2	2	3	3	1	1	0	1	0	0	1	0	0	1	0	1	0	0	1	0	0	1	0	0	0	1	1	0	0	0	1	0	1	0	1	1	0	1	1	0	1	0	0	1	1	1	1	0	0	0	0	0	1	0	0	1	0	0	1	0	0	1	0	0	1	0	0	1	0	1	0	1	0	1	1	0	0	1	0	0	1	0	0	1	0	0	1	0	0	1	0	1	1	0	1	0	0	0	0	1.9047619047619	1.66666666666667	1.47058823529412	1.98994290844799	0	0.166666666666667	0.147058823529412	0	0	0	0	0	0.5	0.833333333333333	1	0.795872222052683	0.444444444444444	0.111111111111111	2	0.703167487765356	0.466666666666667	0.466666666666667	0.466666666666667	0.466666666666667	13.5	12.8571428571429	14.5714285714286	13.9989658692618	1.11111111111111	1.32222222222222	1.23529411764706	1.19831946795087	0	1
"96"	"319"	"{EFEFBCA8-06E9-E811-8FB7-74867AD5B714}"	0	1	1	9	15	4	2	9.3	21	2	9.3	21	0	9.3	21	0	8.33966518322624	29.827999997139	18	18	18	19	5	999	999	3	0	0	0	3	2	999	999	1	0	0	999	999	0	1	1	1	1	1	3	1	2	2	1	16000	4	4	5	2	2	2	5	2	2	5	3	2	3	3	1	1	1	1	1	1	1	0	1	0	0	0	0	1	1	0	1	0	0	1	0	0	1	0	0	1	0	0	1	0	1	0	1	0	0	1	0	0	0	0	1	1	1	1	1	0	0	0	0	1	1	1	0	0	1	0	0	1	0	0	1	0	0	1	0	0	1	0	1	0	1	0	1	0	1	1	0	0	0	0	1	0	0	1	1	0	0	0	1	0	1	0	1	1	0	0	0	0	1	0	1.93548387096774	1.93548387096774	1.93548387096774	2.27826892118105	0.10752688172043	0.10752688172043	0.10752688172043	0	0	0	0	0.359726671765429	0.253635441387018	0.253635441387018	0.253635441387018	1	1	1	1.84878850129471	0.0943098334771895	0.466666666666667	0.466666666666667	0.466666666666667	0.466666666666667	19.9285714285714	19.9285714285714	19.9285714285714	17.8707111069134	1.05376344086022	1.05376344086022	1.05376344086022	1.66909978112734	0	1
"97"	"322"	"{F335C703-FBE4-E811-8FB7-74867AD5B714}"	0	1	1	18	14	1	3	3.6	9	2	4.1	14	3	3.6	17	3	3.27431848157703	8.22366666793823	10	13	13	10	1	1	1	1	0	0	2	0	2	1	1	2	0	0	0	0	0	0	0	1	1	1	1	1	1	1	1	7600	1	5	5	2	2	2	3	2	2	2	2	2	3	5	1	1	3	1	3	1	4	0	0	1	0	1	0	0	1	0	1	0	0	1	0	0	0	1	0	0	1	1	0	0	1	0	1	0	1	0	0	0	0	0	1	1	1	1	1	1	0	1	0	0	1	0	0	0	1	0	1	0	0	1	0	0	1	0	0	1	0	0	1	0	1	0	1	0	1	1	0	0	1	0	0	1	0	0	1	0	0	1	0	1	0	0	1	1	0	0	0	0	0	1	2.77777777777778	3.17073170731707	3.61111111111111	3.05407065814308	0	0	0.277777777777778	0	0	0	0.555555555555556	0	0.320671403023255	0.745251776133721	1	0.254748223866279	0.459857423909877	1	1.4321140608721	0.108028515218025	0.466666666666667	0.466666666666667	0.466666666666667	0.466666666666667	7.71428571428571	8.78571428571428	7.71428571428571	7.01639674623649	1.16666666666667	1.59349593495935	2.2037037037037	1.17206409006864	0	1
"98"	"327"	"{F5FF8EAB-8DC2-E811-914C-74867AD5B714}"	0	1	1	20	16	2	2	4.1	11	2	4.1	11	0	4.1	11	0	4.20167366031133	10.4497166673342	7	7	7	8	1	999	999	2	0	0	0	0	1	999	999	2	0	0	999	999	1	0	1	1	1	1	1	1	1	2	1	9000	4	5	2	2	2	2	4	2	1	2	1	1	1	1	4	3	3	3	3	4	3	0	1	0	0	0	1	0	1	0	1	0	0	1	0	0	1	0	0	1	0	1	0	0	1	0	1	0	1	0	0	0	0	0	1	1	1	1	1	0	0	1	0	1	1	0	0	0	1	1	0	0	0	0	1	0	0	1	0	1	0	0	1	0	1	0	1	0	1	1	0	0	0	0	1	0	0	1	1	0	0	1	0	0	1	0	1	0	1	0	0	0	0	1	1.70731707317073	1.70731707317073	1.70731707317073	1.9040031774879	0	0.24390243902439	0.24390243902439	0.238000397185988	0	0	0	0	1	1	1	0.845002981141618	0.49585057287911	0.49585057287911	4.9585057287911	1	0.466666666666667	0.466666666666667	0.466666666666667	0.466666666666667	8.78571428571428	8.78571428571428	8.78571428571428	9.00358641495285	1.2520325203252	1.2520325203252	1.2520325203252	1.16061713474307	1	0
"99"	"328"	"{F6529BD5-60D1-E811-8FB7-74867AD5B714}"	0	1	1	12	15	1	2	7.1	13	2	7	13	2	6.7	15	3	5.95376092047397	13.582333334287	6	6	10	12	4	4	4	3	0	0	0	0	1	1	1	1	0	0	0	0	0	1	1	0	2	1	1	1	1	1	1	11000	4	4	2	1	2	1	4	1	1	2	1	1	1	3	1	1	1	1	1	1	1	0	1	0	0	1	0	0	1	0	1	0	0	1	0	0	1	0	0	0	1	1	0	0	0	1	1	0	0	1	0	0	0	0	1	1	1	1	1	1	1	1	0	0	0	0	0	0	1	1	0	0	1	0	0	0	1	0	0	1	0	0	1	0	1	0	1	0	1	1	0	0	1	0	0	1	0	0	1	0	0	0	1	0	1	1	0	1	0	0	0	0	1	0	0.845070422535211	0.857142857142857	1.49253731343284	2.01553272969595	0.140845070422535	0.142857142857143	0	0	0	0	0	0	0.6	0.6	1	0.7164666668574	1	0.919758574704597	1.40120712647702	0.080241425295403	0.466666666666667	0.466666666666667	0.466666666666667	0.466666666666667	15.2142857142857	15	14.3571428571429	12.7580591153014	0.854460093896714	0.866666666666667	1.04477611940298	1.06460812036817	1	0
"100"	"332"	"{F8E3D04D-2ADD-E811-8FB7-74867AD5B714}"	0	1	1	2	9	1	4	2.8	8	2	3.1	10	3	2.8	8	0	2.08372605017075	5.13021666606267	5	4	5	5	1	1	999	1	0	0	0	0	2	0	999	2	0	0	0	999	0	0	0	1	1	1	1	1	1	1	1	6500	1	1	5	2	2	2	4	2	2	2	2	2	4	5	3	1	3	2	3	2	4	0	0	0	1	1	0	0	1	0	1	0	0	1	0	0	0	1	0	1	0	1	0	0	1	0	1	0	1	0	0	1	0	0	1	0	1	1	1	1	0	1	0	0	1	0	0	1	0	1	0	0	1	0	0	0	0	1	1	0	0	0	1	0	1	0	1	0	1	1	0	0	1	0	0	0	0	1	1	0	0	1	0	1	0	0	1	1	0	1	0	0	0	0	1.78571428571429	1.29032258064516	1.78571428571429	2.39954767546832	0	0	0.357142857142857	0	0	0	0	0	0.745863397359965	1	0.745863397359965	0.381204903960052	0.73124876734256	1	1.53750246531488	0.0895837442191467	0.466666666666667	0.466666666666667	0.466666666666667	0.466666666666667	6	6.64285714285714	6	4.46512725036589	1.33333333333333	1.50537634408602	1.33333333333333	1.14895195106529	0	1
"101"	"333"	"{F911EA1B-13C1-E811-914C-74867AD5B714}"	0	1	1	26	15	2	3	5.3	17	2	7.4	19	3	6.9	21	3	4.35983905216001	16.182116663456	10	10	8	10	2	1	0	1	0	0	0	3	2	2	2	2	0	1	0	0	0	1	0	0	1	1	3	1	1	2	2	9800	4	5	4	1	2	1	4	1	1	1	1	1	1	4	3	1	3	3	2	1	3	0	0	1	0	0	1	0	0	1	1	0	0	1	0	0	0	1	0	0	1	0	1	0	1	0	1	0	1	0	0	0	0	0	1	1	1	1	1	1	1	0	0	0	0	1	0	0	1	0	1	0	0	1	0	0	1	0	0	1	0	0	1	0	1	1	0	0	1	0	1	0	1	0	0	1	0	0	1	0	0	0	1	1	0	1	0	1	0	0	0	0	0	1	1.88679245283019	1.35135135135135	1.15942028985507	2.29366265138748	0.188679245283019	0	0	0	0	0	0	0.688098795416244	0.488352559406668	0.744176279703334	1	0.383735580444999	0.331244469668181	1	1.12738200577749	0.0318455014443722	0.366666666666667	0.366666666666667	0.366666666666667	0.366666666666667	14.4545454545455	20.1818181818182	18.8181818181818	11.8904701422546	1.17610062893082	0.941441441441441	1.11594202898551	1.36093160908335	1	0
"102"	"334"	"{F9F58B0B-427A-E811-B124-74867AD5B714}"	0	1	1	1	13	0	3	5.9	17	2	6.5	18	2	6.1	22	3	5.7454012249334	18.966733332475	18	15	17	15	1	2	3	2	0	0	2	0	2	2	1	2	0	0	0	0	0	0	0	1	2	1	3	2	1	2	1	11200	1	1	3	1	2	1	4	1	1	1	3	3	2	1	4	4	2	1	2	2	0	0	0	1	0	1	0	0	1	0	1	0	0	1	0	0	1	0	0	0	1	0	1	0	0	1	1	0	1	0	0	0	0	0	1	1	1	1	1	1	0	1	0	0	1	0	0	0	1	0	0	1	0	1	0	0	0	1	0	1	0	0	1	0	1	0	1	0	1	1	0	0	1	0	0	1	0	0	1	0	0	1	0	1	0	0	1	1	0	1	0	0	0	0	3.05084745762712	2.30769230769231	2.78688524590164	2.61078372297208	0	0	0.163934426229508	0	0	0	0.327868852459016	0	0.375	0.5	1	0.620841666559375	0.297916147898479	1	1.58506987675127	0.117013975350253	0.466666666666667	0.466666666666667	0.466666666666667	0.466666666666667	12.6428571428571	13.9285714285714	13.0714285714286	12.3115740534287	1.34463276836158	1.29230769230769	1.68306010928962	1.54056120282953	0	1
"103"	"343"	"{FF2FE1DC-5CD1-E811-8FB7-74867AD5B714}"	0	1	1	33	13	1	3	6	15	2	5.2	16	3	6.2	21	3	4.83019102108556	18.3995000004768	11	8	12	12	5	3	3	2	5	0	0	0	0	0	0	0	0	0	0	0	1	1	1	1	1	1	2	1	2	1	1	10400	3	5	2	2	2	1	4	2	1	2	1	1	1	3	1	1	1	1	1	1	1	0	0	1	0	1	0	0	1	0	1	0	0	1	0	0	0	1	0	0	1	1	0	0	1	0	1	0	0	1	1	1	1	1	0	0	0	0	0	1	1	1	1	0	0	0	0	0	1	0	1	0	0	1	0	0	1	0	0	1	0	0	1	0	1	0	1	0	1	1	0	0	1	0	0	1	0	0	1	0	0	0	1	0	1	0	1	0	1	0	0	0	0	1	1.83333333333333	1.53846153846154	1.93548387096774	2.48437379549082	0.166666666666667	0.192307692307692	0.161290322580645	0.207031149624235	0.833333333333333	0	0	0	0.333333333333333	0.444444444444444	1	0.711055555608533	0.863927896162592	0.319639480812961	1.61232446726834	0.0680360519187037	0.466666666666667	0.466666666666667	0.466666666666667	0.466666666666667	12.8571428571429	11.1428571428571	13.2857142857143	10.3504093308976	1.16666666666667	1.43589743589744	1.58064516129032	1.77765916421792	1	0
